datetime,load_mw,temperature_c
2023-01-01 00:00:00,7.404,17.61
2023-01-01 01:00:00,6.944,14.92
2023-01-01 02:00:00,7.613,18.5
2023-01-01 03:00:00,7.09,18.88
2023-01-01 04:00:00,9.689,13.1
2023-01-01 05:00:00,9.891,14.4
2023-01-01 06:00:00,11.068,17.26
2023-01-01 07:00:00,12.558,16.37
2023-01-01 08:00:00,13.649,16.97
2023-01-01 09:00:00,15.112,15.3
2023-01-01 10:00:00,14.814,18.76
2023-01-01 11:00:00,15.308,18.56
2023-01-01 12:00:00,14.126,17.13
2023-01-01 13:00:00,12.707,19.26
2023-01-01 14:00:00,12.329,17.94
2023-01-01 15:00:00,12.415,15.28
2023-01-01 16:00:00,13.749,17.74
2023-01-01 17:00:00,13.221,15.08
2023-01-01 18:00:00,13.909,18.76
2023-01-01 19:00:00,13.459,16.9
2023-01-01 20:00:00,12.136,16.63
2023-01-01 21:00:00,10.831,15.64
2023-01-01 22:00:00,8.73,19.45
2023-01-01 23:00:00,5.973,16.69
2023-01-02 00:00:00,7.076,16.15
2023-01-02 01:00:00,7.649,16.3
2023-01-02 02:00:00,8.647,18.07
2023-01-02 03:00:00,9.359,17.74
2023-01-02 04:00:00,8.449,17.83
2023-01-02 05:00:00,10.294,17.87
2023-01-02 06:00:00,11.035,21.29
2023-01-02 07:00:00,15.033,16.19
2023-01-02 08:00:00,16.542,15.98
2023-01-02 09:00:00,17.386,15.38
2023-01-02 10:00:00,17.323,18.24
2023-01-02 11:00:00,17.576,19.26
2023-01-02 12:00:00,16.953,16.78
2023-01-02 13:00:00,16.454,15.32
2023-01-02 14:00:00,15.63,15.36
2023-01-02 15:00:00,14.767,18.31
2023-01-02 16:00:00,15.595,18.49
2023-01-02 17:00:00,15.996,18.09
2023-01-02 18:00:00,15.727,15.67
2023-01-02 19:00:00,14.915,17.47
2023-01-02 20:00:00,14.382,17.24
2023-01-02 21:00:00,12.684,17.44
2023-01-02 22:00:00,9.2,18.75
2023-01-02 23:00:00,8.15,17.45
2023-01-03 00:00:00,7.308,18.37
2023-01-03 01:00:00,7.61,17.15
2023-01-03 02:00:00,7.377,17.59
2023-01-03 03:00:00,9.438,18.27
2023-01-03 04:00:00,9.877,14.1
2023-01-03 05:00:00,10.935,16.37
2023-01-03 06:00:00,13.303,16.07
2023-01-03 07:00:00,13.892,15.73
2023-01-03 08:00:00,15.832,16.46
2023-01-03 09:00:00,16.101,20.0
2023-01-03 10:00:00,17.363,15.28
2023-01-03 11:00:00,15.865,18.95
2023-01-03 12:00:00,17.01,13.64
2023-01-03 13:00:00,15.907,16.34
2023-01-03 14:00:00,15.006,17.34
2023-01-03 15:00:00,14.92,18.18
2023-01-03 16:00:00,15.59,18.43
2023-01-03 17:00:00,14.791,18.6
2023-01-03 18:00:00,15.898,16.31
2023-01-03 19:00:00,15.656,16.09
2023-01-03 20:00:00,12.533,18.73
2023-01-03 21:00:00,12.157,16.63
2023-01-03 22:00:00,9.011,14.46
2023-01-03 23:00:00,8.488,14.74
2023-01-04 00:00:00,6.66,15.18
2023-01-04 01:00:00,8.109,18.01
2023-01-04 02:00:00,7.01,17.3
2023-01-04 03:00:00,7.304,18.4
2023-01-04 04:00:00,9.47,16.16
2023-01-04 05:00:00,10.282,17.34
2023-01-04 06:00:00,11.168,18.27
2023-01-04 07:00:00,14.407,16.4
2023-01-04 08:00:00,14.571,17.93
2023-01-04 09:00:00,16.511,15.7
2023-01-04 10:00:00,17.014,16.29
2023-01-04 11:00:00,17.423,16.26
2023-01-04 12:00:00,17.209,14.63
2023-01-04 13:00:00,16.182,17.99
2023-01-04 14:00:00,15.181,16.08
2023-01-04 15:00:00,13.597,17.04
2023-01-04 16:00:00,15.389,17.98
2023-01-04 17:00:00,16.39,17.91
2023-01-04 18:00:00,16.357,18.35
2023-01-04 19:00:00,15.443,16.82
2023-01-04 20:00:00,13.068,16.17
2023-01-04 21:00:00,11.405,16.86
2023-01-04 22:00:00,11.273,13.64
2023-01-04 23:00:00,7.778,14.12
2023-01-05 00:00:00,6.753,14.38
2023-01-05 01:00:00,8.069,15.04
2023-01-05 02:00:00,7.401,17.83
2023-01-05 03:00:00,7.842,15.22
2023-01-05 04:00:00,10.289,16.27
2023-01-05 05:00:00,10.67,19.63
2023-01-05 06:00:00,11.981,16.32
2023-01-05 07:00:00,13.243,18.5
2023-01-05 08:00:00,17.228,15.16
2023-01-05 09:00:00,17.023,16.62
2023-01-05 10:00:00,18.307,15.13
2023-01-05 11:00:00,17.461,16.35
2023-01-05 12:00:00,15.763,18.71
2023-01-05 13:00:00,15.644,13.57
2023-01-05 14:00:00,15.987,17.9
2023-01-05 15:00:00,15.888,17.51
2023-01-05 16:00:00,14.195,15.84
2023-01-05 17:00:00,16.19,14.14
2023-01-05 18:00:00,15.616,17.17
2023-01-05 19:00:00,14.613,15.97
2023-01-05 20:00:00,13.821,17.49
2023-01-05 21:00:00,10.885,17.07
2023-01-05 22:00:00,9.292,20.23
2023-01-05 23:00:00,7.882,16.55
2023-01-06 00:00:00,7.061,15.0
2023-01-06 01:00:00,7.232,17.4
2023-01-06 02:00:00,7.064,17.48
2023-01-06 03:00:00,9.157,19.76
2023-01-06 04:00:00,9.482,18.71
2023-01-06 05:00:00,11.56,17.76
2023-01-06 06:00:00,11.879,19.97
2023-01-06 07:00:00,13.924,14.67
2023-01-06 08:00:00,16.982,15.76
2023-01-06 09:00:00,16.821,15.19
2023-01-06 10:00:00,17.238,16.26
2023-01-06 11:00:00,17.567,14.29
2023-01-06 12:00:00,15.345,18.31
2023-01-06 13:00:00,16.035,16.6
2023-01-06 14:00:00,15.824,14.1
2023-01-06 15:00:00,15.992,15.01
2023-01-06 16:00:00,15.692,17.67
2023-01-06 17:00:00,16.222,18.72
2023-01-06 18:00:00,15.434,21.04
2023-01-06 19:00:00,14.421,22.87
2023-01-06 20:00:00,14.895,17.87
2023-01-06 21:00:00,10.96,15.06
2023-01-06 22:00:00,9.361,12.78
2023-01-06 23:00:00,8.609,17.58
2023-01-07 00:00:00,7.677,15.43
2023-01-07 01:00:00,6.854,16.23
2023-01-07 02:00:00,7.721,15.83
2023-01-07 03:00:00,6.402,16.78
2023-01-07 04:00:00,7.932,19.19
2023-01-07 05:00:00,8.269,17.37
2023-01-07 06:00:00,11.274,16.74
2023-01-07 07:00:00,11.648,14.99
2023-01-07 08:00:00,13.49,13.71
2023-01-07 09:00:00,15.299,16.09
2023-01-07 10:00:00,15.794,16.95
2023-01-07 11:00:00,14.515,20.59
2023-01-07 12:00:00,14.534,17.32
2023-01-07 13:00:00,13.896,19.02
2023-01-07 14:00:00,13.315,16.06
2023-01-07 15:00:00,12.818,14.69
2023-01-07 16:00:00,13.907,15.13
2023-01-07 17:00:00,14.181,15.61
2023-01-07 18:00:00,14.142,21.31
2023-01-07 19:00:00,13.661,15.42
2023-01-07 20:00:00,11.286,18.73
2023-01-07 21:00:00,10.98,15.25
2023-01-07 22:00:00,8.615,18.92
2023-01-07 23:00:00,7.18,17.83
2023-01-08 00:00:00,6.386,16.76
2023-01-08 01:00:00,6.246,16.99
2023-01-08 02:00:00,7.649,15.77
2023-01-08 03:00:00,6.647,17.97
2023-01-08 04:00:00,7.832,16.17
2023-01-08 05:00:00,9.447,14.62
2023-01-08 06:00:00,11.987,14.52
2023-01-08 07:00:00,12.97,17.42
2023-01-08 08:00:00,12.734,20.23
2023-01-08 09:00:00,15.678,17.4
2023-01-08 10:00:00,15.962,16.84
2023-01-08 11:00:00,14.028,17.65
2023-01-08 12:00:00,12.533,19.69
2023-01-08 13:00:00,13.606,17.51
2023-01-08 14:00:00,14.086,16.25
2023-01-08 15:00:00,14.048,19.29
2023-01-08 16:00:00,12.787,17.93
2023-01-08 17:00:00,14.552,20.15
2023-01-08 18:00:00,12.419,17.44
2023-01-08 19:00:00,13.328,14.63
2023-01-08 20:00:00,12.108,14.34
2023-01-08 21:00:00,10.901,20.38
2023-01-08 22:00:00,9.323,20.52
2023-01-08 23:00:00,8.113,16.72
2023-01-09 00:00:00,6.376,16.33
2023-01-09 01:00:00,7.615,20.02
2023-01-09 02:00:00,8.182,14.88
2023-01-09 03:00:00,7.489,15.31
2023-01-09 04:00:00,7.925,18.38
2023-01-09 05:00:00,11.181,16.31
2023-01-09 06:00:00,11.988,17.09
2023-01-09 07:00:00,13.231,16.77
2023-01-09 08:00:00,15.594,17.77
2023-01-09 09:00:00,17.011,19.91
2023-01-09 10:00:00,17.17,17.28
2023-01-09 11:00:00,15.794,18.38
2023-01-09 12:00:00,17.72,13.0
2023-01-09 13:00:00,16.138,17.0
2023-01-09 14:00:00,15.081,15.41
2023-01-09 15:00:00,15.054,14.66
2023-01-09 16:00:00,15.539,15.34
2023-01-09 17:00:00,14.887,16.43
2023-01-09 18:00:00,15.722,18.93
2023-01-09 19:00:00,14.552,14.44
2023-01-09 20:00:00,13.598,17.16
2023-01-09 21:00:00,11.026,16.13
2023-01-09 22:00:00,9.074,16.44
2023-01-09 23:00:00,9.129,19.1
2023-01-10 00:00:00,7.063,18.19
2023-01-10 01:00:00,7.213,19.79
2023-01-10 02:00:00,6.463,16.81
2023-01-10 03:00:00,8.074,15.73
2023-01-10 04:00:00,9.548,16.67
2023-01-10 05:00:00,10.554,17.6
2023-01-10 06:00:00,10.758,17.47
2023-01-10 07:00:00,14.289,14.95
2023-01-10 08:00:00,15.956,17.3
2023-01-10 09:00:00,17.668,17.57
2023-01-10 10:00:00,16.632,22.15
2023-01-10 11:00:00,15.269,20.87
2023-01-10 12:00:00,15.672,15.41
2023-01-10 13:00:00,14.898,16.54
2023-01-10 14:00:00,15.848,14.19
2023-01-10 15:00:00,13.447,15.94
2023-01-10 16:00:00,14.827,17.75
2023-01-10 17:00:00,16.204,19.53
2023-01-10 18:00:00,15.762,15.66
2023-01-10 19:00:00,15.721,15.81
2023-01-10 20:00:00,13.125,12.82
2023-01-10 21:00:00,10.691,16.79
2023-01-10 22:00:00,10.736,14.99
2023-01-10 23:00:00,8.401,16.06
2023-01-11 00:00:00,7.305,15.39
2023-01-11 01:00:00,6.564,16.95
2023-01-11 02:00:00,8.057,13.63
2023-01-11 03:00:00,7.897,14.21
2023-01-11 04:00:00,9.741,21.4
2023-01-11 05:00:00,12.343,14.57
2023-01-11 06:00:00,12.556,14.95
2023-01-11 07:00:00,13.379,20.82
2023-01-11 08:00:00,14.028,22.95
2023-01-11 09:00:00,16.126,14.8
2023-01-11 10:00:00,18.19,16.41
2023-01-11 11:00:00,16.107,17.83
2023-01-11 12:00:00,15.698,20.6
2023-01-11 13:00:00,16.067,15.17
2023-01-11 14:00:00,16.018,16.65
2023-01-11 15:00:00,14.732,18.7
2023-01-11 16:00:00,14.818,18.01
2023-01-11 17:00:00,15.576,16.39
2023-01-11 18:00:00,15.252,16.88
2023-01-11 19:00:00,14.977,14.39
2023-01-11 20:00:00,13.893,16.67
2023-01-11 21:00:00,11.76,16.61
2023-01-11 22:00:00,10.896,17.61
2023-01-11 23:00:00,8.588,16.03
2023-01-12 00:00:00,7.685,18.11
2023-01-12 01:00:00,6.431,19.2
2023-01-12 02:00:00,7.895,17.48
2023-01-12 03:00:00,7.781,17.87
2023-01-12 04:00:00,9.421,17.28
2023-01-12 05:00:00,10.844,17.17
2023-01-12 06:00:00,12.192,15.73
2023-01-12 07:00:00,15.314,17.8
2023-01-12 08:00:00,16.58,16.98
2023-01-12 09:00:00,17.412,21.36
2023-01-12 10:00:00,17.468,20.32
2023-01-12 11:00:00,17.755,17.94
2023-01-12 12:00:00,15.346,15.64
2023-01-12 13:00:00,16.5,14.95
2023-01-12 14:00:00,14.333,19.55
2023-01-12 15:00:00,14.555,17.7
2023-01-12 16:00:00,15.37,18.13
2023-01-12 17:00:00,16.555,13.68
2023-01-12 18:00:00,14.777,19.02
2023-01-12 19:00:00,14.654,18.08
2023-01-12 20:00:00,13.854,14.95
2023-01-12 21:00:00,11.552,16.23
2023-01-12 22:00:00,10.103,17.7
2023-01-12 23:00:00,10.26,17.28
2023-01-13 00:00:00,7.336,16.62
2023-01-13 01:00:00,6.749,16.99
2023-01-13 02:00:00,6.842,16.7
2023-01-13 03:00:00,8.024,17.5
2023-01-13 04:00:00,8.448,20.14
2023-01-13 05:00:00,11.293,12.07
2023-01-13 06:00:00,12.32,16.73
2023-01-13 07:00:00,13.587,17.55
2023-01-13 08:00:00,16.832,17.79
2023-01-13 09:00:00,16.486,16.46
2023-01-13 10:00:00,17.447,13.69
2023-01-13 11:00:00,17.065,17.86
2023-01-13 12:00:00,16.413,20.65
2023-01-13 13:00:00,16.52,14.13
2023-01-13 14:00:00,15.191,18.93
2023-01-13 15:00:00,15.592,16.54
2023-01-13 16:00:00,14.686,17.08
2023-01-13 17:00:00,16.173,15.09
2023-01-13 18:00:00,16.159,16.53
2023-01-13 19:00:00,15.763,19.8
2023-01-13 20:00:00,12.481,18.36
2023-01-13 21:00:00,10.845,20.66
2023-01-13 22:00:00,9.963,19.55
2023-01-13 23:00:00,6.53,18.08
2023-01-14 00:00:00,6.538,20.72
2023-01-14 01:00:00,7.103,18.11
2023-01-14 02:00:00,6.422,18.89
2023-01-14 03:00:00,7.225,16.64
2023-01-14 04:00:00,7.569,17.36
2023-01-14 05:00:00,9.085,15.84
2023-01-14 06:00:00,10.224,19.21
2023-01-14 07:00:00,12.052,14.87
2023-01-14 08:00:00,13.219,18.8
2023-01-14 09:00:00,14.633,16.85
2023-01-14 10:00:00,14.702,19.57
2023-01-14 11:00:00,15.677,18.73
2023-01-14 12:00:00,13.662,20.87
2023-01-14 13:00:00,13.668,18.69
2023-01-14 14:00:00,13.189,14.09
2023-01-14 15:00:00,12.758,17.1
2023-01-14 16:00:00,12.445,14.89
2023-01-14 17:00:00,12.686,16.19
2023-01-14 18:00:00,12.775,20.25
2023-01-14 19:00:00,13.207,18.51
2023-01-14 20:00:00,12.725,15.83
2023-01-14 21:00:00,9.371,15.2
2023-01-14 22:00:00,8.26,17.3
2023-01-14 23:00:00,6.798,14.8
2023-01-15 00:00:00,6.341,15.92
2023-01-15 01:00:00,7.102,17.89
2023-01-15 02:00:00,6.444,19.58
2023-01-15 03:00:00,7.299,18.48
2023-01-15 04:00:00,9.584,12.68
2023-01-15 05:00:00,9.48,17.87
2023-01-15 06:00:00,10.145,17.41
2023-01-15 07:00:00,12.248,18.09
2023-01-15 08:00:00,13.076,20.5
2023-01-15 09:00:00,15.439,13.14
2023-01-15 10:00:00,15.39,16.08
2023-01-15 11:00:00,13.723,18.45
2023-01-15 12:00:00,14.468,14.1
2023-01-15 13:00:00,13.305,20.22
2023-01-15 14:00:00,13.464,18.0
2023-01-15 15:00:00,13.468,18.96
2023-01-15 16:00:00,13.601,16.12
2023-01-15 17:00:00,13.229,18.89
2023-01-15 18:00:00,14.064,19.4
2023-01-15 19:00:00,12.596,17.73
2023-01-15 20:00:00,11.103,17.73
2023-01-15 21:00:00,8.273,17.81
2023-01-15 22:00:00,8.68,15.54
2023-01-15 23:00:00,6.888,16.97
2023-01-16 00:00:00,7.217,17.0
2023-01-16 01:00:00,5.856,18.07
2023-01-16 02:00:00,6.991,19.3
2023-01-16 03:00:00,8.637,15.18
2023-01-16 04:00:00,8.488,17.05
2023-01-16 05:00:00,10.418,20.26
2023-01-16 06:00:00,11.724,15.81
2023-01-16 07:00:00,13.935,15.66
2023-01-16 08:00:00,15.93,17.71
2023-01-16 09:00:00,17.251,18.99
2023-01-16 10:00:00,17.122,17.32
2023-01-16 11:00:00,16.015,19.96
2023-01-16 12:00:00,15.586,19.02
2023-01-16 13:00:00,15.639,18.99
2023-01-16 14:00:00,14.275,18.41
2023-01-16 15:00:00,14.543,21.96
2023-01-16 16:00:00,14.795,16.89
2023-01-16 17:00:00,15.71,13.29
2023-01-16 18:00:00,14.715,20.51
2023-01-16 19:00:00,13.884,16.39
2023-01-16 20:00:00,13.776,17.52
2023-01-16 21:00:00,11.914,19.92
2023-01-16 22:00:00,8.771,14.1
2023-01-16 23:00:00,8.56,14.8
2023-01-17 00:00:00,7.895,14.14
2023-01-17 01:00:00,7.557,15.75
2023-01-17 02:00:00,7.157,18.22
2023-01-17 03:00:00,7.493,18.39
2023-01-17 04:00:00,9.066,17.89
2023-01-17 05:00:00,10.718,14.51
2023-01-17 06:00:00,12.471,12.72
2023-01-17 07:00:00,13.663,17.45
2023-01-17 08:00:00,14.999,16.4
2023-01-17 09:00:00,16.945,18.26
2023-01-17 10:00:00,17.231,18.74
2023-01-17 11:00:00,16.716,17.62
2023-01-17 12:00:00,15.907,18.86
2023-01-17 13:00:00,16.305,17.8
2023-01-17 14:00:00,14.486,18.4
2023-01-17 15:00:00,15.685,15.93
2023-01-17 16:00:00,14.551,16.98
2023-01-17 17:00:00,15.949,17.73
2023-01-17 18:00:00,16.088,18.98
2023-01-17 19:00:00,14.777,16.55
2023-01-17 20:00:00,14.376,18.38
2023-01-17 21:00:00,11.771,16.81
2023-01-17 22:00:00,8.984,17.11
2023-01-17 23:00:00,7.744,19.0
2023-01-18 00:00:00,7.993,13.39
2023-01-18 01:00:00,7.828,14.79
2023-01-18 02:00:00,7.089,14.42
2023-01-18 03:00:00,8.532,12.71
2023-01-18 04:00:00,9.261,16.02
2023-01-18 05:00:00,9.865,18.88
2023-01-18 06:00:00,13.325,16.81
2023-01-18 07:00:00,13.859,17.78
2023-01-18 08:00:00,15.379,19.56
2023-01-18 09:00:00,17.295,20.04
2023-01-18 10:00:00,16.796,17.24
2023-01-18 11:00:00,17.046,20.09
2023-01-18 12:00:00,14.889,17.57
2023-01-18 13:00:00,15.172,15.71
2023-01-18 14:00:00,15.627,16.19
2023-01-18 15:00:00,15.994,14.42
2023-01-18 16:00:00,14.624,15.6
2023-01-18 17:00:00,14.803,16.66
2023-01-18 18:00:00,15.658,18.99
2023-01-18 19:00:00,14.323,20.82
2023-01-18 20:00:00,13.52,14.62
2023-01-18 21:00:00,11.888,18.17
2023-01-18 22:00:00,9.322,15.3
2023-01-18 23:00:00,6.795,18.33
2023-01-19 00:00:00,6.097,17.16
2023-01-19 01:00:00,7.377,13.76
2023-01-19 02:00:00,6.174,19.28
2023-01-19 03:00:00,7.985,16.21
2023-01-19 04:00:00,8.242,16.36
2023-01-19 05:00:00,11.406,15.28
2023-01-19 06:00:00,13.24,16.12
2023-01-19 07:00:00,13.021,18.28
2023-01-19 08:00:00,15.688,17.05
2023-01-19 09:00:00,16.066,18.08
2023-01-19 10:00:00,16.737,18.15
2023-01-19 11:00:00,17.494,20.07
2023-01-19 12:00:00,15.643,16.74
2023-01-19 13:00:00,15.379,14.47
2023-01-19 14:00:00,14.179,19.56
2023-01-19 15:00:00,15.469,16.76
2023-01-19 16:00:00,12.816,19.65
2023-01-19 17:00:00,14.929,18.19
2023-01-19 18:00:00,15.374,17.16
2023-01-19 19:00:00,14.379,18.12
2023-01-19 20:00:00,13.736,21.33
2023-01-19 21:00:00,11.936,21.58
2023-01-19 22:00:00,8.569,17.56
2023-01-19 23:00:00,9.237,17.74
2023-01-20 00:00:00,5.85,19.62
2023-01-20 01:00:00,7.878,15.78
2023-01-20 02:00:00,7.41,18.14
2023-01-20 03:00:00,7.729,17.42
2023-01-20 04:00:00,8.666,18.1
2023-01-20 05:00:00,10.316,15.8
2023-01-20 06:00:00,12.233,14.29
2023-01-20 07:00:00,13.563,13.32
2023-01-20 08:00:00,15.532,15.23
2023-01-20 09:00:00,16.262,16.55
2023-01-20 10:00:00,16.252,16.88
2023-01-20 11:00:00,15.863,21.34
2023-01-20 12:00:00,15.022,19.68
2023-01-20 13:00:00,15.146,15.55
2023-01-20 14:00:00,15.042,18.16
2023-01-20 15:00:00,14.83,16.66
2023-01-20 16:00:00,16.09,16.9
2023-01-20 17:00:00,13.858,17.84
2023-01-20 18:00:00,15.551,18.71
2023-01-20 19:00:00,14.844,16.79
2023-01-20 20:00:00,13.718,19.6
2023-01-20 21:00:00,11.983,15.19
2023-01-20 22:00:00,9.291,17.48
2023-01-20 23:00:00,7.911,22.66
2023-01-21 00:00:00,5.709,17.96
2023-01-21 01:00:00,6.531,20.38
2023-01-21 02:00:00,5.506,17.7
2023-01-21 03:00:00,7.603,18.68
2023-01-21 04:00:00,7.992,17.4
2023-01-21 05:00:00,8.784,17.18
2023-01-21 06:00:00,10.405,15.96
2023-01-21 07:00:00,11.861,18.38
2023-01-21 08:00:00,14.46,15.81
2023-01-21 09:00:00,16.399,18.85
2023-01-21 10:00:00,15.396,19.69
2023-01-21 11:00:00,14.036,18.25
2023-01-21 12:00:00,14.267,16.94
2023-01-21 13:00:00,13.676,18.42
2023-01-21 14:00:00,12.483,16.9
2023-01-21 15:00:00,12.013,19.39
2023-01-21 16:00:00,13.351,13.85
2023-01-21 17:00:00,13.852,16.85
2023-01-21 18:00:00,12.877,13.54
2023-01-21 19:00:00,12.809,14.53
2023-01-21 20:00:00,11.939,20.24
2023-01-21 21:00:00,9.952,19.31
2023-01-21 22:00:00,9.338,16.08
2023-01-21 23:00:00,6.6,14.51
2023-01-22 00:00:00,8.26,11.64
2023-01-22 01:00:00,5.428,16.48
2023-01-22 02:00:00,5.235,22.41
2023-01-22 03:00:00,7.08,18.44
2023-01-22 04:00:00,7.368,16.45
2023-01-22 05:00:00,8.93,18.5
2023-01-22 06:00:00,10.63,14.44
2023-01-22 07:00:00,11.901,16.97
2023-01-22 08:00:00,12.978,17.77
2023-01-22 09:00:00,14.774,17.39
2023-01-22 10:00:00,14.461,19.15
2023-01-22 11:00:00,15.002,18.26
2023-01-22 12:00:00,13.618,18.9
2023-01-22 13:00:00,12.827,16.19
2023-01-22 14:00:00,11.838,19.36
2023-01-22 15:00:00,12.588,20.82
2023-01-22 16:00:00,12.387,15.63
2023-01-22 17:00:00,12.618,15.79
2023-01-22 18:00:00,13.577,20.24
2023-01-22 19:00:00,11.879,17.18
2023-01-22 20:00:00,12.404,20.37
2023-01-22 21:00:00,10.157,16.68
2023-01-22 22:00:00,8.166,20.48
2023-01-22 23:00:00,6.482,17.83
2023-01-23 00:00:00,7.132,18.14
2023-01-23 01:00:00,6.702,20.75
2023-01-23 02:00:00,6.893,16.9
2023-01-23 03:00:00,8.192,15.74
2023-01-23 04:00:00,7.899,16.72
2023-01-23 05:00:00,9.04,18.52
2023-01-23 06:00:00,11.307,14.49
2023-01-23 07:00:00,13.696,18.89
2023-01-23 08:00:00,15.438,16.54
2023-01-23 09:00:00,17.047,19.91
2023-01-23 10:00:00,16.788,12.83
2023-01-23 11:00:00,16.874,16.05
2023-01-23 12:00:00,15.978,14.25
2023-01-23 13:00:00,14.686,15.97
2023-01-23 14:00:00,14.912,18.11
2023-01-23 15:00:00,14.565,17.26
2023-01-23 16:00:00,14.407,17.11
2023-01-23 17:00:00,15.144,17.3
2023-01-23 18:00:00,15.127,18.03
2023-01-23 19:00:00,14.754,15.6
2023-01-23 20:00:00,12.901,19.03
2023-01-23 21:00:00,10.369,18.94
2023-01-23 22:00:00,9.272,18.39
2023-01-23 23:00:00,7.303,18.73
2023-01-24 00:00:00,6.016,18.27
2023-01-24 01:00:00,6.51,21.74
2023-01-24 02:00:00,7.661,17.5
2023-01-24 03:00:00,8.028,17.06
2023-01-24 04:00:00,8.602,16.17
2023-01-24 05:00:00,9.871,15.61
2023-01-24 06:00:00,12.244,15.18
2023-01-24 07:00:00,12.231,15.9
2023-01-24 08:00:00,15.802,17.53
2023-01-24 09:00:00,15.328,18.34
2023-01-24 10:00:00,15.923,17.78
2023-01-24 11:00:00,16.174,16.14
2023-01-24 12:00:00,16.881,19.47
2023-01-24 13:00:00,15.994,19.15
2023-01-24 14:00:00,15.119,17.35
2023-01-24 15:00:00,14.855,16.37
2023-01-24 16:00:00,13.522,18.77
2023-01-24 17:00:00,15.123,18.05
2023-01-24 18:00:00,15.129,14.78
2023-01-24 19:00:00,14.15,17.54
2023-01-24 20:00:00,13.249,18.2
2023-01-24 21:00:00,11.057,15.87
2023-01-24 22:00:00,9.731,18.05
2023-01-24 23:00:00,6.92,14.76
2023-01-25 00:00:00,6.543,20.4
2023-01-25 01:00:00,6.113,20.23
2023-01-25 02:00:00,6.957,17.22
2023-01-25 03:00:00,7.966,18.46
2023-01-25 04:00:00,8.6,12.91
2023-01-25 05:00:00,10.294,15.42
2023-01-25 06:00:00,11.513,17.14
2023-01-25 07:00:00,13.266,15.59
2023-01-25 08:00:00,14.908,19.16
2023-01-25 09:00:00,16.214,21.72
2023-01-25 10:00:00,16.481,15.38
2023-01-25 11:00:00,16.456,16.05
2023-01-25 12:00:00,15.438,18.2
2023-01-25 13:00:00,14.526,20.95
2023-01-25 14:00:00,15.799,15.28
2023-01-25 15:00:00,14.712,18.23
2023-01-25 16:00:00,14.291,21.37
2023-01-25 17:00:00,15.412,14.43
2023-01-25 18:00:00,14.76,15.17
2023-01-25 19:00:00,14.39,16.88
2023-01-25 20:00:00,13.036,16.69
2023-01-25 21:00:00,10.309,19.35
2023-01-25 22:00:00,9.394,18.21
2023-01-25 23:00:00,7.81,14.18
2023-01-26 00:00:00,6.306,18.82
2023-01-26 01:00:00,6.465,16.63
2023-01-26 02:00:00,8.778,20.34
2023-01-26 03:00:00,7.485,16.53
2023-01-26 04:00:00,7.569,16.51
2023-01-26 05:00:00,8.927,18.87
2023-01-26 06:00:00,11.925,19.31
2023-01-26 07:00:00,14.183,18.68
2023-01-26 08:00:00,15.137,14.42
2023-01-26 09:00:00,17.113,18.86
2023-01-26 10:00:00,17.312,15.72
2023-01-26 11:00:00,16.128,18.26
2023-01-26 12:00:00,15.692,14.94
2023-01-26 13:00:00,15.041,18.68
2023-01-26 14:00:00,15.242,16.17
2023-01-26 15:00:00,14.915,15.22
2023-01-26 16:00:00,14.133,19.22
2023-01-26 17:00:00,14.833,18.27
2023-01-26 18:00:00,16.388,16.56
2023-01-26 19:00:00,14.567,20.69
2023-01-26 20:00:00,13.691,16.91
2023-01-26 21:00:00,11.423,17.85
2023-01-26 22:00:00,9.279,18.33
2023-01-26 23:00:00,7.887,16.55
2023-01-27 00:00:00,7.018,18.79
2023-01-27 01:00:00,7.184,16.78
2023-01-27 02:00:00,7.296,17.03
2023-01-27 03:00:00,7.202,20.57
2023-01-27 04:00:00,9.071,15.77
2023-01-27 05:00:00,10.372,13.02
2023-01-27 06:00:00,11.193,21.07
2023-01-27 07:00:00,14.867,22.95
2023-01-27 08:00:00,14.318,17.04
2023-01-27 09:00:00,17.316,13.97
2023-01-27 10:00:00,16.175,17.23
2023-01-27 11:00:00,16.346,17.28
2023-01-27 12:00:00,17.114,17.47
2023-01-27 13:00:00,14.552,15.62
2023-01-27 14:00:00,14.041,19.01
2023-01-27 15:00:00,14.335,18.9
2023-01-27 16:00:00,14.336,14.86
2023-01-27 17:00:00,15.376,19.25
2023-01-27 18:00:00,14.601,21.95
2023-01-27 19:00:00,14.87,18.19
2023-01-27 20:00:00,12.31,17.17
2023-01-27 21:00:00,9.994,17.56
2023-01-27 22:00:00,8.897,19.08
2023-01-27 23:00:00,7.066,14.39
2023-01-28 00:00:00,6.78,18.24
2023-01-28 01:00:00,5.144,17.13
2023-01-28 02:00:00,5.595,21.61
2023-01-28 03:00:00,7.185,17.56
2023-01-28 04:00:00,7.22,21.25
2023-01-28 05:00:00,8.027,15.7
2023-01-28 06:00:00,11.275,19.09
2023-01-28 07:00:00,11.076,18.55
2023-01-28 08:00:00,13.26,16.17
2023-01-28 09:00:00,14.096,18.27
2023-01-28 10:00:00,14.8,20.34
2023-01-28 11:00:00,14.45,17.26
2023-01-28 12:00:00,13.365,14.53
2023-01-28 13:00:00,12.841,17.88
2023-01-28 14:00:00,12.702,16.11
2023-01-28 15:00:00,13.078,17.23
2023-01-28 16:00:00,12.032,17.75
2023-01-28 17:00:00,14.546,14.5
2023-01-28 18:00:00,12.974,14.68
2023-01-28 19:00:00,12.598,18.88
2023-01-28 20:00:00,10.816,16.87
2023-01-28 21:00:00,9.501,12.78
2023-01-28 22:00:00,7.465,19.48
2023-01-28 23:00:00,6.247,18.46
2023-01-29 00:00:00,5.702,16.55
2023-01-29 01:00:00,5.596,15.34
2023-01-29 02:00:00,6.635,19.65
2023-01-29 03:00:00,6.355,18.68
2023-01-29 04:00:00,6.993,22.74
2023-01-29 05:00:00,8.423,18.82
2023-01-29 06:00:00,10.62,18.75
2023-01-29 07:00:00,11.82,17.64
2023-01-29 08:00:00,13.049,19.61
2023-01-29 09:00:00,13.269,19.23
2023-01-29 10:00:00,13.641,20.48
2023-01-29 11:00:00,13.389,16.93
2023-01-29 12:00:00,14.348,17.11
2023-01-29 13:00:00,13.375,17.02
2023-01-29 14:00:00,12.049,19.56
2023-01-29 15:00:00,12.073,20.97
2023-01-29 16:00:00,12.246,17.06
2023-01-29 17:00:00,12.501,17.13
2023-01-29 18:00:00,13.327,18.6
2023-01-29 19:00:00,12.473,17.48
2023-01-29 20:00:00,12.543,19.88
2023-01-29 21:00:00,10.889,13.47
2023-01-29 22:00:00,8.939,16.32
2023-01-29 23:00:00,7.339,16.41
2023-01-30 00:00:00,6.606,13.4
2023-01-30 01:00:00,7.042,16.12
2023-01-30 02:00:00,6.87,16.21
2023-01-30 03:00:00,8.604,17.64
2023-01-30 04:00:00,8.667,20.27
2023-01-30 05:00:00,9.955,17.55
2023-01-30 06:00:00,11.609,15.98
2023-01-30 07:00:00,14.3,17.93
2023-01-30 08:00:00,14.083,20.14
2023-01-30 09:00:00,17.479,16.09
2023-01-30 10:00:00,16.537,16.22
2023-01-30 11:00:00,15.181,19.16
2023-01-30 12:00:00,14.983,17.6
2023-01-30 13:00:00,13.741,19.34
2023-01-30 14:00:00,14.794,18.02
2023-01-30 15:00:00,13.569,19.45
2023-01-30 16:00:00,14.7,15.97
2023-01-30 17:00:00,15.464,18.02
2023-01-30 18:00:00,14.543,17.62
2023-01-30 19:00:00,14.399,15.61
2023-01-30 20:00:00,12.412,14.92
2023-01-30 21:00:00,10.612,19.41
2023-01-30 22:00:00,10.555,17.34
2023-01-30 23:00:00,8.169,16.0
2023-01-31 00:00:00,6.198,17.92
2023-01-31 01:00:00,6.015,20.37
2023-01-31 02:00:00,7.312,13.55
2023-01-31 03:00:00,7.885,15.12
2023-01-31 04:00:00,8.367,16.27
2023-01-31 05:00:00,9.92,21.03
2023-01-31 06:00:00,10.714,18.68
2023-01-31 07:00:00,12.548,19.65
2023-01-31 08:00:00,15.398,15.83
2023-01-31 09:00:00,15.652,15.87
2023-01-31 10:00:00,16.846,19.01
2023-01-31 11:00:00,16.021,18.23
2023-01-31 12:00:00,14.2,19.21
2023-01-31 13:00:00,14.841,17.74
2023-01-31 14:00:00,13.308,18.67
2023-01-31 15:00:00,14.613,18.43
2023-01-31 16:00:00,14.157,19.67
2023-01-31 17:00:00,15.764,19.73
2023-01-31 18:00:00,15.797,14.87
2023-01-31 19:00:00,14.114,13.62
2023-01-31 20:00:00,11.564,20.12
2023-01-31 21:00:00,10.312,20.49
2023-01-31 22:00:00,8.341,16.07
2023-01-31 23:00:00,8.928,14.39
2023-02-01 00:00:00,6.277,18.38
2023-02-01 01:00:00,6.906,20.05
2023-02-01 02:00:00,6.55,21.78
2023-02-01 03:00:00,7.337,19.22
2023-02-01 04:00:00,8.457,17.44
2023-02-01 05:00:00,10.464,16.4
2023-02-01 06:00:00,11.454,18.21
2023-02-01 07:00:00,12.555,17.58
2023-02-01 08:00:00,16.073,16.15
2023-02-01 09:00:00,15.832,22.28
2023-02-01 10:00:00,16.018,21.75
2023-02-01 11:00:00,14.191,20.46
2023-02-01 12:00:00,15.826,16.34
2023-02-01 13:00:00,14.681,19.89
2023-02-01 14:00:00,14.296,19.46
2023-02-01 15:00:00,13.876,19.07
2023-02-01 16:00:00,13.886,20.68
2023-02-01 17:00:00,14.396,19.45
2023-02-01 18:00:00,15.024,19.66
2023-02-01 19:00:00,14.578,19.46
2023-02-01 20:00:00,12.642,18.86
2023-02-01 21:00:00,11.707,14.62
2023-02-01 22:00:00,8.806,18.35
2023-02-01 23:00:00,7.216,17.07
2023-02-02 00:00:00,6.569,15.7
2023-02-02 01:00:00,5.454,21.62
2023-02-02 02:00:00,6.814,21.71
2023-02-02 03:00:00,6.42,20.97
2023-02-02 04:00:00,7.73,18.77
2023-02-02 05:00:00,8.3,20.96
2023-02-02 06:00:00,11.111,18.28
2023-02-02 07:00:00,14.041,18.66
2023-02-02 08:00:00,14.99,16.07
2023-02-02 09:00:00,16.416,19.05
2023-02-02 10:00:00,17.761,18.38
2023-02-02 11:00:00,16.388,15.65
2023-02-02 12:00:00,14.802,18.15
2023-02-02 13:00:00,14.283,18.1
2023-02-02 14:00:00,14.139,21.85
2023-02-02 15:00:00,13.654,20.04
2023-02-02 16:00:00,13.947,18.28
2023-02-02 17:00:00,15.195,18.75
2023-02-02 18:00:00,15.379,18.34
2023-02-02 19:00:00,13.246,17.85
2023-02-02 20:00:00,12.444,16.09
2023-02-02 21:00:00,10.507,17.95
2023-02-02 22:00:00,9.279,16.76
2023-02-02 23:00:00,8.275,15.76
2023-02-03 00:00:00,7.762,19.35
2023-02-03 01:00:00,6.009,19.11
2023-02-03 02:00:00,6.797,14.76
2023-02-03 03:00:00,7.765,18.09
2023-02-03 04:00:00,7.829,20.32
2023-02-03 05:00:00,9.39,20.45
2023-02-03 06:00:00,10.83,20.38
2023-02-03 07:00:00,11.469,18.41
2023-02-03 08:00:00,15.036,16.64
2023-02-03 09:00:00,16.076,16.16
2023-02-03 10:00:00,17.031,19.02
2023-02-03 11:00:00,15.847,19.09
2023-02-03 12:00:00,14.352,20.91
2023-02-03 13:00:00,14.353,20.53
2023-02-03 14:00:00,12.96,18.07
2023-02-03 15:00:00,13.532,15.84
2023-02-03 16:00:00,14.654,17.69
2023-02-03 17:00:00,14.408,18.77
2023-02-03 18:00:00,15.295,17.93
2023-02-03 19:00:00,13.055,17.18
2023-02-03 20:00:00,12.543,18.84
2023-02-03 21:00:00,10.497,17.32
2023-02-03 22:00:00,9.421,17.08
2023-02-03 23:00:00,7.708,18.95
2023-02-04 00:00:00,5.977,17.6
2023-02-04 01:00:00,6.555,18.9
2023-02-04 02:00:00,5.751,18.96
2023-02-04 03:00:00,7.537,16.13
2023-02-04 04:00:00,6.788,17.45
2023-02-04 05:00:00,7.657,21.28
2023-02-04 06:00:00,10.396,16.08
2023-02-04 07:00:00,10.85,14.18
2023-02-04 08:00:00,13.559,14.68
2023-02-04 09:00:00,13.952,18.47
2023-02-04 10:00:00,14.775,18.47
2023-02-04 11:00:00,13.756,18.17
2023-02-04 12:00:00,13.141,20.84
2023-02-04 13:00:00,13.526,13.06
2023-02-04 14:00:00,11.907,19.2
2023-02-04 15:00:00,11.705,21.53
2023-02-04 16:00:00,12.828,16.15
2023-02-04 17:00:00,12.7,17.65
2023-02-04 18:00:00,12.646,16.9
2023-02-04 19:00:00,12.388,16.62
2023-02-04 20:00:00,12.083,17.76
2023-02-04 21:00:00,9.02,21.26
2023-02-04 22:00:00,7.337,22.08
2023-02-04 23:00:00,5.531,17.74
2023-02-05 00:00:00,5.363,22.3
2023-02-05 01:00:00,5.994,18.56
2023-02-05 02:00:00,6.351,22.0
2023-02-05 03:00:00,6.587,18.3
2023-02-05 04:00:00,7.858,18.75
2023-02-05 05:00:00,8.754,19.22
2023-02-05 06:00:00,10.348,24.85
2023-02-05 07:00:00,11.831,20.19
2023-02-05 08:00:00,13.875,17.07
2023-02-05 09:00:00,13.66,20.43
2023-02-05 10:00:00,13.331,17.76
2023-02-05 11:00:00,14.186,17.51
2023-02-05 12:00:00,13.539,20.3
2023-02-05 13:00:00,13.571,18.55
2023-02-05 14:00:00,13.032,19.04
2023-02-05 15:00:00,13.343,18.52
2023-02-05 16:00:00,12.658,19.16
2023-02-05 17:00:00,12.712,19.34
2023-02-05 18:00:00,12.239,14.61
2023-02-05 19:00:00,12.381,19.82
2023-02-05 20:00:00,10.842,16.52
2023-02-05 21:00:00,9.687,15.6
2023-02-05 22:00:00,7.71,18.37
2023-02-05 23:00:00,6.734,18.66
2023-02-06 00:00:00,6.066,17.18
2023-02-06 01:00:00,6.662,20.23
2023-02-06 02:00:00,5.147,15.88
2023-02-06 03:00:00,7.402,17.75
2023-02-06 04:00:00,8.962,17.4
2023-02-06 05:00:00,10.531,18.48
2023-02-06 06:00:00,11.418,19.13
2023-02-06 07:00:00,14.042,16.55
2023-02-06 08:00:00,14.719,20.02
2023-02-06 09:00:00,15.857,18.69
2023-02-06 10:00:00,16.786,14.78
2023-02-06 11:00:00,16.061,14.65
2023-02-06 12:00:00,14.576,18.54
2023-02-06 13:00:00,14.156,18.13
2023-02-06 14:00:00,13.384,18.36
2023-02-06 15:00:00,14.224,18.51
2023-02-06 16:00:00,14.056,19.02
2023-02-06 17:00:00,14.129,20.46
2023-02-06 18:00:00,14.379,16.35
2023-02-06 19:00:00,14.474,16.22
2023-02-06 20:00:00,13.184,16.38
2023-02-06 21:00:00,9.849,19.15
2023-02-06 22:00:00,7.742,21.06
2023-02-06 23:00:00,7.805,17.71
2023-02-07 00:00:00,5.622,13.65
2023-02-07 01:00:00,6.72,15.24
2023-02-07 02:00:00,7.603,16.99
2023-02-07 03:00:00,8.225,17.54
2023-02-07 04:00:00,8.603,17.83
2023-02-07 05:00:00,9.771,18.73
2023-02-07 06:00:00,12.341,18.03
2023-02-07 07:00:00,11.356,20.75
2023-02-07 08:00:00,14.435,17.3
2023-02-07 09:00:00,16.433,16.93
2023-02-07 10:00:00,15.846,19.61
2023-02-07 11:00:00,16.654,15.58
2023-02-07 12:00:00,14.93,19.43
2023-02-07 13:00:00,14.454,18.86
2023-02-07 14:00:00,13.837,18.36
2023-02-07 15:00:00,13.447,21.83
2023-02-07 16:00:00,13.769,17.41
2023-02-07 17:00:00,14.445,22.77
2023-02-07 18:00:00,14.064,18.2
2023-02-07 19:00:00,14.705,16.1
2023-02-07 20:00:00,12.888,18.79
2023-02-07 21:00:00,11.314,16.5
2023-02-07 22:00:00,7.969,17.15
2023-02-07 23:00:00,6.068,19.45
2023-02-08 00:00:00,5.874,19.85
2023-02-08 01:00:00,7.878,17.49
2023-02-08 02:00:00,7.155,20.71
2023-02-08 03:00:00,6.719,21.05
2023-02-08 04:00:00,8.227,21.61
2023-02-08 05:00:00,9.685,19.79
2023-02-08 06:00:00,9.994,21.46
2023-02-08 07:00:00,13.911,14.97
2023-02-08 08:00:00,14.508,18.1
2023-02-08 09:00:00,15.813,17.0
2023-02-08 10:00:00,16.04,18.97
2023-02-08 11:00:00,16.373,17.59
2023-02-08 12:00:00,14.501,18.4
2023-02-08 13:00:00,13.223,22.5
2023-02-08 14:00:00,14.143,18.4
2023-02-08 15:00:00,12.532,19.56
2023-02-08 16:00:00,13.809,18.27
2023-02-08 17:00:00,15.017,18.89
2023-02-08 18:00:00,14.796,18.75
2023-02-08 19:00:00,14.474,19.63
2023-02-08 20:00:00,12.743,21.07
2023-02-08 21:00:00,11.809,22.03
2023-02-08 22:00:00,8.111,19.36
2023-02-08 23:00:00,7.259,19.92
2023-02-09 00:00:00,5.766,16.52
2023-02-09 01:00:00,6.59,18.65
2023-02-09 02:00:00,6.308,20.7
2023-02-09 03:00:00,8.042,20.55
2023-02-09 04:00:00,7.663,19.25
2023-02-09 05:00:00,10.019,20.6
2023-02-09 06:00:00,11.157,19.8
2023-02-09 07:00:00,12.629,21.22
2023-02-09 08:00:00,14.816,19.4
2023-02-09 09:00:00,15.895,18.11
2023-02-09 10:00:00,16.166,19.49
2023-02-09 11:00:00,16.01,12.96
2023-02-09 12:00:00,14.425,19.59
2023-02-09 13:00:00,14.872,11.53
2023-02-09 14:00:00,13.136,15.38
2023-02-09 15:00:00,14.206,19.73
2023-02-09 16:00:00,13.126,19.78
2023-02-09 17:00:00,14.288,16.5
2023-02-09 18:00:00,14.871,17.4
2023-02-09 19:00:00,14.259,21.56
2023-02-09 20:00:00,11.386,17.85
2023-02-09 21:00:00,10.27,23.31
2023-02-09 22:00:00,8.714,18.82
2023-02-09 23:00:00,7.01,19.64
2023-02-10 00:00:00,6.545,22.14
2023-02-10 01:00:00,5.446,19.17
2023-02-10 02:00:00,5.258,16.91
2023-02-10 03:00:00,7.516,18.69
2023-02-10 04:00:00,7.627,18.84
2023-02-10 05:00:00,8.324,16.18
2023-02-10 06:00:00,10.72,18.4
2023-02-10 07:00:00,13.498,17.43
2023-02-10 08:00:00,13.64,20.76
2023-02-10 09:00:00,17.041,18.98
2023-02-10 10:00:00,15.455,18.35
2023-02-10 11:00:00,15.569,18.7
2023-02-10 12:00:00,14.073,19.36
2023-02-10 13:00:00,14.197,20.14
2023-02-10 14:00:00,13.871,16.91
2023-02-10 15:00:00,12.929,16.83
2023-02-10 16:00:00,15.479,21.12
2023-02-10 17:00:00,13.951,18.09
2023-02-10 18:00:00,14.246,16.08
2023-02-10 19:00:00,14.323,19.8
2023-02-10 20:00:00,13.388,19.84
2023-02-10 21:00:00,11.239,15.85
2023-02-10 22:00:00,7.641,19.37
2023-02-10 23:00:00,7.033,20.38
2023-02-11 00:00:00,3.998,19.75
2023-02-11 01:00:00,5.769,20.27
2023-02-11 02:00:00,4.836,16.19
2023-02-11 03:00:00,5.673,19.66
2023-02-11 04:00:00,7.001,18.4
2023-02-11 05:00:00,8.345,18.04
2023-02-11 06:00:00,9.171,20.74
2023-02-11 07:00:00,11.825,21.96
2023-02-11 08:00:00,12.874,22.59
2023-02-11 09:00:00,13.829,21.63
2023-02-11 10:00:00,13.028,18.78
2023-02-11 11:00:00,14.386,19.71
2023-02-11 12:00:00,12.282,20.54
2023-02-11 13:00:00,13.335,19.24
2023-02-11 14:00:00,13.165,19.26
2023-02-11 15:00:00,12.099,20.65
2023-02-11 16:00:00,12.617,18.88
2023-02-11 17:00:00,10.526,17.54
2023-02-11 18:00:00,12.333,18.17
2023-02-11 19:00:00,12.542,20.27
2023-02-11 20:00:00,11.259,19.01
2023-02-11 21:00:00,8.243,19.68
2023-02-11 22:00:00,7.116,20.34
2023-02-11 23:00:00,4.651,18.25
2023-02-12 00:00:00,5.299,20.61
2023-02-12 01:00:00,4.059,19.85
2023-02-12 02:00:00,6.406,16.62
2023-02-12 03:00:00,6.769,21.98
2023-02-12 04:00:00,6.685,18.09
2023-02-12 05:00:00,8.522,15.78
2023-02-12 06:00:00,9.333,17.0
2023-02-12 07:00:00,11.203,17.05
2023-02-12 08:00:00,11.76,19.2
2023-02-12 09:00:00,13.859,18.55
2023-02-12 10:00:00,12.749,18.42
2023-02-12 11:00:00,12.198,20.33
2023-02-12 12:00:00,12.661,19.77
2023-02-12 13:00:00,12.095,19.73
2023-02-12 14:00:00,12.039,19.91
2023-02-12 15:00:00,11.359,20.33
2023-02-12 16:00:00,13.406,14.88
2023-02-12 17:00:00,12.367,18.36
2023-02-12 18:00:00,12.843,14.73
2023-02-12 19:00:00,11.988,19.17
2023-02-12 20:00:00,11.251,19.08
2023-02-12 21:00:00,9.231,21.18
2023-02-12 22:00:00,7.486,21.47
2023-02-12 23:00:00,6.501,19.5
2023-02-13 00:00:00,4.606,18.19
2023-02-13 01:00:00,4.676,20.16
2023-02-13 02:00:00,6.2,18.13
2023-02-13 03:00:00,6.734,19.18
2023-02-13 04:00:00,8.069,21.16
2023-02-13 05:00:00,9.09,18.07
2023-02-13 06:00:00,10.919,20.8
2023-02-13 07:00:00,11.708,20.54
2023-02-13 08:00:00,14.403,17.28
2023-02-13 09:00:00,14.614,21.13
2023-02-13 10:00:00,15.945,20.58
2023-02-13 11:00:00,14.203,19.39
2023-02-13 12:00:00,14.955,17.66
2023-02-13 13:00:00,13.273,17.47
2023-02-13 14:00:00,13.481,18.11
2023-02-13 15:00:00,14.016,20.27
2023-02-13 16:00:00,13.938,17.28
2023-02-13 17:00:00,13.014,20.06
2023-02-13 18:00:00,13.929,16.7
2023-02-13 19:00:00,12.731,18.78
2023-02-13 20:00:00,11.145,19.41
2023-02-13 21:00:00,10.212,24.08
2023-02-13 22:00:00,8.737,16.43
2023-02-13 23:00:00,6.994,22.13
2023-02-14 00:00:00,5.941,19.58
2023-02-14 01:00:00,5.691,20.1
2023-02-14 02:00:00,5.96,19.52
2023-02-14 03:00:00,6.12,20.17
2023-02-14 04:00:00,7.473,18.98
2023-02-14 05:00:00,8.11,22.19
2023-02-14 06:00:00,10.105,18.37
2023-02-14 07:00:00,12.442,21.55
2023-02-14 08:00:00,14.238,17.99
2023-02-14 09:00:00,17.264,19.16
2023-02-14 10:00:00,15.027,17.14
2023-02-14 11:00:00,15.175,20.19
2023-02-14 12:00:00,13.689,22.17
2023-02-14 13:00:00,13.772,19.13
2023-02-14 14:00:00,13.408,18.89
2023-02-14 15:00:00,14.106,17.05
2023-02-14 16:00:00,13.383,18.82
2023-02-14 17:00:00,14.084,16.1
2023-02-14 18:00:00,13.964,17.46
2023-02-14 19:00:00,12.697,19.74
2023-02-14 20:00:00,11.665,21.92
2023-02-14 21:00:00,9.894,24.9
2023-02-14 22:00:00,8.266,18.11
2023-02-14 23:00:00,7.014,22.15
2023-02-15 00:00:00,5.376,19.87
2023-02-15 01:00:00,5.535,19.08
2023-02-15 02:00:00,5.015,20.24
2023-02-15 03:00:00,7.059,19.5
2023-02-15 04:00:00,7.241,19.6
2023-02-15 05:00:00,9.394,18.56
2023-02-15 06:00:00,11.479,16.58
2023-02-15 07:00:00,12.483,16.29
2023-02-15 08:00:00,13.528,20.69
2023-02-15 09:00:00,15.38,18.83
2023-02-15 10:00:00,15.919,18.19
2023-02-15 11:00:00,15.037,19.4
2023-02-15 12:00:00,14.162,20.97
2023-02-15 13:00:00,14.266,19.74
2023-02-15 14:00:00,13.909,18.07
2023-02-15 15:00:00,13.144,21.83
2023-02-15 16:00:00,12.53,22.54
2023-02-15 17:00:00,14.164,20.37
2023-02-15 18:00:00,13.548,21.33
2023-02-15 19:00:00,13.574,21.86
2023-02-15 20:00:00,12.097,21.64
2023-02-15 21:00:00,8.886,20.61
2023-02-15 22:00:00,8.114,20.58
2023-02-15 23:00:00,6.955,20.42
2023-02-16 00:00:00,5.989,17.28
2023-02-16 01:00:00,5.647,20.88
2023-02-16 02:00:00,5.004,16.77
2023-02-16 03:00:00,7.535,17.89
2023-02-16 04:00:00,7.808,22.09
2023-02-16 05:00:00,8.083,21.16
2023-02-16 06:00:00,9.932,22.45
2023-02-16 07:00:00,12.498,18.94
2023-02-16 08:00:00,14.671,17.17
2023-02-16 09:00:00,15.037,19.0
2023-02-16 10:00:00,16.08,19.68
2023-02-16 11:00:00,14.09,19.64
2023-02-16 12:00:00,13.815,21.75
2023-02-16 13:00:00,12.681,18.76
2023-02-16 14:00:00,12.923,20.18
2023-02-16 15:00:00,14.367,17.5
2023-02-16 16:00:00,14.724,20.38
2023-02-16 17:00:00,14.008,19.48
2023-02-16 18:00:00,13.7,17.98
2023-02-16 19:00:00,13.332,19.01
2023-02-16 20:00:00,12.304,19.11
2023-02-16 21:00:00,9.089,18.94
2023-02-16 22:00:00,7.663,23.02
2023-02-16 23:00:00,7.495,19.28
2023-02-17 00:00:00,4.818,19.09
2023-02-17 01:00:00,5.416,15.38
2023-02-17 02:00:00,6.07,17.79
2023-02-17 03:00:00,6.822,19.05
2023-02-17 04:00:00,7.249,18.21
2023-02-17 05:00:00,8.795,22.34
2023-02-17 06:00:00,10.777,19.25
2023-02-17 07:00:00,13.409,22.16
2023-02-17 08:00:00,13.991,19.7
2023-02-17 09:00:00,15.225,19.65
2023-02-17 10:00:00,16.461,19.4
2023-02-17 11:00:00,14.786,19.59
2023-02-17 12:00:00,13.602,23.02
2023-02-17 13:00:00,14.333,14.94
2023-02-17 14:00:00,14.36,15.58
2023-02-17 15:00:00,13.564,18.49
2023-02-17 16:00:00,13.404,19.61
2023-02-17 17:00:00,12.905,20.96
2023-02-17 18:00:00,13.884,20.53
2023-02-17 19:00:00,14.163,18.81
2023-02-17 20:00:00,11.162,21.62
2023-02-17 21:00:00,9.755,21.64
2023-02-17 22:00:00,7.747,19.95
2023-02-17 23:00:00,6.107,21.5
2023-02-18 00:00:00,4.9,20.23
2023-02-18 01:00:00,5.204,18.56
2023-02-18 02:00:00,5.454,21.08
2023-02-18 03:00:00,5.199,19.9
2023-02-18 04:00:00,5.593,19.68
2023-02-18 05:00:00,7.752,22.63
2023-02-18 06:00:00,9.068,14.78
2023-02-18 07:00:00,11.868,16.85
2023-02-18 08:00:00,13.383,17.31
2023-02-18 09:00:00,14.349,18.95
2023-02-18 10:00:00,12.822,19.17
2023-02-18 11:00:00,13.533,16.67
2023-02-18 12:00:00,13.055,17.71
2023-02-18 13:00:00,12.457,17.96
2023-02-18 14:00:00,11.373,24.6
2023-02-18 15:00:00,12.197,23.28
2023-02-18 16:00:00,11.639,18.86
2023-02-18 17:00:00,12.007,18.95
2023-02-18 18:00:00,11.22,17.38
2023-02-18 19:00:00,12.184,15.86
2023-02-18 20:00:00,10.168,19.45
2023-02-18 21:00:00,8.999,17.69
2023-02-18 22:00:00,7.1,19.51
2023-02-18 23:00:00,6.052,16.48
2023-02-19 00:00:00,4.759,18.26
2023-02-19 01:00:00,5.293,20.08
2023-02-19 02:00:00,5.034,20.52
2023-02-19 03:00:00,4.841,20.62
2023-02-19 04:00:00,7.017,17.14
2023-02-19 05:00:00,7.057,21.49
2023-02-19 06:00:00,8.225,18.18
2023-02-19 07:00:00,9.895,21.05
2023-02-19 08:00:00,12.235,19.76
2023-02-19 09:00:00,13.169,17.03
2023-02-19 10:00:00,12.056,19.15
2023-02-19 11:00:00,12.7,20.52
2023-02-19 12:00:00,13.044,21.01
2023-02-19 13:00:00,11.599,19.5
2023-02-19 14:00:00,11.387,22.85
2023-02-19 15:00:00,11.992,21.8
2023-02-19 16:00:00,12.045,19.27
2023-02-19 17:00:00,12.422,21.29
2023-02-19 18:00:00,10.279,23.65
2023-02-19 19:00:00,12.508,23.71
2023-02-19 20:00:00,10.777,17.33
2023-02-19 21:00:00,10.129,17.93
2023-02-19 22:00:00,6.394,22.75
2023-02-19 23:00:00,4.741,17.67
2023-02-20 00:00:00,5.409,17.24
2023-02-20 01:00:00,5.272,18.92
2023-02-20 02:00:00,6.172,20.73
2023-02-20 03:00:00,7.117,19.69
2023-02-20 04:00:00,7.397,18.59
2023-02-20 05:00:00,8.546,18.54
2023-02-20 06:00:00,10.612,18.47
2023-02-20 07:00:00,12.045,18.13
2023-02-20 08:00:00,13.716,24.45
2023-02-20 09:00:00,15.693,20.49
2023-02-20 10:00:00,16.094,21.66
2023-02-20 11:00:00,15.642,18.91
2023-02-20 12:00:00,14.184,19.52
2023-02-20 13:00:00,12.447,18.46
2023-02-20 14:00:00,13.581,14.59
2023-02-20 15:00:00,12.83,17.13
2023-02-20 16:00:00,13.448,16.27
2023-02-20 17:00:00,13.559,15.39
2023-02-20 18:00:00,13.898,17.5
2023-02-20 19:00:00,12.568,22.54
2023-02-20 20:00:00,11.018,19.8
2023-02-20 21:00:00,10.483,22.47
2023-02-20 22:00:00,7.224,20.71
2023-02-20 23:00:00,6.372,21.46
2023-02-21 00:00:00,5.862,18.19
2023-02-21 01:00:00,5.867,21.04
2023-02-21 02:00:00,6.195,21.45
2023-02-21 03:00:00,6.64,18.84
2023-02-21 04:00:00,7.746,21.12
2023-02-21 05:00:00,9.374,21.13
2023-02-21 06:00:00,10.479,18.9
2023-02-21 07:00:00,11.07,17.75
2023-02-21 08:00:00,13.657,17.63
2023-02-21 09:00:00,15.447,20.17
2023-02-21 10:00:00,14.925,20.65
2023-02-21 11:00:00,15.94,18.41
2023-02-21 12:00:00,14.177,20.05
2023-02-21 13:00:00,13.637,21.14
2023-02-21 14:00:00,13.859,21.23
2023-02-21 15:00:00,12.945,23.1
2023-02-21 16:00:00,13.321,22.55
2023-02-21 17:00:00,14.229,17.99
2023-02-21 18:00:00,12.829,23.36
2023-02-21 19:00:00,13.042,18.93
2023-02-21 20:00:00,12.195,22.09
2023-02-21 21:00:00,9.764,20.13
2023-02-21 22:00:00,8.687,19.17
2023-02-21 23:00:00,5.626,16.38
2023-02-22 00:00:00,4.149,19.76
2023-02-22 01:00:00,5.923,16.99
2023-02-22 02:00:00,6.185,22.04
2023-02-22 03:00:00,6.223,23.14
2023-02-22 04:00:00,7.593,18.51
2023-02-22 05:00:00,8.954,20.71
2023-02-22 06:00:00,9.698,18.65
2023-02-22 07:00:00,11.633,18.85
2023-02-22 08:00:00,13.886,21.65
2023-02-22 09:00:00,15.525,20.03
2023-02-22 10:00:00,14.557,23.58
2023-02-22 11:00:00,14.761,19.14
2023-02-22 12:00:00,13.988,22.1
2023-02-22 13:00:00,13.803,20.3
2023-02-22 14:00:00,13.125,21.7
2023-02-22 15:00:00,12.729,19.21
2023-02-22 16:00:00,13.944,20.01
2023-02-22 17:00:00,13.224,19.87
2023-02-22 18:00:00,13.574,18.43
2023-02-22 19:00:00,12.136,21.43
2023-02-22 20:00:00,11.222,21.41
2023-02-22 21:00:00,9.96,21.29
2023-02-22 22:00:00,7.895,23.18
2023-02-22 23:00:00,6.637,23.0
2023-02-23 00:00:00,5.456,19.46
2023-02-23 01:00:00,6.472,20.96
2023-02-23 02:00:00,5.241,18.97
2023-02-23 03:00:00,5.331,20.26
2023-02-23 04:00:00,6.646,19.02
2023-02-23 05:00:00,8.039,23.45
2023-02-23 06:00:00,9.472,20.94
2023-02-23 07:00:00,12.024,19.78
2023-02-23 08:00:00,14.475,22.6
2023-02-23 09:00:00,16.126,15.87
2023-02-23 10:00:00,15.76,16.19
2023-02-23 11:00:00,16.05,21.81
2023-02-23 12:00:00,13.893,20.34
2023-02-23 13:00:00,12.513,20.72
2023-02-23 14:00:00,13.869,17.56
2023-02-23 15:00:00,11.868,20.17
2023-02-23 16:00:00,12.699,24.22
2023-02-23 17:00:00,13.774,21.86
2023-02-23 18:00:00,13.553,20.55
2023-02-23 19:00:00,12.98,19.34
2023-02-23 20:00:00,10.942,19.43
2023-02-23 21:00:00,9.882,15.96
2023-02-23 22:00:00,8.257,20.73
2023-02-23 23:00:00,6.231,21.91
2023-02-24 00:00:00,4.712,17.17
2023-02-24 01:00:00,4.485,19.0
2023-02-24 02:00:00,5.208,18.01
2023-02-24 03:00:00,6.568,18.39
2023-02-24 04:00:00,7.382,20.43
2023-02-24 05:00:00,8.188,16.16
2023-02-24 06:00:00,8.673,21.55
2023-02-24 07:00:00,12.131,21.83
2023-02-24 08:00:00,13.171,19.82
2023-02-24 09:00:00,15.619,15.36
2023-02-24 10:00:00,14.791,18.33
2023-02-24 11:00:00,14.128,22.79
2023-02-24 12:00:00,14.546,14.77
2023-02-24 13:00:00,14.89,19.63
2023-02-24 14:00:00,13.61,17.97
2023-02-24 15:00:00,12.977,21.93
2023-02-24 16:00:00,13.352,18.98
2023-02-24 17:00:00,12.367,21.13
2023-02-24 18:00:00,12.877,21.46
2023-02-24 19:00:00,11.514,24.0
2023-02-24 20:00:00,12.621,19.92
2023-02-24 21:00:00,10.471,21.08
2023-02-24 22:00:00,8.001,17.36
2023-02-24 23:00:00,6.255,22.71
2023-02-25 00:00:00,3.521,18.92
2023-02-25 01:00:00,4.418,19.32
2023-02-25 02:00:00,5.933,20.39
2023-02-25 03:00:00,5.654,17.31
2023-02-25 04:00:00,5.859,20.9
2023-02-25 05:00:00,6.187,22.37
2023-02-25 06:00:00,9.439,21.02
2023-02-25 07:00:00,10.34,17.26
2023-02-25 08:00:00,10.698,20.19
2023-02-25 09:00:00,12.175,21.92
2023-02-25 10:00:00,12.431,16.68
2023-02-25 11:00:00,12.645,18.29
2023-02-25 12:00:00,12.16,22.19
2023-02-25 13:00:00,11.227,20.98
2023-02-25 14:00:00,11.652,21.26
2023-02-25 15:00:00,11.151,24.16
2023-02-25 16:00:00,11.85,21.38
2023-02-25 17:00:00,11.291,21.75
2023-02-25 18:00:00,13.568,25.86
2023-02-25 19:00:00,10.839,20.01
2023-02-25 20:00:00,9.459,18.84
2023-02-25 21:00:00,7.608,21.29
2023-02-25 22:00:00,6.436,21.32
2023-02-25 23:00:00,4.372,19.38
2023-02-26 00:00:00,4.603,18.49
2023-02-26 01:00:00,3.381,25.17
2023-02-26 02:00:00,4.891,21.21
2023-02-26 03:00:00,4.609,19.09
2023-02-26 04:00:00,5.912,22.38
2023-02-26 05:00:00,7.578,20.33
2023-02-26 06:00:00,9.968,20.05
2023-02-26 07:00:00,9.508,21.68
2023-02-26 08:00:00,11.718,17.97
2023-02-26 09:00:00,12.252,21.26
2023-02-26 10:00:00,12.447,24.38
2023-02-26 11:00:00,12.138,21.48
2023-02-26 12:00:00,12.52,19.8
2023-02-26 13:00:00,11.229,19.54
2023-02-26 14:00:00,12.524,19.73
2023-02-26 15:00:00,11.298,20.04
2023-02-26 16:00:00,10.594,19.8
2023-02-26 17:00:00,11.238,22.38
2023-02-26 18:00:00,11.285,17.09
2023-02-26 19:00:00,11.578,22.28
2023-02-26 20:00:00,8.929,19.79
2023-02-26 21:00:00,7.371,21.31
2023-02-26 22:00:00,6.266,18.3
2023-02-26 23:00:00,5.723,23.21
2023-02-27 00:00:00,5.631,23.16
2023-02-27 01:00:00,5.848,22.59
2023-02-27 02:00:00,5.893,17.64
2023-02-27 03:00:00,6.036,22.33
2023-02-27 04:00:00,7.491,21.48
2023-02-27 05:00:00,7.729,17.46
2023-02-27 06:00:00,8.763,20.62
2023-02-27 07:00:00,12.0,21.4
2023-02-27 08:00:00,12.925,21.78
2023-02-27 09:00:00,14.677,21.02
2023-02-27 10:00:00,15.069,21.25
2023-02-27 11:00:00,14.741,23.61
2023-02-27 12:00:00,14.464,23.12
2023-02-27 13:00:00,14.185,14.93
2023-02-27 14:00:00,13.034,20.03
2023-02-27 15:00:00,12.508,20.34
2023-02-27 16:00:00,13.171,17.16
2023-02-27 17:00:00,12.921,20.86
2023-02-27 18:00:00,13.297,23.16
2023-02-27 19:00:00,14.514,18.49
2023-02-27 20:00:00,11.517,21.34
2023-02-27 21:00:00,9.754,18.84
2023-02-27 22:00:00,7.083,19.32
2023-02-27 23:00:00,6.659,23.62
2023-02-28 00:00:00,5.332,19.7
2023-02-28 01:00:00,5.432,21.71
2023-02-28 02:00:00,5.702,17.04
2023-02-28 03:00:00,6.709,24.51
2023-02-28 04:00:00,7.728,21.99
2023-02-28 05:00:00,8.394,20.42
2023-02-28 06:00:00,9.739,21.93
2023-02-28 07:00:00,12.355,17.96
2023-02-28 08:00:00,12.949,23.15
2023-02-28 09:00:00,14.259,20.14
2023-02-28 10:00:00,14.936,20.38
2023-02-28 11:00:00,13.519,19.8
2023-02-28 12:00:00,14.386,19.62
2023-02-28 13:00:00,12.662,22.17
2023-02-28 14:00:00,12.561,21.3
2023-02-28 15:00:00,12.577,22.09
2023-02-28 16:00:00,12.909,20.77
2023-02-28 17:00:00,13.015,21.81
2023-02-28 18:00:00,13.351,19.95
2023-02-28 19:00:00,12.847,25.24
2023-02-28 20:00:00,11.241,17.65
2023-02-28 21:00:00,8.906,23.31
2023-02-28 22:00:00,8.07,23.52
2023-02-28 23:00:00,4.785,19.08
2023-03-01 00:00:00,4.755,25.36
2023-03-01 01:00:00,4.65,22.89
2023-03-01 02:00:00,5.587,22.84
2023-03-01 03:00:00,5.129,20.96
2023-03-01 04:00:00,6.638,20.47
2023-03-01 05:00:00,8.115,20.48
2023-03-01 06:00:00,10.404,21.68
2023-03-01 07:00:00,11.865,23.7
2023-03-01 08:00:00,12.729,21.26
2023-03-01 09:00:00,14.392,19.08
2023-03-01 10:00:00,15.435,22.55
2023-03-01 11:00:00,13.763,22.74
2023-03-01 12:00:00,13.752,22.21
2023-03-01 13:00:00,13.19,22.39
2023-03-01 14:00:00,12.584,20.36
2023-03-01 15:00:00,14.346,19.04
2023-03-01 16:00:00,12.644,19.16
2023-03-01 17:00:00,13.598,17.63
2023-03-01 18:00:00,12.855,21.37
2023-03-01 19:00:00,13.082,20.73
2023-03-01 20:00:00,11.866,20.02
2023-03-01 21:00:00,9.351,14.99
2023-03-01 22:00:00,7.427,18.41
2023-03-01 23:00:00,5.407,23.14
2023-03-02 00:00:00,4.099,19.69
2023-03-02 01:00:00,5.502,21.74
2023-03-02 02:00:00,5.066,18.24
2023-03-02 03:00:00,4.528,23.9
2023-03-02 04:00:00,7.946,20.73
2023-03-02 05:00:00,7.633,21.6
2023-03-02 06:00:00,9.677,25.67
2023-03-02 07:00:00,12.616,24.05
2023-03-02 08:00:00,13.325,20.41
2023-03-02 09:00:00,14.511,19.83
2023-03-02 10:00:00,14.14,20.37
2023-03-02 11:00:00,13.453,22.04
2023-03-02 12:00:00,13.665,20.81
2023-03-02 13:00:00,13.392,20.23
2023-03-02 14:00:00,12.963,23.95
2023-03-02 15:00:00,12.337,20.79
2023-03-02 16:00:00,12.899,25.62
2023-03-02 17:00:00,12.033,21.2
2023-03-02 18:00:00,13.597,24.59
2023-03-02 19:00:00,12.805,21.73
2023-03-02 20:00:00,12.458,22.95
2023-03-02 21:00:00,9.317,19.57
2023-03-02 22:00:00,6.803,19.31
2023-03-02 23:00:00,5.858,21.94
2023-03-03 00:00:00,4.512,23.12
2023-03-03 01:00:00,5.101,21.22
2023-03-03 02:00:00,5.351,18.57
2023-03-03 03:00:00,5.25,18.42
2023-03-03 04:00:00,5.959,18.29
2023-03-03 05:00:00,8.381,17.6
2023-03-03 06:00:00,10.506,21.36
2023-03-03 07:00:00,11.616,23.39
2023-03-03 08:00:00,13.84,21.11
2023-03-03 09:00:00,15.366,16.62
2023-03-03 10:00:00,14.984,20.76
2023-03-03 11:00:00,13.913,20.81
2023-03-03 12:00:00,13.916,25.33
2023-03-03 13:00:00,13.943,18.23
2023-03-03 14:00:00,13.044,20.36
2023-03-03 15:00:00,13.071,24.55
2023-03-03 16:00:00,12.46,22.04
2023-03-03 17:00:00,12.965,22.27
2023-03-03 18:00:00,13.155,21.37
2023-03-03 19:00:00,12.633,21.8
2023-03-03 20:00:00,11.927,22.7
2023-03-03 21:00:00,7.862,19.52
2023-03-03 22:00:00,7.292,22.9
2023-03-03 23:00:00,5.901,18.39
2023-03-04 00:00:00,3.233,21.92
2023-03-04 01:00:00,4.576,21.62
2023-03-04 02:00:00,4.113,20.03
2023-03-04 03:00:00,4.87,21.22
2023-03-04 04:00:00,7.008,20.02
2023-03-04 05:00:00,7.593,19.12
2023-03-04 06:00:00,8.645,20.55
2023-03-04 07:00:00,10.18,19.05
2023-03-04 08:00:00,11.307,21.91
2023-03-04 09:00:00,13.683,18.96
2023-03-04 10:00:00,13.136,22.69
2023-03-04 11:00:00,11.92,18.9
2023-03-04 12:00:00,10.903,20.13
2023-03-04 13:00:00,11.572,20.01
2023-03-04 14:00:00,10.856,23.91
2023-03-04 15:00:00,9.889,21.92
2023-03-04 16:00:00,11.157,20.84
2023-03-04 17:00:00,11.024,22.26
2023-03-04 18:00:00,11.816,17.05
2023-03-04 19:00:00,11.096,21.17
2023-03-04 20:00:00,9.321,25.26
2023-03-04 21:00:00,8.281,21.53
2023-03-04 22:00:00,5.943,21.4
2023-03-04 23:00:00,4.77,22.36
2023-03-05 00:00:00,3.705,23.17
2023-03-05 01:00:00,4.979,17.39
2023-03-05 02:00:00,4.433,18.02
2023-03-05 03:00:00,5.861,21.8
2023-03-05 04:00:00,6.929,19.95
2023-03-05 05:00:00,6.467,24.01
2023-03-05 06:00:00,6.501,20.75
2023-03-05 07:00:00,10.627,17.51
2023-03-05 08:00:00,11.238,18.85
2023-03-05 09:00:00,12.147,15.88
2023-03-05 10:00:00,12.265,20.92
2023-03-05 11:00:00,12.01,21.01
2023-03-05 12:00:00,12.468,20.53
2023-03-05 13:00:00,11.273,23.54
2023-03-05 14:00:00,11.614,23.78
2023-03-05 15:00:00,11.008,21.04
2023-03-05 16:00:00,10.852,17.11
2023-03-05 17:00:00,10.912,22.62
2023-03-05 18:00:00,11.598,22.49
2023-03-05 19:00:00,11.275,22.0
2023-03-05 20:00:00,10.171,23.35
2023-03-05 21:00:00,7.77,19.05
2023-03-05 22:00:00,6.394,25.4
2023-03-05 23:00:00,5.389,19.46
2023-03-06 00:00:00,4.35,23.01
2023-03-06 01:00:00,4.148,18.13
2023-03-06 02:00:00,4.675,19.65
2023-03-06 03:00:00,5.684,24.54
2023-03-06 04:00:00,7.109,20.98
2023-03-06 05:00:00,8.709,23.19
2023-03-06 06:00:00,8.732,21.98
2023-03-06 07:00:00,11.072,21.3
2023-03-06 08:00:00,13.045,24.23
2023-03-06 09:00:00,14.885,21.03
2023-03-06 10:00:00,14.5,17.95
2023-03-06 11:00:00,14.041,19.9
2023-03-06 12:00:00,12.739,22.61
2023-03-06 13:00:00,13.269,22.3
2023-03-06 14:00:00,12.587,18.37
2023-03-06 15:00:00,12.081,20.06
2023-03-06 16:00:00,12.478,20.34
2023-03-06 17:00:00,13.648,20.78
2023-03-06 18:00:00,12.578,18.75
2023-03-06 19:00:00,12.056,20.25
2023-03-06 20:00:00,11.878,20.05
2023-03-06 21:00:00,9.149,23.05
2023-03-06 22:00:00,7.553,23.13
2023-03-06 23:00:00,5.964,21.22
2023-03-07 00:00:00,4.522,20.85
2023-03-07 01:00:00,4.46,21.91
2023-03-07 02:00:00,5.605,20.0
2023-03-07 03:00:00,6.491,19.34
2023-03-07 04:00:00,7.355,19.75
2023-03-07 05:00:00,7.213,20.36
2023-03-07 06:00:00,10.347,19.3
2023-03-07 07:00:00,11.172,21.96
2023-03-07 08:00:00,12.736,23.09
2023-03-07 09:00:00,14.359,18.46
2023-03-07 10:00:00,15.145,21.68
2023-03-07 11:00:00,14.553,21.19
2023-03-07 12:00:00,13.391,22.31
2023-03-07 13:00:00,13.442,21.61
2023-03-07 14:00:00,12.708,18.72
2023-03-07 15:00:00,12.126,19.11
2023-03-07 16:00:00,12.147,21.69
2023-03-07 17:00:00,13.189,23.69
2023-03-07 18:00:00,13.191,17.2
2023-03-07 19:00:00,11.672,22.32
2023-03-07 20:00:00,11.597,24.01
2023-03-07 21:00:00,8.771,21.33
2023-03-07 22:00:00,8.06,22.73
2023-03-07 23:00:00,4.861,20.23
2023-03-08 00:00:00,4.387,21.52
2023-03-08 01:00:00,4.308,18.51
2023-03-08 02:00:00,4.645,17.07
2023-03-08 03:00:00,5.428,23.64
2023-03-08 04:00:00,7.726,19.79
2023-03-08 05:00:00,7.961,20.85
2023-03-08 06:00:00,9.065,18.98
2023-03-08 07:00:00,10.326,18.94
2023-03-08 08:00:00,12.111,21.41
2023-03-08 09:00:00,14.023,20.3
2023-03-08 10:00:00,14.228,22.51
2023-03-08 11:00:00,14.054,22.66
2023-03-08 12:00:00,12.142,22.4
2023-03-08 13:00:00,12.845,22.23
2023-03-08 14:00:00,13.184,24.91
2023-03-08 15:00:00,13.383,19.62
2023-03-08 16:00:00,11.397,21.65
2023-03-08 17:00:00,12.433,24.02
2023-03-08 18:00:00,12.547,24.29
2023-03-08 19:00:00,12.622,18.91
2023-03-08 20:00:00,10.291,21.13
2023-03-08 21:00:00,10.075,24.47
2023-03-08 22:00:00,7.093,22.77
2023-03-08 23:00:00,5.565,22.15
2023-03-09 00:00:00,5.414,21.45
2023-03-09 01:00:00,4.589,21.12
2023-03-09 02:00:00,5.24,22.46
2023-03-09 03:00:00,5.213,21.38
2023-03-09 04:00:00,5.765,21.8
2023-03-09 05:00:00,7.46,22.04
2023-03-09 06:00:00,10.759,20.53
2023-03-09 07:00:00,11.697,22.95
2023-03-09 08:00:00,13.529,27.71
2023-03-09 09:00:00,13.806,18.33
2023-03-09 10:00:00,15.118,22.53
2023-03-09 11:00:00,13.354,20.36
2023-03-09 12:00:00,12.535,23.04
2023-03-09 13:00:00,12.526,21.98
2023-03-09 14:00:00,13.65,23.41
2023-03-09 15:00:00,13.505,24.23
2023-03-09 16:00:00,12.225,22.27
2023-03-09 17:00:00,12.476,24.15
2023-03-09 18:00:00,12.18,17.19
2023-03-09 19:00:00,12.542,25.06
2023-03-09 20:00:00,11.08,22.63
2023-03-09 21:00:00,9.486,24.04
2023-03-09 22:00:00,7.623,19.44
2023-03-09 23:00:00,5.508,20.22
2023-03-10 00:00:00,4.753,22.3
2023-03-10 01:00:00,4.136,21.98
2023-03-10 02:00:00,5.286,22.58
2023-03-10 03:00:00,5.358,24.18
2023-03-10 04:00:00,6.926,18.48
2023-03-10 05:00:00,8.047,23.96
2023-03-10 06:00:00,9.434,22.03
2023-03-10 07:00:00,11.752,21.6
2023-03-10 08:00:00,12.193,19.07
2023-03-10 09:00:00,13.617,23.02
2023-03-10 10:00:00,14.556,17.18
2023-03-10 11:00:00,13.258,23.31
2023-03-10 12:00:00,13.257,19.03
2023-03-10 13:00:00,12.601,22.12
2023-03-10 14:00:00,13.212,21.77
2023-03-10 15:00:00,12.42,24.35
2023-03-10 16:00:00,13.077,21.65
2023-03-10 17:00:00,13.003,20.62
2023-03-10 18:00:00,12.63,21.0
2023-03-10 19:00:00,12.516,24.56
2023-03-10 20:00:00,11.39,23.08
2023-03-10 21:00:00,9.663,21.24
2023-03-10 22:00:00,6.91,21.54
2023-03-10 23:00:00,4.654,18.88
2023-03-11 00:00:00,2.76,22.92
2023-03-11 01:00:00,3.796,18.62
2023-03-11 02:00:00,2.864,23.64
2023-03-11 03:00:00,5.886,22.4
2023-03-11 04:00:00,6.147,26.91
2023-03-11 05:00:00,6.302,19.94
2023-03-11 06:00:00,7.346,21.93
2023-03-11 07:00:00,10.339,25.73
2023-03-11 08:00:00,10.517,24.52
2023-03-11 09:00:00,11.54,20.75
2023-03-11 10:00:00,11.923,22.59
2023-03-11 11:00:00,12.09,22.14
2023-03-11 12:00:00,11.82,22.7
2023-03-11 13:00:00,11.658,20.74
2023-03-11 14:00:00,11.216,21.96
2023-03-11 15:00:00,10.55,18.94
2023-03-11 16:00:00,11.231,22.41
2023-03-11 17:00:00,10.52,23.04
2023-03-11 18:00:00,9.938,21.68
2023-03-11 19:00:00,10.228,18.91
2023-03-11 20:00:00,8.881,24.12
2023-03-11 21:00:00,7.255,22.87
2023-03-11 22:00:00,5.405,20.69
2023-03-11 23:00:00,4.483,21.58
2023-03-12 00:00:00,4.182,19.27
2023-03-12 01:00:00,4.921,20.22
2023-03-12 02:00:00,3.181,21.19
2023-03-12 03:00:00,4.061,24.72
2023-03-12 04:00:00,5.095,20.99
2023-03-12 05:00:00,7.094,23.55
2023-03-12 06:00:00,7.86,21.19
2023-03-12 07:00:00,9.147,22.76
2023-03-12 08:00:00,11.53,21.98
2023-03-12 09:00:00,12.711,24.01
2023-03-12 10:00:00,12.34,21.2
2023-03-12 11:00:00,11.564,19.12
2023-03-12 12:00:00,11.622,19.5
2023-03-12 13:00:00,10.761,21.2
2023-03-12 14:00:00,10.451,19.77
2023-03-12 15:00:00,10.143,23.09
2023-03-12 16:00:00,11.142,21.34
2023-03-12 17:00:00,11.231,27.02
2023-03-12 18:00:00,11.699,18.79
2023-03-12 19:00:00,11.325,22.67
2023-03-12 20:00:00,9.603,20.01
2023-03-12 21:00:00,7.295,21.28
2023-03-12 22:00:00,6.56,22.55
2023-03-12 23:00:00,5.157,17.62
2023-03-13 00:00:00,5.886,22.87
2023-03-13 01:00:00,4.782,26.2
2023-03-13 02:00:00,5.281,21.49
2023-03-13 03:00:00,5.703,22.92
2023-03-13 04:00:00,6.438,24.45
2023-03-13 05:00:00,7.533,22.07
2023-03-13 06:00:00,9.473,21.24
2023-03-13 07:00:00,11.623,17.85
2023-03-13 08:00:00,13.68,23.68
2023-03-13 09:00:00,14.332,22.17
2023-03-13 10:00:00,14.174,20.37
2023-03-13 11:00:00,13.816,22.65
2023-03-13 12:00:00,12.54,21.23
2023-03-13 13:00:00,13.724,21.34
2023-03-13 14:00:00,12.02,23.61
2023-03-13 15:00:00,12.811,19.72
2023-03-13 16:00:00,12.573,24.49
2023-03-13 17:00:00,12.934,19.6
2023-03-13 18:00:00,12.778,21.07
2023-03-13 19:00:00,11.954,26.24
2023-03-13 20:00:00,10.317,24.65
2023-03-13 21:00:00,9.881,22.59
2023-03-13 22:00:00,6.972,20.52
2023-03-13 23:00:00,6.142,21.34
2023-03-14 00:00:00,5.121,22.67
2023-03-14 01:00:00,4.18,22.6
2023-03-14 02:00:00,5.084,22.35
2023-03-14 03:00:00,5.52,22.47
2023-03-14 04:00:00,5.724,22.1
2023-03-14 05:00:00,7.59,19.64
2023-03-14 06:00:00,9.615,21.49
2023-03-14 07:00:00,10.886,24.36
2023-03-14 08:00:00,12.778,19.79
2023-03-14 09:00:00,14.011,22.15
2023-03-14 10:00:00,15.676,20.89
2023-03-14 11:00:00,12.882,22.75
2023-03-14 12:00:00,13.599,21.75
2023-03-14 13:00:00,12.638,25.48
2023-03-14 14:00:00,11.927,23.54
2023-03-14 15:00:00,12.026,19.9
2023-03-14 16:00:00,12.754,23.87
2023-03-14 17:00:00,13.117,20.98
2023-03-14 18:00:00,12.926,21.37
2023-03-14 19:00:00,12.918,23.16
2023-03-14 20:00:00,11.574,21.54
2023-03-14 21:00:00,9.342,24.31
2023-03-14 22:00:00,6.536,20.98
2023-03-14 23:00:00,5.733,21.29
2023-03-15 00:00:00,4.56,21.35
2023-03-15 01:00:00,3.907,21.53
2023-03-15 02:00:00,3.923,24.86
2023-03-15 03:00:00,4.277,23.92
2023-03-15 04:00:00,6.564,26.08
2023-03-15 05:00:00,8.022,27.19
2023-03-15 06:00:00,8.537,20.6
2023-03-15 07:00:00,11.744,22.8
2023-03-15 08:00:00,13.019,20.31
2023-03-15 09:00:00,14.902,21.1
2023-03-15 10:00:00,14.595,21.4
2023-03-15 11:00:00,13.326,20.54
2023-03-15 12:00:00,13.56,20.56
2023-03-15 13:00:00,13.066,22.37
2023-03-15 14:00:00,11.96,20.23
2023-03-15 15:00:00,11.307,24.34
2023-03-15 16:00:00,12.368,20.82
2023-03-15 17:00:00,12.36,28.28
2023-03-15 18:00:00,13.454,21.76
2023-03-15 19:00:00,11.982,22.8
2023-03-15 20:00:00,11.846,20.07
2023-03-15 21:00:00,7.638,26.07
2023-03-15 22:00:00,6.974,24.9
2023-03-15 23:00:00,6.273,23.25
2023-03-16 00:00:00,3.724,20.1
2023-03-16 01:00:00,4.282,23.21
2023-03-16 02:00:00,4.546,20.55
2023-03-16 03:00:00,5.134,25.72
2023-03-16 04:00:00,6.554,24.41
2023-03-16 05:00:00,6.83,22.98
2023-03-16 06:00:00,9.269,17.92
2023-03-16 07:00:00,11.404,20.82
2023-03-16 08:00:00,12.785,24.17
2023-03-16 09:00:00,13.54,25.22
2023-03-16 10:00:00,15.032,25.01
2023-03-16 11:00:00,14.404,19.61
2023-03-16 12:00:00,12.631,23.39
2023-03-16 13:00:00,11.922,24.82
2023-03-16 14:00:00,11.715,19.47
2023-03-16 15:00:00,12.432,22.78
2023-03-16 16:00:00,12.448,23.34
2023-03-16 17:00:00,13.091,22.19
2023-03-16 18:00:00,12.625,19.09
2023-03-16 19:00:00,11.639,22.14
2023-03-16 20:00:00,11.304,22.14
2023-03-16 21:00:00,8.422,22.5
2023-03-16 22:00:00,6.91,21.66
2023-03-16 23:00:00,4.445,21.91
2023-03-17 00:00:00,3.866,22.84
2023-03-17 01:00:00,4.971,23.81
2023-03-17 02:00:00,4.316,22.32
2023-03-17 03:00:00,5.896,22.1
2023-03-17 04:00:00,4.945,23.11
2023-03-17 05:00:00,7.305,19.08
2023-03-17 06:00:00,9.101,23.88
2023-03-17 07:00:00,12.109,22.92
2023-03-17 08:00:00,12.156,23.0
2023-03-17 09:00:00,14.498,24.85
2023-03-17 10:00:00,15.02,19.02
2023-03-17 11:00:00,13.534,18.98
2023-03-17 12:00:00,13.006,23.47
2023-03-17 13:00:00,12.7,22.91
2023-03-17 14:00:00,11.332,23.26
2023-03-17 15:00:00,11.8,22.0
2023-03-17 16:00:00,13.048,24.25
2023-03-17 17:00:00,12.966,24.79
2023-03-17 18:00:00,12.661,23.89
2023-03-17 19:00:00,12.236,22.4
2023-03-17 20:00:00,11.161,18.71
2023-03-17 21:00:00,9.237,24.46
2023-03-17 22:00:00,6.528,25.37
2023-03-17 23:00:00,6.308,24.21
2023-03-18 00:00:00,4.371,21.3
2023-03-18 01:00:00,4.146,24.4
2023-03-18 02:00:00,3.594,24.78
2023-03-18 03:00:00,4.128,26.17
2023-03-18 04:00:00,5.197,21.3
2023-03-18 05:00:00,6.481,22.6
2023-03-18 06:00:00,6.796,24.55
2023-03-18 07:00:00,9.711,23.17
2023-03-18 08:00:00,11.711,20.82
2023-03-18 09:00:00,12.306,23.89
2023-03-18 10:00:00,11.807,24.21
2023-03-18 11:00:00,11.35,23.23
2023-03-18 12:00:00,11.434,23.5
2023-03-18 13:00:00,10.633,22.54
2023-03-18 14:00:00,10.777,26.01
2023-03-18 15:00:00,10.633,21.26
2023-03-18 16:00:00,11.066,21.88
2023-03-18 17:00:00,10.037,23.08
2023-03-18 18:00:00,11.019,24.82
2023-03-18 19:00:00,10.159,20.06
2023-03-18 20:00:00,9.083,20.44
2023-03-18 21:00:00,8.013,18.98
2023-03-18 22:00:00,6.354,23.12
2023-03-18 23:00:00,5.401,20.82
2023-03-19 00:00:00,3.81,22.42
2023-03-19 01:00:00,3.655,24.51
2023-03-19 02:00:00,3.863,21.91
2023-03-19 03:00:00,3.559,23.65
2023-03-19 04:00:00,6.172,22.59
2023-03-19 05:00:00,6.277,24.54
2023-03-19 06:00:00,8.121,24.14
2023-03-19 07:00:00,9.788,21.81
2023-03-19 08:00:00,10.162,22.85
2023-03-19 09:00:00,11.44,25.28
2023-03-19 10:00:00,13.109,23.98
2023-03-19 11:00:00,11.986,20.4
2023-03-19 12:00:00,10.915,24.5
2023-03-19 13:00:00,10.631,21.02
2023-03-19 14:00:00,11.14,26.02
2023-03-19 15:00:00,10.888,25.24
2023-03-19 16:00:00,9.532,23.77
2023-03-19 17:00:00,11.682,23.51
2023-03-19 18:00:00,11.384,22.77
2023-03-19 19:00:00,10.284,24.55
2023-03-19 20:00:00,8.386,22.45
2023-03-19 21:00:00,8.053,23.66
2023-03-19 22:00:00,6.092,24.93
2023-03-19 23:00:00,3.653,22.07
2023-03-20 00:00:00,3.992,22.09
2023-03-20 01:00:00,6.153,20.94
2023-03-20 02:00:00,4.689,21.2
2023-03-20 03:00:00,4.935,19.67
2023-03-20 04:00:00,5.72,24.79
2023-03-20 05:00:00,8.761,26.94
2023-03-20 06:00:00,9.754,26.18
2023-03-20 07:00:00,11.86,20.07
2023-03-20 08:00:00,12.989,24.78
2023-03-20 09:00:00,14.852,26.17
2023-03-20 10:00:00,13.737,22.41
2023-03-20 11:00:00,13.939,23.53
2023-03-20 12:00:00,13.373,19.31
2023-03-20 13:00:00,13.395,23.86
2023-03-20 14:00:00,12.334,21.2
2023-03-20 15:00:00,11.651,23.72
2023-03-20 16:00:00,12.235,20.2
2023-03-20 17:00:00,11.56,24.41
2023-03-20 18:00:00,11.354,25.37
2023-03-20 19:00:00,12.595,21.76
2023-03-20 20:00:00,10.438,21.05
2023-03-20 21:00:00,8.569,19.01
2023-03-20 22:00:00,7.204,22.79
2023-03-20 23:00:00,6.116,22.16
2023-03-21 00:00:00,4.453,20.36
2023-03-21 01:00:00,5.45,24.37
2023-03-21 02:00:00,4.958,22.56
2023-03-21 03:00:00,5.501,21.31
2023-03-21 04:00:00,6.388,22.35
2023-03-21 05:00:00,6.814,25.6
2023-03-21 06:00:00,9.716,24.67
2023-03-21 07:00:00,9.51,23.2
2023-03-21 08:00:00,12.465,24.7
2023-03-21 09:00:00,13.959,21.14
2023-03-21 10:00:00,13.769,23.53
2023-03-21 11:00:00,13.556,23.76
2023-03-21 12:00:00,14.228,22.52
2023-03-21 13:00:00,13.223,24.33
2023-03-21 14:00:00,11.706,21.9
2023-03-21 15:00:00,11.75,24.48
2023-03-21 16:00:00,11.437,24.56
2023-03-21 17:00:00,13.075,17.63
2023-03-21 18:00:00,12.604,25.84
2023-03-21 19:00:00,11.068,17.37
2023-03-21 20:00:00,10.696,22.23
2023-03-21 21:00:00,8.996,25.51
2023-03-21 22:00:00,7.263,22.83
2023-03-21 23:00:00,5.23,20.53
2023-03-22 00:00:00,3.872,21.41
2023-03-22 01:00:00,5.528,25.65
2023-03-22 02:00:00,4.679,19.75
2023-03-22 03:00:00,5.848,25.85
2023-03-22 04:00:00,5.918,23.49
2023-03-22 05:00:00,7.882,21.21
2023-03-22 06:00:00,8.194,22.43
2023-03-22 07:00:00,10.672,21.56
2023-03-22 08:00:00,12.104,25.33
2023-03-22 09:00:00,13.633,25.06
2023-03-22 10:00:00,14.983,20.16
2023-03-22 11:00:00,13.422,22.79
2023-03-22 12:00:00,13.535,21.87
2023-03-22 13:00:00,13.549,26.18
2023-03-22 14:00:00,12.092,20.9
2023-03-22 15:00:00,12.745,26.8
2023-03-22 16:00:00,12.469,23.53
2023-03-22 17:00:00,12.554,21.27
2023-03-22 18:00:00,13.067,22.24
2023-03-22 19:00:00,13.161,21.99
2023-03-22 20:00:00,10.242,21.05
2023-03-22 21:00:00,8.066,23.79
2023-03-22 22:00:00,6.056,21.14
2023-03-22 23:00:00,5.896,19.24
2023-03-23 00:00:00,4.761,22.97
2023-03-23 01:00:00,3.919,20.13
2023-03-23 02:00:00,3.337,22.23
2023-03-23 03:00:00,4.876,21.91
2023-03-23 04:00:00,6.536,21.99
2023-03-23 05:00:00,7.669,27.73
2023-03-23 06:00:00,9.185,23.84
2023-03-23 07:00:00,10.656,24.22
2023-03-23 08:00:00,13.358,20.18
2023-03-23 09:00:00,14.111,22.42
2023-03-23 10:00:00,14.578,24.16
2023-03-23 11:00:00,13.863,21.68
2023-03-23 12:00:00,13.502,25.55
2023-03-23 13:00:00,12.761,21.33
2023-03-23 14:00:00,11.536,23.16
2023-03-23 15:00:00,12.173,22.56
2023-03-23 16:00:00,12.624,24.06
2023-03-23 17:00:00,13.158,22.45
2023-03-23 18:00:00,12.861,23.19
2023-03-23 19:00:00,11.474,23.26
2023-03-23 20:00:00,10.113,22.26
2023-03-23 21:00:00,8.396,24.7
2023-03-23 22:00:00,6.797,24.21
2023-03-23 23:00:00,5.167,23.55
2023-03-24 00:00:00,3.394,23.01
2023-03-24 01:00:00,3.615,25.46
2023-03-24 02:00:00,3.359,23.4
2023-03-24 03:00:00,3.406,23.25
2023-03-24 04:00:00,6.147,24.08
2023-03-24 05:00:00,9.044,27.26
2023-03-24 06:00:00,10.117,21.19
2023-03-24 07:00:00,10.421,25.41
2023-03-24 08:00:00,12.827,20.08
2023-03-24 09:00:00,13.052,24.3
2023-03-24 10:00:00,13.587,27.02
2023-03-24 11:00:00,13.098,24.85
2023-03-24 12:00:00,12.975,24.21
2023-03-24 13:00:00,12.361,22.75
2023-03-24 14:00:00,12.248,23.93
2023-03-24 15:00:00,12.344,23.36
2023-03-24 16:00:00,11.898,22.3
2023-03-24 17:00:00,12.483,23.29
2023-03-24 18:00:00,11.969,24.26
2023-03-24 19:00:00,11.219,22.33
2023-03-24 20:00:00,9.685,22.26
2023-03-24 21:00:00,8.979,21.15
2023-03-24 22:00:00,6.482,24.65
2023-03-24 23:00:00,4.153,24.96
2023-03-25 00:00:00,3.457,24.47
2023-03-25 01:00:00,2.938,25.93
2023-03-25 02:00:00,4.942,24.18
2023-03-25 03:00:00,4.186,24.79
2023-03-25 04:00:00,5.722,24.61
2023-03-25 05:00:00,6.992,23.82
2023-03-25 06:00:00,7.108,22.94
2023-03-25 07:00:00,9.65,28.43
2023-03-25 08:00:00,11.139,23.1
2023-03-25 09:00:00,11.874,22.67
2023-03-25 10:00:00,12.325,24.87
2023-03-25 11:00:00,10.937,24.51
2023-03-25 12:00:00,11.444,21.19
2023-03-25 13:00:00,10.445,26.25
2023-03-25 14:00:00,10.488,23.82
2023-03-25 15:00:00,10.689,21.78
2023-03-25 16:00:00,10.835,26.38
2023-03-25 17:00:00,10.87,25.26
2023-03-25 18:00:00,11.08,21.48
2023-03-25 19:00:00,10.877,27.56
2023-03-25 20:00:00,9.978,25.32
2023-03-25 21:00:00,7.302,23.98
2023-03-25 22:00:00,5.943,27.18
2023-03-25 23:00:00,5.023,24.32
2023-03-26 00:00:00,3.175,24.08
2023-03-26 01:00:00,2.756,22.82
2023-03-26 02:00:00,4.279,25.3
2023-03-26 03:00:00,4.412,25.09
2023-03-26 04:00:00,4.56,24.17
2023-03-26 05:00:00,6.603,22.56
2023-03-26 06:00:00,8.567,24.4
2023-03-26 07:00:00,8.315,24.0
2023-03-26 08:00:00,11.401,21.47
2023-03-26 09:00:00,10.272,21.2
2023-03-26 10:00:00,11.876,25.27
2023-03-26 11:00:00,12.852,18.94
2023-03-26 12:00:00,10.949,24.55
2023-03-26 13:00:00,10.645,23.18
2023-03-26 14:00:00,10.879,26.76
2023-03-26 15:00:00,9.106,23.15
2023-03-26 16:00:00,10.407,25.46
2023-03-26 17:00:00,10.617,23.35
2023-03-26 18:00:00,11.843,24.37
2023-03-26 19:00:00,9.568,25.61
2023-03-26 20:00:00,8.763,23.22
2023-03-26 21:00:00,6.859,26.13
2023-03-26 22:00:00,4.998,22.15
2023-03-26 23:00:00,5.145,24.73
2023-03-27 00:00:00,4.177,26.12
2023-03-27 01:00:00,3.932,25.6
2023-03-27 02:00:00,4.555,28.11
2023-03-27 03:00:00,4.896,22.75
2023-03-27 04:00:00,5.874,21.52
2023-03-27 05:00:00,6.637,22.29
2023-03-27 06:00:00,8.947,25.6
2023-03-27 07:00:00,10.75,25.27
2023-03-27 08:00:00,12.267,24.48
2023-03-27 09:00:00,13.946,22.03
2023-03-27 10:00:00,14.398,25.81
2023-03-27 11:00:00,13.382,21.83
2023-03-27 12:00:00,13.118,26.6
2023-03-27 13:00:00,14.237,29.99
2023-03-27 14:00:00,13.376,25.01
2023-03-27 15:00:00,11.358,25.44
2023-03-27 16:00:00,11.529,23.29
2023-03-27 17:00:00,11.791,20.66
2023-03-27 18:00:00,13.192,23.07
2023-03-27 19:00:00,11.75,22.09
2023-03-27 20:00:00,10.695,21.38
2023-03-27 21:00:00,10.008,27.72
2023-03-27 22:00:00,6.651,24.82
2023-03-27 23:00:00,5.668,25.04
2023-03-28 00:00:00,4.354,23.8
2023-03-28 01:00:00,3.835,24.07
2023-03-28 02:00:00,5.345,26.34
2023-03-28 03:00:00,4.755,24.35
2023-03-28 04:00:00,7.048,25.48
2023-03-28 05:00:00,7.067,24.02
2023-03-28 06:00:00,8.727,23.73
2023-03-28 07:00:00,10.219,21.6
2023-03-28 08:00:00,12.128,20.46
2023-03-28 09:00:00,13.617,23.89
2023-03-28 10:00:00,12.721,24.53
2023-03-28 11:00:00,13.568,21.84
2023-03-28 12:00:00,12.766,24.35
2023-03-28 13:00:00,12.947,24.52
2023-03-28 14:00:00,12.305,20.1
2023-03-28 15:00:00,11.465,22.58
2023-03-28 16:00:00,11.864,25.23
2023-03-28 17:00:00,12.345,25.19
2023-03-28 18:00:00,13.432,22.11
2023-03-28 19:00:00,11.547,24.73
2023-03-28 20:00:00,10.267,26.46
2023-03-28 21:00:00,7.988,25.97
2023-03-28 22:00:00,5.735,24.22
2023-03-28 23:00:00,5.364,23.48
2023-03-29 00:00:00,4.145,23.29
2023-03-29 01:00:00,5.014,25.49
2023-03-29 02:00:00,5.246,24.94
2023-03-29 03:00:00,6.769,25.81
2023-03-29 04:00:00,6.16,24.82
2023-03-29 05:00:00,7.364,26.19
2023-03-29 06:00:00,8.263,24.74
2023-03-29 07:00:00,11.418,26.12
2023-03-29 08:00:00,12.876,26.29
2023-03-29 09:00:00,14.236,22.94
2023-03-29 10:00:00,13.448,20.94
2023-03-29 11:00:00,14.166,27.64
2023-03-29 12:00:00,13.219,25.07
2023-03-29 13:00:00,12.505,21.12
2023-03-29 14:00:00,11.616,23.13
2023-03-29 15:00:00,12.728,26.1
2023-03-29 16:00:00,13.311,23.99
2023-03-29 17:00:00,11.75,23.53
2023-03-29 18:00:00,13.195,27.35
2023-03-29 19:00:00,10.249,22.46
2023-03-29 20:00:00,10.942,22.96
2023-03-29 21:00:00,7.481,24.98
2023-03-29 22:00:00,6.352,25.33
2023-03-29 23:00:00,4.468,25.55
2023-03-30 00:00:00,4.038,26.51
2023-03-30 01:00:00,4.721,25.09
2023-03-30 02:00:00,3.54,25.67
2023-03-30 03:00:00,5.031,24.17
2023-03-30 04:00:00,5.892,24.82
2023-03-30 05:00:00,8.391,24.91
2023-03-30 06:00:00,9.315,25.12
2023-03-30 07:00:00,10.297,26.24
2023-03-30 08:00:00,12.485,25.8
2023-03-30 09:00:00,14.829,24.78
2023-03-30 10:00:00,14.555,23.07
2023-03-30 11:00:00,13.209,24.83
2023-03-30 12:00:00,12.911,24.63
2023-03-30 13:00:00,12.345,25.08
2023-03-30 14:00:00,12.092,29.1
2023-03-30 15:00:00,10.871,23.64
2023-03-30 16:00:00,11.737,25.53
2023-03-30 17:00:00,13.412,26.83
2023-03-30 18:00:00,12.367,24.89
2023-03-30 19:00:00,12.341,29.37
2023-03-30 20:00:00,10.643,23.93
2023-03-30 21:00:00,9.948,25.34
2023-03-30 22:00:00,6.588,23.09
2023-03-30 23:00:00,5.838,23.99
2023-03-31 00:00:00,3.731,25.33
2023-03-31 01:00:00,4.147,26.52
2023-03-31 02:00:00,4.647,25.47
2023-03-31 03:00:00,4.97,27.35
2023-03-31 04:00:00,6.067,24.64
2023-03-31 05:00:00,7.942,24.16
2023-03-31 06:00:00,9.038,30.24
2023-03-31 07:00:00,10.961,25.62
2023-03-31 08:00:00,13.09,23.39
2023-03-31 09:00:00,13.352,23.44
2023-03-31 10:00:00,14.779,22.94
2023-03-31 11:00:00,13.914,26.7
2023-03-31 12:00:00,12.949,24.1
2023-03-31 13:00:00,11.279,25.08
2023-03-31 14:00:00,11.842,24.7
2023-03-31 15:00:00,12.243,26.29
2023-03-31 16:00:00,13.098,23.13
2023-03-31 17:00:00,12.734,22.68
2023-03-31 18:00:00,13.287,25.28
2023-03-31 19:00:00,11.371,26.03
2023-03-31 20:00:00,10.547,25.49
2023-03-31 21:00:00,9.269,23.21
2023-03-31 22:00:00,6.177,26.18
2023-03-31 23:00:00,5.741,23.34
2023-04-01 00:00:00,3.87,23.92
2023-04-01 01:00:00,3.691,23.08
2023-04-01 02:00:00,3.912,27.57
2023-04-01 03:00:00,3.976,26.23
2023-04-01 04:00:00,6.417,26.18
2023-04-01 05:00:00,6.883,27.46
2023-04-01 06:00:00,8.423,30.59
2023-04-01 07:00:00,8.981,21.55
2023-04-01 08:00:00,10.791,23.49
2023-04-01 09:00:00,11.877,23.73
2023-04-01 10:00:00,12.249,23.26
2023-04-01 11:00:00,12.084,22.81
2023-04-01 12:00:00,10.635,24.37
2023-04-01 13:00:00,9.668,22.53
2023-04-01 14:00:00,10.362,25.64
2023-04-01 15:00:00,9.118,25.07
2023-04-01 16:00:00,10.163,25.93
2023-04-01 17:00:00,10.351,25.98
2023-04-01 18:00:00,11.08,26.17
2023-04-01 19:00:00,11.399,24.22
2023-04-01 20:00:00,8.194,29.21
2023-04-01 21:00:00,8.704,25.43
2023-04-01 22:00:00,5.448,21.24
2023-04-01 23:00:00,4.59,22.96
2023-04-02 00:00:00,2.553,21.62
2023-04-02 01:00:00,4.194,25.14
2023-04-02 02:00:00,3.952,24.86
2023-04-02 03:00:00,4.425,24.17
2023-04-02 04:00:00,4.456,29.13
2023-04-02 05:00:00,6.451,26.2
2023-04-02 06:00:00,8.302,26.56
2023-04-02 07:00:00,9.098,23.24
2023-04-02 08:00:00,11.465,23.1
2023-04-02 09:00:00,12.515,25.18
2023-04-02 10:00:00,11.707,25.45
2023-04-02 11:00:00,12.598,21.39
2023-04-02 12:00:00,11.147,24.74
2023-04-02 13:00:00,10.654,25.13
2023-04-02 14:00:00,10.322,24.67
2023-04-02 15:00:00,10.15,23.48
2023-04-02 16:00:00,8.689,24.02
2023-04-02 17:00:00,10.479,24.75
2023-04-02 18:00:00,9.914,25.28
2023-04-02 19:00:00,11.295,26.31
2023-04-02 20:00:00,10.119,27.26
2023-04-02 21:00:00,7.807,24.51
2023-04-02 22:00:00,5.479,24.19
2023-04-02 23:00:00,3.896,25.98
2023-04-03 00:00:00,3.768,26.46
2023-04-03 01:00:00,5.351,24.37
2023-04-03 02:00:00,4.316,26.82
2023-04-03 03:00:00,4.011,27.2
2023-04-03 04:00:00,7.024,27.82
2023-04-03 05:00:00,8.643,28.8
2023-04-03 06:00:00,9.99,23.51
2023-04-03 07:00:00,11.566,25.27
2023-04-03 08:00:00,13.456,25.26
2023-04-03 09:00:00,13.937,25.04
2023-04-03 10:00:00,12.9,23.94
2023-04-03 11:00:00,13.712,22.27
2023-04-03 12:00:00,13.481,25.43
2023-04-03 13:00:00,12.351,23.7
2023-04-03 14:00:00,11.994,25.41
2023-04-03 15:00:00,11.317,23.65
2023-04-03 16:00:00,11.45,23.04
2023-04-03 17:00:00,13.604,25.71
2023-04-03 18:00:00,13.752,25.54
2023-04-03 19:00:00,12.121,26.4
2023-04-03 20:00:00,11.159,29.61
2023-04-03 21:00:00,8.053,25.8
2023-04-03 22:00:00,7.099,26.21
2023-04-03 23:00:00,6.214,23.09
2023-04-04 00:00:00,3.094,22.8
2023-04-04 01:00:00,4.765,28.54
2023-04-04 02:00:00,4.891,23.53
2023-04-04 03:00:00,5.542,23.29
2023-04-04 04:00:00,7.211,25.3
2023-04-04 05:00:00,8.681,25.2
2023-04-04 06:00:00,8.86,23.57
2023-04-04 07:00:00,11.327,24.77
2023-04-04 08:00:00,12.977,27.84
2023-04-04 09:00:00,13.481,23.77
2023-04-04 10:00:00,14.285,22.59
2023-04-04 11:00:00,14.323,27.26
2023-04-04 12:00:00,13.3,26.36
2023-04-04 13:00:00,11.921,24.14
2023-04-04 14:00:00,11.735,22.21
2023-04-04 15:00:00,11.633,23.89
2023-04-04 16:00:00,11.626,25.27
2023-04-04 17:00:00,12.844,27.71
2023-04-04 18:00:00,12.796,23.31
2023-04-04 19:00:00,12.642,25.21
2023-04-04 20:00:00,10.195,26.73
2023-04-04 21:00:00,8.199,20.62
2023-04-04 22:00:00,7.745,27.45
2023-04-04 23:00:00,5.062,23.01
2023-04-05 00:00:00,4.17,26.18
2023-04-05 01:00:00,4.173,26.01
2023-04-05 02:00:00,5.493,27.69
2023-04-05 03:00:00,6.091,26.62
2023-04-05 04:00:00,6.824,20.76
2023-04-05 05:00:00,7.429,23.95
2023-04-05 06:00:00,8.578,25.79
2023-04-05 07:00:00,12.101,25.13
2023-04-05 08:00:00,13.334,26.47
2023-04-05 09:00:00,13.775,27.09
2023-04-05 10:00:00,15.159,26.73
2023-04-05 11:00:00,13.459,25.09
2023-04-05 12:00:00,13.87,21.82
2023-04-05 13:00:00,13.36,24.61
2023-04-05 14:00:00,11.617,26.35
2023-04-05 15:00:00,12.247,23.34
2023-04-05 16:00:00,12.704,26.78
2023-04-05 17:00:00,14.197,27.33
2023-04-05 18:00:00,12.205,25.77
2023-04-05 19:00:00,12.891,19.39
2023-04-05 20:00:00,10.554,22.96
2023-04-05 21:00:00,8.216,29.29
2023-04-05 22:00:00,6.556,24.42
2023-04-05 23:00:00,5.161,21.55
2023-04-06 00:00:00,3.685,28.12
2023-04-06 01:00:00,4.453,25.68
2023-04-06 02:00:00,5.412,27.86
2023-04-06 03:00:00,5.509,26.21
2023-04-06 04:00:00,5.994,26.57
2023-04-06 05:00:00,7.455,26.38
2023-04-06 06:00:00,9.195,27.05
2023-04-06 07:00:00,11.544,30.21
2023-04-06 08:00:00,13.584,27.6
2023-04-06 09:00:00,14.014,22.49
2023-04-06 10:00:00,13.457,26.55
2023-04-06 11:00:00,13.656,27.94
2023-04-06 12:00:00,13.424,28.06
2023-04-06 13:00:00,13.164,24.8
2023-04-06 14:00:00,13.091,27.98
2023-04-06 15:00:00,13.199,27.51
2023-04-06 16:00:00,12.757,30.8
2023-04-06 17:00:00,12.903,24.15
2023-04-06 18:00:00,11.727,24.64
2023-04-06 19:00:00,12.317,25.04
2023-04-06 20:00:00,9.956,24.67
2023-04-06 21:00:00,8.534,23.87
2023-04-06 22:00:00,8.435,20.13
2023-04-06 23:00:00,5.41,24.78
2023-04-07 00:00:00,3.675,26.53
2023-04-07 01:00:00,4.474,24.8
2023-04-07 02:00:00,4.731,29.66
2023-04-07 03:00:00,4.774,25.82
2023-04-07 04:00:00,7.748,28.37
2023-04-07 05:00:00,8.189,26.31
2023-04-07 06:00:00,9.448,27.44
2023-04-07 07:00:00,10.8,26.35
2023-04-07 08:00:00,12.831,28.53
2023-04-07 09:00:00,14.905,25.9
2023-04-07 10:00:00,14.509,26.78
2023-04-07 11:00:00,12.035,26.52
2023-04-07 12:00:00,14.576,25.21
2023-04-07 13:00:00,12.715,26.6
2023-04-07 14:00:00,12.787,30.26
2023-04-07 15:00:00,12.637,25.25
2023-04-07 16:00:00,12.519,26.63
2023-04-07 17:00:00,13.183,28.31
2023-04-07 18:00:00,12.594,28.07
2023-04-07 19:00:00,11.373,25.81
2023-04-07 20:00:00,10.729,21.02
2023-04-07 21:00:00,9.598,26.82
2023-04-07 22:00:00,6.213,21.35
2023-04-07 23:00:00,5.101,28.73
2023-04-08 00:00:00,4.319,26.27
2023-04-08 01:00:00,3.564,27.93
2023-04-08 02:00:00,3.691,24.12
2023-04-08 03:00:00,4.246,22.82
2023-04-08 04:00:00,5.372,26.45
2023-04-08 05:00:00,5.48,25.86
2023-04-08 06:00:00,7.414,24.94
2023-04-08 07:00:00,9.539,26.1
2023-04-08 08:00:00,11.641,31.46
2023-04-08 09:00:00,12.74,27.6
2023-04-08 10:00:00,13.431,28.03
2023-04-08 11:00:00,12.838,27.62
2023-04-08 12:00:00,12.028,28.89
2023-04-08 13:00:00,10.597,25.55
2023-04-08 14:00:00,9.872,21.82
2023-04-08 15:00:00,10.242,25.55
2023-04-08 16:00:00,10.872,27.55
2023-04-08 17:00:00,11.095,23.99
2023-04-08 18:00:00,11.162,25.57
2023-04-08 19:00:00,10.189,24.54
2023-04-08 20:00:00,9.842,28.93
2023-04-08 21:00:00,8.277,27.43
2023-04-08 22:00:00,6.371,27.23
2023-04-08 23:00:00,4.609,27.17
2023-04-09 00:00:00,3.08,25.99
2023-04-09 01:00:00,3.214,26.46
2023-04-09 02:00:00,3.528,23.69
2023-04-09 03:00:00,4.632,21.69
2023-04-09 04:00:00,5.729,26.36
2023-04-09 05:00:00,5.647,26.71
2023-04-09 06:00:00,7.715,28.48
2023-04-09 07:00:00,9.841,29.21
2023-04-09 08:00:00,10.679,29.2
2023-04-09 09:00:00,12.102,24.07
2023-04-09 10:00:00,11.955,25.36
2023-04-09 11:00:00,11.459,27.02
2023-04-09 12:00:00,11.811,31.13
2023-04-09 13:00:00,11.229,29.02
2023-04-09 14:00:00,10.067,28.3
2023-04-09 15:00:00,10.085,25.29
2023-04-09 16:00:00,10.609,24.3
2023-04-09 17:00:00,10.38,27.64
2023-04-09 18:00:00,9.732,23.86
2023-04-09 19:00:00,9.404,25.59
2023-04-09 20:00:00,8.865,25.83
2023-04-09 21:00:00,6.927,29.25
2023-04-09 22:00:00,5.518,25.35
2023-04-09 23:00:00,5.431,21.19
2023-04-10 00:00:00,3.458,27.21
2023-04-10 01:00:00,4.098,24.8
2023-04-10 02:00:00,6.036,26.29
2023-04-10 03:00:00,5.647,26.03
2023-04-10 04:00:00,6.085,25.65
2023-04-10 05:00:00,7.612,27.78
2023-04-10 06:00:00,9.309,23.13
2023-04-10 07:00:00,12.02,25.17
2023-04-10 08:00:00,12.645,27.57
2023-04-10 09:00:00,13.512,24.97
2023-04-10 10:00:00,13.361,22.98
2023-04-10 11:00:00,14.066,27.54
2023-04-10 12:00:00,12.568,28.45
2023-04-10 13:00:00,12.331,26.11
2023-04-10 14:00:00,11.529,22.28
2023-04-10 15:00:00,12.835,27.61
2023-04-10 16:00:00,11.808,22.88
2023-04-10 17:00:00,12.879,26.82
2023-04-10 18:00:00,11.676,24.43
2023-04-10 19:00:00,12.139,23.88
2023-04-10 20:00:00,9.958,25.32
2023-04-10 21:00:00,8.453,25.83
2023-04-10 22:00:00,8.031,24.91
2023-04-10 23:00:00,6.004,27.38
2023-04-11 00:00:00,4.102,25.44
2023-04-11 01:00:00,6.458,28.3
2023-04-11 02:00:00,4.269,26.9
2023-04-11 03:00:00,6.057,24.94
2023-04-11 04:00:00,5.35,24.6
2023-04-11 05:00:00,7.317,23.04
2023-04-11 06:00:00,8.442,26.92
2023-04-11 07:00:00,11.198,25.63
2023-04-11 08:00:00,12.766,21.59
2023-04-11 09:00:00,13.813,25.26
2023-04-11 10:00:00,14.903,24.53
2023-04-11 11:00:00,13.884,29.49
2023-04-11 12:00:00,13.298,22.93
2023-04-11 13:00:00,12.999,23.45
2023-04-11 14:00:00,11.544,28.56
2023-04-11 15:00:00,11.904,29.05
2023-04-11 16:00:00,12.22,24.85
2023-04-11 17:00:00,12.925,25.07
2023-04-11 18:00:00,13.709,27.57
2023-04-11 19:00:00,11.92,21.68
2023-04-11 20:00:00,10.421,22.61
2023-04-11 21:00:00,8.197,25.77
2023-04-11 22:00:00,7.293,29.44
2023-04-11 23:00:00,5.147,25.46
2023-04-12 00:00:00,4.112,26.67
2023-04-12 01:00:00,4.546,28.74
2023-04-12 02:00:00,5.579,30.69
2023-04-12 03:00:00,5.056,25.32
2023-04-12 04:00:00,5.928,26.44
2023-04-12 05:00:00,8.258,30.12
2023-04-12 06:00:00,7.276,23.43
2023-04-12 07:00:00,10.935,28.53
2023-04-12 08:00:00,12.106,24.44
2023-04-12 09:00:00,14.827,26.68
2023-04-12 10:00:00,14.077,25.99
2023-04-12 11:00:00,13.509,24.56
2023-04-12 12:00:00,13.134,24.51
2023-04-12 13:00:00,12.353,27.02
2023-04-12 14:00:00,12.2,28.46
2023-04-12 15:00:00,12.173,26.21
2023-04-12 16:00:00,12.058,26.61
2023-04-12 17:00:00,12.484,27.61
2023-04-12 18:00:00,12.071,24.53
2023-04-12 19:00:00,11.657,27.95
2023-04-12 20:00:00,10.961,28.11
2023-04-12 21:00:00,9.558,31.68
2023-04-12 22:00:00,5.924,25.72
2023-04-12 23:00:00,5.804,25.56
2023-04-13 00:00:00,4.882,28.15
2023-04-13 01:00:00,5.155,28.25
2023-04-13 02:00:00,4.944,25.54
2023-04-13 03:00:00,5.824,25.8
2023-04-13 04:00:00,7.823,27.69
2023-04-13 05:00:00,7.381,24.95
2023-04-13 06:00:00,8.582,25.79
2023-04-13 07:00:00,10.239,26.79
2023-04-13 08:00:00,14.17,28.6
2023-04-13 09:00:00,15.103,25.4
2023-04-13 10:00:00,13.686,22.92
2023-04-13 11:00:00,13.381,22.77
2023-04-13 12:00:00,12.973,24.09
2023-04-13 13:00:00,13.293,23.98
2023-04-13 14:00:00,11.503,26.3
2023-04-13 15:00:00,10.852,24.23
2023-04-13 16:00:00,13.543,25.2
2023-04-13 17:00:00,12.771,25.06
2023-04-13 18:00:00,13.029,25.73
2023-04-13 19:00:00,12.383,29.25
2023-04-13 20:00:00,11.206,27.93
2023-04-13 21:00:00,7.908,26.64
2023-04-13 22:00:00,6.294,25.69
2023-04-13 23:00:00,5.442,25.74
2023-04-14 00:00:00,3.013,27.4
2023-04-14 01:00:00,4.377,27.91
2023-04-14 02:00:00,4.535,24.93
2023-04-14 03:00:00,5.351,26.81
2023-04-14 04:00:00,5.947,22.68
2023-04-14 05:00:00,7.129,27.17
2023-04-14 06:00:00,8.337,28.27
2023-04-14 07:00:00,11.224,26.18
2023-04-14 08:00:00,13.171,30.37
2023-04-14 09:00:00,13.217,24.98
2023-04-14 10:00:00,14.507,27.18
2023-04-14 11:00:00,13.831,26.67
2023-04-14 12:00:00,13.042,26.54
2023-04-14 13:00:00,11.417,26.51
2023-04-14 14:00:00,12.755,26.96
2023-04-14 15:00:00,11.605,28.44
2023-04-14 16:00:00,12.669,29.5
2023-04-14 17:00:00,12.225,26.74
2023-04-14 18:00:00,12.758,28.37
2023-04-14 19:00:00,12.887,25.34
2023-04-14 20:00:00,11.3,28.27
2023-04-14 21:00:00,9.426,25.22
2023-04-14 22:00:00,7.293,28.92
2023-04-14 23:00:00,6.197,31.16
2023-04-15 00:00:00,2.668,26.63
2023-04-15 01:00:00,3.493,22.49
2023-04-15 02:00:00,4.005,25.78
2023-04-15 03:00:00,5.754,29.34
2023-04-15 04:00:00,5.36,27.98
2023-04-15 05:00:00,6.82,27.37
2023-04-15 06:00:00,8.308,28.89
2023-04-15 07:00:00,10.36,27.84
2023-04-15 08:00:00,11.263,29.31
2023-04-15 09:00:00,12.777,28.71
2023-04-15 10:00:00,11.64,29.92
2023-04-15 11:00:00,11.085,27.59
2023-04-15 12:00:00,10.212,28.69
2023-04-15 13:00:00,11.327,26.26
2023-04-15 14:00:00,10.882,25.67
2023-04-15 15:00:00,11.343,30.29
2023-04-15 16:00:00,10.217,27.31
2023-04-15 17:00:00,10.693,28.49
2023-04-15 18:00:00,10.948,27.12
2023-04-15 19:00:00,11.311,25.7
2023-04-15 20:00:00,10.319,26.9
2023-04-15 21:00:00,8.366,29.75
2023-04-15 22:00:00,6.234,27.99
2023-04-15 23:00:00,5.357,23.45
2023-04-16 00:00:00,3.604,26.58
2023-04-16 01:00:00,4.06,30.57
2023-04-16 02:00:00,4.141,26.58
2023-04-16 03:00:00,4.042,23.41
2023-04-16 04:00:00,5.915,30.8
2023-04-16 05:00:00,6.109,28.37
2023-04-16 06:00:00,8.622,26.87
2023-04-16 07:00:00,9.888,26.27
2023-04-16 08:00:00,12.209,29.17
2023-04-16 09:00:00,11.089,25.93
2023-04-16 10:00:00,13.753,29.31
2023-04-16 11:00:00,11.181,28.09
2023-04-16 12:00:00,10.772,27.5
2023-04-16 13:00:00,10.587,27.3
2023-04-16 14:00:00,11.353,26.66
2023-04-16 15:00:00,10.819,29.1
2023-04-16 16:00:00,10.362,25.28
2023-04-16 17:00:00,10.268,23.77
2023-04-16 18:00:00,10.321,28.24
2023-04-16 19:00:00,11.354,28.27
2023-04-16 20:00:00,9.899,27.97
2023-04-16 21:00:00,8.517,27.82
2023-04-16 22:00:00,6.163,26.37
2023-04-16 23:00:00,3.325,28.58
2023-04-17 00:00:00,3.673,27.05
2023-04-17 01:00:00,4.77,26.17
2023-04-17 02:00:00,4.699,26.52
2023-04-17 03:00:00,5.76,31.18
2023-04-17 04:00:00,5.707,23.67
2023-04-17 05:00:00,8.456,28.14
2023-04-17 06:00:00,9.488,23.78
2023-04-17 07:00:00,11.565,26.93
2023-04-17 08:00:00,12.629,26.28
2023-04-17 09:00:00,14.157,22.97
2023-04-17 10:00:00,13.806,27.92
2023-04-17 11:00:00,13.983,26.38
2023-04-17 12:00:00,11.717,22.94
2023-04-17 13:00:00,12.053,28.82
2023-04-17 14:00:00,12.542,30.01
2023-04-17 15:00:00,14.039,30.12
2023-04-17 16:00:00,11.449,27.86
2023-04-17 17:00:00,12.076,27.23
2023-04-17 18:00:00,13.356,29.8
2023-04-17 19:00:00,13.821,30.51
2023-04-17 20:00:00,11.3,29.41
2023-04-17 21:00:00,9.245,25.26
2023-04-17 22:00:00,6.827,27.55
2023-04-17 23:00:00,5.345,28.02
2023-04-18 00:00:00,4.314,23.66
2023-04-18 01:00:00,4.294,28.21
2023-04-18 02:00:00,5.991,31.82
2023-04-18 03:00:00,4.827,28.55
2023-04-18 04:00:00,7.449,30.22
2023-04-18 05:00:00,7.891,27.64
2023-04-18 06:00:00,9.298,27.13
2023-04-18 07:00:00,10.403,28.04
2023-04-18 08:00:00,12.408,25.64
2023-04-18 09:00:00,14.88,25.35
2023-04-18 10:00:00,14.718,29.81
2023-04-18 11:00:00,14.616,30.02
2023-04-18 12:00:00,12.813,25.29
2023-04-18 13:00:00,13.047,29.21
2023-04-18 14:00:00,11.634,27.1
2023-04-18 15:00:00,12.457,27.95
2023-04-18 16:00:00,12.811,28.2
2023-04-18 17:00:00,13.245,29.26
2023-04-18 18:00:00,12.462,27.44
2023-04-18 19:00:00,12.526,30.1
2023-04-18 20:00:00,11.367,27.89
2023-04-18 21:00:00,8.979,28.52
2023-04-18 22:00:00,6.743,25.61
2023-04-18 23:00:00,7.267,31.59
2023-04-19 00:00:00,4.023,28.35
2023-04-19 01:00:00,5.431,28.83
2023-04-19 02:00:00,4.16,24.19
2023-04-19 03:00:00,5.982,25.76
2023-04-19 04:00:00,7.325,29.88
2023-04-19 05:00:00,7.622,27.98
2023-04-19 06:00:00,8.535,23.58
2023-04-19 07:00:00,10.392,29.48
2023-04-19 08:00:00,12.699,26.32
2023-04-19 09:00:00,14.958,30.23
2023-04-19 10:00:00,13.957,27.23
2023-04-19 11:00:00,14.292,27.82
2023-04-19 12:00:00,12.879,29.76
2023-04-19 13:00:00,12.642,25.61
2023-04-19 14:00:00,11.683,25.42
2023-04-19 15:00:00,12.297,27.01
2023-04-19 16:00:00,12.409,29.06
2023-04-19 17:00:00,12.005,24.74
2023-04-19 18:00:00,12.435,24.07
2023-04-19 19:00:00,12.074,29.05
2023-04-19 20:00:00,10.148,26.2
2023-04-19 21:00:00,9.615,26.62
2023-04-19 22:00:00,6.647,23.69
2023-04-19 23:00:00,4.227,26.05
2023-04-20 00:00:00,4.172,27.52
2023-04-20 01:00:00,5.426,29.4
2023-04-20 02:00:00,4.515,26.0
2023-04-20 03:00:00,7.032,30.85
2023-04-20 04:00:00,6.059,26.17
2023-04-20 05:00:00,8.114,26.17
2023-04-20 06:00:00,10.491,30.61
2023-04-20 07:00:00,11.711,27.96
2023-04-20 08:00:00,12.282,26.43
2023-04-20 09:00:00,13.784,27.23
2023-04-20 10:00:00,15.661,30.24
2023-04-20 11:00:00,14.085,30.47
2023-04-20 12:00:00,14.02,25.9
2023-04-20 13:00:00,12.688,27.45
2023-04-20 14:00:00,12.655,27.72
2023-04-20 15:00:00,11.443,25.57
2023-04-20 16:00:00,12.212,27.43
2023-04-20 17:00:00,12.411,27.55
2023-04-20 18:00:00,13.45,29.82
2023-04-20 19:00:00,12.828,29.95
2023-04-20 20:00:00,11.294,26.88
2023-04-20 21:00:00,8.74,27.11
2023-04-20 22:00:00,6.69,28.87
2023-04-20 23:00:00,5.71,26.37
2023-04-21 00:00:00,4.091,28.85
2023-04-21 01:00:00,5.359,27.49
2023-04-21 02:00:00,4.919,25.73
2023-04-21 03:00:00,5.456,25.75
2023-04-21 04:00:00,7.329,30.56
2023-04-21 05:00:00,7.888,27.35
2023-04-21 06:00:00,8.953,30.95
2023-04-21 07:00:00,10.724,26.64
2023-04-21 08:00:00,13.928,28.25
2023-04-21 09:00:00,15.087,32.45
2023-04-21 10:00:00,13.539,25.55
2023-04-21 11:00:00,14.265,23.87
2023-04-21 12:00:00,13.553,30.24
2023-04-21 13:00:00,12.344,26.01
2023-04-21 14:00:00,11.906,27.63
2023-04-21 15:00:00,12.967,26.5
2023-04-21 16:00:00,11.502,28.2
2023-04-21 17:00:00,12.332,25.77
2023-04-21 18:00:00,13.155,27.31
2023-04-21 19:00:00,13.59,28.57
2023-04-21 20:00:00,11.297,25.65
2023-04-21 21:00:00,8.495,26.27
2023-04-21 22:00:00,8.018,26.97
2023-04-21 23:00:00,4.729,24.81
2023-04-22 00:00:00,4.122,26.95
2023-04-22 01:00:00,4.467,28.03
2023-04-22 02:00:00,3.899,27.0
2023-04-22 03:00:00,5.43,27.25
2023-04-22 04:00:00,5.536,27.76
2023-04-22 05:00:00,7.21,26.49
2023-04-22 06:00:00,7.303,29.18
2023-04-22 07:00:00,10.396,30.67
2023-04-22 08:00:00,11.059,26.87
2023-04-22 09:00:00,13.177,28.77
2023-04-22 10:00:00,12.563,27.32
2023-04-22 11:00:00,13.095,28.53
2023-04-22 12:00:00,12.369,30.93
2023-04-22 13:00:00,11.207,28.81
2023-04-22 14:00:00,11.085,24.25
2023-04-22 15:00:00,11.293,28.71
2023-04-22 16:00:00,11.43,30.26
2023-04-22 17:00:00,9.75,27.35
2023-04-22 18:00:00,10.908,29.79
2023-04-22 19:00:00,11.523,26.42
2023-04-22 20:00:00,8.623,24.83
2023-04-22 21:00:00,8.437,28.08
2023-04-22 22:00:00,6.416,24.28
2023-04-22 23:00:00,4.531,27.32
2023-04-23 00:00:00,3.182,30.5
2023-04-23 01:00:00,3.612,24.11
2023-04-23 02:00:00,5.6,25.37
2023-04-23 03:00:00,4.427,25.86
2023-04-23 04:00:00,5.406,27.8
2023-04-23 05:00:00,6.284,27.19
2023-04-23 06:00:00,9.367,30.72
2023-04-23 07:00:00,9.973,29.83
2023-04-23 08:00:00,11.159,28.92
2023-04-23 09:00:00,13.313,28.22
2023-04-23 10:00:00,13.106,28.71
2023-04-23 11:00:00,11.629,26.2
2023-04-23 12:00:00,11.194,29.64
2023-04-23 13:00:00,11.751,25.7
2023-04-23 14:00:00,11.078,29.6
2023-04-23 15:00:00,10.113,30.3
2023-04-23 16:00:00,9.887,28.35
2023-04-23 17:00:00,10.51,27.57
2023-04-23 18:00:00,10.665,28.73
2023-04-23 19:00:00,9.344,22.2
2023-04-23 20:00:00,9.028,28.53
2023-04-23 21:00:00,7.354,27.7
2023-04-23 22:00:00,5.978,27.82
2023-04-23 23:00:00,6.222,29.34
2023-04-24 00:00:00,4.556,27.9
2023-04-24 01:00:00,4.588,25.77
2023-04-24 02:00:00,5.551,27.77
2023-04-24 03:00:00,5.806,28.19
2023-04-24 04:00:00,7.125,28.28
2023-04-24 05:00:00,8.302,28.38
2023-04-24 06:00:00,10.014,30.13
2023-04-24 07:00:00,13.072,25.88
2023-04-24 08:00:00,13.959,28.4
2023-04-24 09:00:00,14.213,30.63
2023-04-24 10:00:00,14.826,24.58
2023-04-24 11:00:00,13.983,28.41
2023-04-24 12:00:00,13.907,26.88
2023-04-24 13:00:00,12.244,27.31
2023-04-24 14:00:00,11.923,26.24
2023-04-24 15:00:00,12.776,27.71
2023-04-24 16:00:00,13.833,31.74
2023-04-24 17:00:00,13.226,25.52
2023-04-24 18:00:00,13.584,25.71
2023-04-24 19:00:00,12.721,25.45
2023-04-24 20:00:00,11.788,31.51
2023-04-24 21:00:00,8.868,27.13
2023-04-24 22:00:00,7.782,28.0
2023-04-24 23:00:00,6.418,27.25
2023-04-25 00:00:00,4.584,26.29
2023-04-25 01:00:00,4.802,27.71
2023-04-25 02:00:00,6.957,33.1
2023-04-25 03:00:00,6.31,30.96
2023-04-25 04:00:00,6.812,26.47
2023-04-25 05:00:00,8.582,29.48
2023-04-25 06:00:00,9.553,26.52
2023-04-25 07:00:00,10.892,24.63
2023-04-25 08:00:00,13.889,30.22
2023-04-25 09:00:00,14.858,30.5
2023-04-25 10:00:00,16.24,30.27
2023-04-25 11:00:00,14.859,27.24
2023-04-25 12:00:00,13.402,27.85
2023-04-25 13:00:00,13.79,29.68
2023-04-25 14:00:00,13.053,28.96
2023-04-25 15:00:00,13.364,27.39
2023-04-25 16:00:00,12.268,24.94
2023-04-25 17:00:00,13.304,28.41
2023-04-25 18:00:00,13.495,30.34
2023-04-25 19:00:00,12.589,25.79
2023-04-25 20:00:00,10.912,29.46
2023-04-25 21:00:00,9.718,28.84
2023-04-25 22:00:00,7.766,29.68
2023-04-25 23:00:00,6.893,29.92
2023-04-26 00:00:00,4.7,26.92
2023-04-26 01:00:00,4.478,25.07
2023-04-26 02:00:00,5.748,27.24
2023-04-26 03:00:00,5.764,30.08
2023-04-26 04:00:00,7.513,27.22
2023-04-26 05:00:00,8.726,26.92
2023-04-26 06:00:00,10.297,24.66
2023-04-26 07:00:00,12.363,31.81
2023-04-26 08:00:00,13.375,29.96
2023-04-26 09:00:00,14.899,29.85
2023-04-26 10:00:00,15.397,30.24
2023-04-26 11:00:00,14.313,29.46
2023-04-26 12:00:00,14.594,27.82
2023-04-26 13:00:00,13.553,27.98
2023-04-26 14:00:00,12.221,27.45
2023-04-26 15:00:00,14.585,33.58
2023-04-26 16:00:00,13.05,29.42
2023-04-26 17:00:00,12.475,27.38
2023-04-26 18:00:00,12.958,29.24
2023-04-26 19:00:00,13.517,26.28
2023-04-26 20:00:00,12.826,31.32
2023-04-26 21:00:00,9.84,26.98
2023-04-26 22:00:00,8.3,29.31
2023-04-26 23:00:00,6.958,30.44
2023-04-27 00:00:00,5.301,29.2
2023-04-27 01:00:00,5.237,28.62
2023-04-27 02:00:00,5.751,28.45
2023-04-27 03:00:00,6.518,28.32
2023-04-27 04:00:00,6.462,27.28
2023-04-27 05:00:00,8.607,27.53
2023-04-27 06:00:00,11.106,31.39
2023-04-27 07:00:00,11.592,28.21
2023-04-27 08:00:00,13.2,26.86
2023-04-27 09:00:00,14.9,27.4
2023-04-27 10:00:00,14.871,30.63
2023-04-27 11:00:00,13.938,29.78
2023-04-27 12:00:00,14.708,29.55
2023-04-27 13:00:00,12.968,27.92
2023-04-27 14:00:00,13.029,29.58
2023-04-27 15:00:00,12.269,27.14
2023-04-27 16:00:00,13.637,27.91
2023-04-27 17:00:00,14.012,30.37
2023-04-27 18:00:00,13.467,30.18
2023-04-27 19:00:00,11.968,26.47
2023-04-27 20:00:00,11.046,26.72
2023-04-27 21:00:00,9.771,28.65
2023-04-27 22:00:00,8.015,31.88
2023-04-27 23:00:00,5.817,24.6
2023-04-28 00:00:00,5.124,29.11
2023-04-28 01:00:00,5.301,25.8
2023-04-28 02:00:00,5.333,27.29
2023-04-28 03:00:00,6.339,27.83
2023-04-28 04:00:00,6.393,27.71
2023-04-28 05:00:00,9.736,27.49
2023-04-28 06:00:00,9.741,28.57
2023-04-28 07:00:00,11.81,27.48
2023-04-28 08:00:00,13.685,25.63
2023-04-28 09:00:00,14.701,30.11
2023-04-28 10:00:00,15.23,30.06
2023-04-28 11:00:00,14.825,30.24
2023-04-28 12:00:00,13.152,25.47
2023-04-28 13:00:00,13.671,29.15
2023-04-28 14:00:00,12.109,29.91
2023-04-28 15:00:00,13.677,26.49
2023-04-28 16:00:00,13.453,28.57
2023-04-28 17:00:00,13.684,28.32
2023-04-28 18:00:00,12.913,32.24
2023-04-28 19:00:00,12.948,32.4
2023-04-28 20:00:00,12.033,25.23
2023-04-28 21:00:00,12.672,33.54
2023-04-28 22:00:00,8.057,26.72
2023-04-28 23:00:00,6.941,30.52
2023-04-29 00:00:00,4.943,30.62
2023-04-29 01:00:00,3.818,26.69
2023-04-29 02:00:00,5.562,29.66
2023-04-29 03:00:00,4.732,28.46
2023-04-29 04:00:00,5.605,29.79
2023-04-29 05:00:00,6.543,29.14
2023-04-29 06:00:00,9.506,31.07
2023-04-29 07:00:00,10.199,28.83
2023-04-29 08:00:00,11.767,28.34
2023-04-29 09:00:00,13.009,30.87
2023-04-29 10:00:00,12.446,29.84
2023-04-29 11:00:00,12.4,30.14
2023-04-29 12:00:00,11.55,27.35
2023-04-29 13:00:00,10.505,26.59
2023-04-29 14:00:00,10.783,27.54
2023-04-29 15:00:00,10.312,27.44
2023-04-29 16:00:00,11.759,30.25
2023-04-29 17:00:00,12.156,30.63
2023-04-29 18:00:00,10.828,28.37
2023-04-29 19:00:00,11.354,31.54
2023-04-29 20:00:00,11.402,31.41
2023-04-29 21:00:00,7.701,29.16
2023-04-29 22:00:00,6.676,27.03
2023-04-29 23:00:00,5.844,31.83
2023-04-30 00:00:00,5.089,28.68
2023-04-30 01:00:00,4.769,29.05
2023-04-30 02:00:00,4.579,28.12
2023-04-30 03:00:00,5.343,27.02
2023-04-30 04:00:00,6.057,25.86
2023-04-30 05:00:00,7.407,30.07
2023-04-30 06:00:00,7.732,27.23
2023-04-30 07:00:00,11.984,34.92
2023-04-30 08:00:00,12.238,26.63
2023-04-30 09:00:00,11.951,26.28
2023-04-30 10:00:00,12.982,29.82
2023-04-30 11:00:00,12.957,31.86
2023-04-30 12:00:00,11.426,28.93
2023-04-30 13:00:00,10.607,29.94
2023-04-30 14:00:00,10.557,25.11
2023-04-30 15:00:00,10.791,27.44
2023-04-30 16:00:00,10.219,26.65
2023-04-30 17:00:00,11.385,25.01
2023-04-30 18:00:00,12.416,29.03
2023-04-30 19:00:00,11.395,24.31
2023-04-30 20:00:00,9.684,26.16
2023-04-30 21:00:00,7.079,27.73
2023-04-30 22:00:00,6.901,27.14
2023-04-30 23:00:00,5.6,29.59
2023-05-01 00:00:00,5.429,29.53
2023-05-01 01:00:00,6.626,30.71
2023-05-01 02:00:00,5.336,30.42
2023-05-01 03:00:00,4.878,31.2
2023-05-01 04:00:00,6.603,28.92
2023-05-01 05:00:00,8.836,29.53
2023-05-01 06:00:00,10.215,29.94
2023-05-01 07:00:00,11.261,29.2
2023-05-01 08:00:00,12.816,28.13
2023-05-01 09:00:00,14.649,28.26
2023-05-01 10:00:00,14.309,27.29
2023-05-01 11:00:00,15.207,29.76
2023-05-01 12:00:00,13.847,28.73
2023-05-01 13:00:00,13.001,27.59
2023-05-01 14:00:00,12.522,27.6
2023-05-01 15:00:00,12.911,26.5
2023-05-01 16:00:00,13.416,30.88
2023-05-01 17:00:00,13.63,29.08
2023-05-01 18:00:00,13.569,27.19
2023-05-01 19:00:00,13.225,30.54
2023-05-01 20:00:00,10.894,27.8
2023-05-01 21:00:00,8.94,26.11
2023-05-01 22:00:00,7.695,30.96
2023-05-01 23:00:00,7.379,27.85
2023-05-02 00:00:00,4.265,28.22
2023-05-02 01:00:00,5.057,29.12
2023-05-02 02:00:00,6.062,31.32
2023-05-02 03:00:00,6.189,29.08
2023-05-02 04:00:00,7.713,26.64
2023-05-02 05:00:00,8.479,30.13
2023-05-02 06:00:00,9.893,28.07
2023-05-02 07:00:00,13.044,32.82
2023-05-02 08:00:00,14.895,29.04
2023-05-02 09:00:00,15.491,24.57
2023-05-02 10:00:00,15.277,29.75
2023-05-02 11:00:00,15.382,32.93
2023-05-02 12:00:00,14.635,32.19
2023-05-02 13:00:00,14.176,32.7
2023-05-02 14:00:00,12.463,27.0
2023-05-02 15:00:00,13.827,30.86
2023-05-02 16:00:00,13.179,27.6
2023-05-02 17:00:00,13.575,29.49
2023-05-02 18:00:00,12.688,26.49
2023-05-02 19:00:00,13.032,27.75
2023-05-02 20:00:00,10.412,27.69
2023-05-02 21:00:00,9.564,30.84
2023-05-02 22:00:00,7.593,30.64
2023-05-02 23:00:00,6.544,29.59
2023-05-03 00:00:00,6.097,26.46
2023-05-03 01:00:00,5.632,28.53
2023-05-03 02:00:00,6.479,27.67
2023-05-03 03:00:00,7.036,30.9
2023-05-03 04:00:00,8.341,31.51
2023-05-03 05:00:00,9.983,31.27
2023-05-03 06:00:00,9.6,27.65
2023-05-03 07:00:00,11.21,23.68
2023-05-03 08:00:00,13.964,25.62
2023-05-03 09:00:00,15.437,32.0
2023-05-03 10:00:00,15.379,28.36
2023-05-03 11:00:00,14.609,27.66
2023-05-03 12:00:00,14.336,32.44
2023-05-03 13:00:00,14.94,31.69
2023-05-03 14:00:00,12.572,29.21
2023-05-03 15:00:00,13.439,28.57
2023-05-03 16:00:00,13.545,28.89
2023-05-03 17:00:00,12.714,29.61
2023-05-03 18:00:00,13.695,32.36
2023-05-03 19:00:00,12.89,30.0
2023-05-03 20:00:00,12.266,30.61
2023-05-03 21:00:00,9.835,31.5
2023-05-03 22:00:00,7.514,26.82
2023-05-03 23:00:00,5.683,30.67
2023-05-04 00:00:00,6.61,28.69
2023-05-04 01:00:00,5.077,24.24
2023-05-04 02:00:00,5.771,25.02
2023-05-04 03:00:00,5.957,27.24
2023-05-04 04:00:00,7.153,30.34
2023-05-04 05:00:00,9.825,29.5
2023-05-04 06:00:00,9.148,29.64
2023-05-04 07:00:00,12.878,33.18
2023-05-04 08:00:00,12.957,26.74
2023-05-04 09:00:00,14.859,29.22
2023-05-04 10:00:00,15.084,29.88
2023-05-04 11:00:00,14.226,27.8
2023-05-04 12:00:00,14.319,29.33
2023-05-04 13:00:00,11.855,26.08
2023-05-04 14:00:00,13.489,32.09
2023-05-04 15:00:00,12.953,27.91
2023-05-04 16:00:00,13.109,33.34
2023-05-04 17:00:00,14.568,29.21
2023-05-04 18:00:00,13.721,31.33
2023-05-04 19:00:00,13.09,29.17
2023-05-04 20:00:00,11.442,29.21
2023-05-04 21:00:00,9.629,28.11
2023-05-04 22:00:00,8.662,29.51
2023-05-04 23:00:00,7.987,29.91
2023-05-05 00:00:00,5.622,27.82
2023-05-05 01:00:00,6.102,29.14
2023-05-05 02:00:00,6.781,28.17
2023-05-05 03:00:00,7.408,33.99
2023-05-05 04:00:00,8.394,29.21
2023-05-05 05:00:00,9.629,32.48
2023-05-05 06:00:00,10.356,29.0
2023-05-05 07:00:00,12.469,29.91
2023-05-05 08:00:00,12.639,26.75
2023-05-05 09:00:00,15.245,28.5
2023-05-05 10:00:00,14.579,29.81
2023-05-05 11:00:00,14.513,32.56
2023-05-05 12:00:00,14.522,29.83
2023-05-05 13:00:00,13.467,32.16
2023-05-05 14:00:00,13.507,30.67
2023-05-05 15:00:00,13.765,32.65
2023-05-05 16:00:00,13.476,29.27
2023-05-05 17:00:00,13.934,34.17
2023-05-05 18:00:00,14.297,28.42
2023-05-05 19:00:00,13.089,27.86
2023-05-05 20:00:00,11.89,26.97
2023-05-05 21:00:00,9.871,34.05
2023-05-05 22:00:00,8.018,31.03
2023-05-05 23:00:00,7.069,28.72
2023-05-06 00:00:00,5.734,32.0
2023-05-06 01:00:00,4.621,30.88
2023-05-06 02:00:00,5.532,33.44
2023-05-06 03:00:00,4.938,26.41
2023-05-06 04:00:00,6.159,28.97
2023-05-06 05:00:00,6.723,28.58
2023-05-06 06:00:00,8.598,25.56
2023-05-06 07:00:00,11.299,31.63
2023-05-06 08:00:00,11.619,28.96
2023-05-06 09:00:00,13.297,30.98
2023-05-06 10:00:00,14.011,34.22
2023-05-06 11:00:00,13.592,28.8
2023-05-06 12:00:00,11.999,28.66
2023-05-06 13:00:00,11.631,29.74
2023-05-06 14:00:00,11.368,31.48
2023-05-06 15:00:00,10.684,28.37
2023-05-06 16:00:00,11.814,28.24
2023-05-06 17:00:00,12.14,31.62
2023-05-06 18:00:00,12.176,30.26
2023-05-06 19:00:00,11.98,25.42
2023-05-06 20:00:00,10.901,27.05
2023-05-06 21:00:00,8.092,32.51
2023-05-06 22:00:00,7.476,30.31
2023-05-06 23:00:00,5.747,27.98
2023-05-07 00:00:00,4.547,29.28
2023-05-07 01:00:00,5.181,29.64
2023-05-07 02:00:00,4.486,31.09
2023-05-07 03:00:00,6.494,26.9
2023-05-07 04:00:00,6.803,27.94
2023-05-07 05:00:00,7.279,30.16
2023-05-07 06:00:00,8.717,29.42
2023-05-07 07:00:00,9.819,30.76
2023-05-07 08:00:00,11.775,27.16
2023-05-07 09:00:00,13.02,30.33
2023-05-07 10:00:00,12.969,31.8
2023-05-07 11:00:00,13.694,30.59
2023-05-07 12:00:00,13.324,29.9
2023-05-07 13:00:00,11.97,29.43
2023-05-07 14:00:00,11.305,27.95
2023-05-07 15:00:00,11.798,29.47
2023-05-07 16:00:00,12.044,32.14
2023-05-07 17:00:00,11.316,29.38
2023-05-07 18:00:00,11.527,27.84
2023-05-07 19:00:00,11.344,28.63
2023-05-07 20:00:00,10.609,30.02
2023-05-07 21:00:00,8.628,28.87
2023-05-07 22:00:00,7.3,30.59
2023-05-07 23:00:00,5.059,30.66
2023-05-08 00:00:00,6.171,31.51
2023-05-08 01:00:00,6.083,32.58
2023-05-08 02:00:00,7.879,31.72
2023-05-08 03:00:00,6.296,27.86
2023-05-08 04:00:00,7.655,27.92
2023-05-08 05:00:00,10.577,29.58
2023-05-08 06:00:00,10.512,28.83
2023-05-08 07:00:00,12.101,27.45
2023-05-08 08:00:00,13.479,28.85
2023-05-08 09:00:00,16.162,28.78
2023-05-08 10:00:00,14.793,28.39
2023-05-08 11:00:00,15.4,29.1
2023-05-08 12:00:00,14.59,32.09
2023-05-08 13:00:00,13.87,30.13
2023-05-08 14:00:00,13.486,34.67
2023-05-08 15:00:00,14.247,30.07
2023-05-08 16:00:00,13.33,29.15
2023-05-08 17:00:00,13.187,29.74
2023-05-08 18:00:00,14.868,30.24
2023-05-08 19:00:00,13.303,30.6
2023-05-08 20:00:00,12.903,33.88
2023-05-08 21:00:00,10.369,28.04
2023-05-08 22:00:00,8.616,31.45
2023-05-08 23:00:00,5.407,30.15
2023-05-09 00:00:00,5.692,26.7
2023-05-09 01:00:00,5.879,31.38
2023-05-09 02:00:00,6.305,32.38
2023-05-09 03:00:00,6.538,28.13
2023-05-09 04:00:00,6.754,29.82
2023-05-09 05:00:00,8.738,26.39
2023-05-09 06:00:00,9.48,27.32
2023-05-09 07:00:00,12.572,31.94
2023-05-09 08:00:00,14.221,28.91
2023-05-09 09:00:00,15.824,27.62
2023-05-09 10:00:00,15.271,30.3
2023-05-09 11:00:00,16.03,28.8
2023-05-09 12:00:00,15.058,28.9
2023-05-09 13:00:00,13.942,31.32
2023-05-09 14:00:00,12.683,27.52
2023-05-09 15:00:00,12.394,28.03
2023-05-09 16:00:00,13.832,30.15
2023-05-09 17:00:00,13.809,31.78
2023-05-09 18:00:00,15.194,32.32
2023-05-09 19:00:00,12.994,28.51
2023-05-09 20:00:00,11.837,31.72
2023-05-09 21:00:00,10.076,28.27
2023-05-09 22:00:00,8.312,33.49
2023-05-09 23:00:00,6.498,27.57
2023-05-10 00:00:00,6.64,32.61
2023-05-10 01:00:00,5.708,28.64
2023-05-10 02:00:00,6.911,33.98
2023-05-10 03:00:00,7.143,31.13
2023-05-10 04:00:00,6.544,27.92
2023-05-10 05:00:00,9.136,28.9
2023-05-10 06:00:00,10.942,31.51
2023-05-10 07:00:00,13.348,32.05
2023-05-10 08:00:00,14.647,29.81
2023-05-10 09:00:00,15.373,30.04
2023-05-10 10:00:00,16.598,31.47
2023-05-10 11:00:00,15.204,30.21
2023-05-10 12:00:00,14.538,27.36
2023-05-10 13:00:00,13.688,28.32
2023-05-10 14:00:00,13.999,30.42
2023-05-10 15:00:00,13.656,32.38
2023-05-10 16:00:00,15.176,33.18
2023-05-10 17:00:00,15.47,31.51
2023-05-10 18:00:00,14.778,30.52
2023-05-10 19:00:00,14.752,31.45
2023-05-10 20:00:00,11.099,28.62
2023-05-10 21:00:00,9.286,29.64
2023-05-10 22:00:00,7.842,28.3
2023-05-10 23:00:00,6.557,27.45
2023-05-11 00:00:00,5.689,30.72
2023-05-11 01:00:00,4.919,30.43
2023-05-11 02:00:00,7.144,31.43
2023-05-11 03:00:00,8.366,31.15
2023-05-11 04:00:00,8.683,30.54
2023-05-11 05:00:00,9.893,31.17
2023-05-11 06:00:00,10.817,29.97
2023-05-11 07:00:00,12.179,30.88
2023-05-11 08:00:00,14.239,28.6
2023-05-11 09:00:00,16.91,30.8
2023-05-11 10:00:00,15.807,31.39
2023-05-11 11:00:00,14.978,28.72
2023-05-11 12:00:00,15.407,30.16
2023-05-11 13:00:00,14.68,28.81
2023-05-11 14:00:00,13.089,29.0
2023-05-11 15:00:00,13.183,27.81
2023-05-11 16:00:00,13.834,32.59
2023-05-11 17:00:00,14.459,32.19
2023-05-11 18:00:00,15.052,31.13
2023-05-11 19:00:00,13.833,34.0
2023-05-11 20:00:00,12.848,29.68
2023-05-11 21:00:00,11.378,36.12
2023-05-11 22:00:00,9.625,29.6
2023-05-11 23:00:00,7.123,30.57
2023-05-12 00:00:00,5.626,29.37
2023-05-12 01:00:00,6.366,30.91
2023-05-12 02:00:00,6.363,31.83
2023-05-12 03:00:00,5.881,29.93
2023-05-12 04:00:00,8.335,33.72
2023-05-12 05:00:00,9.064,30.64
2023-05-12 06:00:00,9.874,30.7
2023-05-12 07:00:00,12.383,28.34
2023-05-12 08:00:00,13.305,31.0
2023-05-12 09:00:00,15.368,29.89
2023-05-12 10:00:00,15.895,28.95
2023-05-12 11:00:00,15.349,28.61
2023-05-12 12:00:00,15.473,35.51
2023-05-12 13:00:00,14.071,29.64
2023-05-12 14:00:00,13.006,27.25
2023-05-12 15:00:00,13.493,28.77
2023-05-12 16:00:00,13.843,30.06
2023-05-12 17:00:00,13.783,31.26
2023-05-12 18:00:00,14.622,31.27
2023-05-12 19:00:00,14.095,31.52
2023-05-12 20:00:00,12.052,28.87
2023-05-12 21:00:00,11.851,30.84
2023-05-12 22:00:00,8.063,28.41
2023-05-12 23:00:00,6.611,28.92
2023-05-13 00:00:00,4.778,28.43
2023-05-13 01:00:00,4.512,27.89
2023-05-13 02:00:00,6.438,32.4
2023-05-13 03:00:00,6.057,31.64
2023-05-13 04:00:00,7.007,32.22
2023-05-13 05:00:00,7.8,30.35
2023-05-13 06:00:00,9.109,31.82
2023-05-13 07:00:00,9.657,26.74
2023-05-13 08:00:00,12.572,31.99
2023-05-13 09:00:00,14.173,30.62
2023-05-13 10:00:00,14.14,31.52
2023-05-13 11:00:00,14.527,31.03
2023-05-13 12:00:00,13.127,28.29
2023-05-13 13:00:00,12.383,27.27
2023-05-13 14:00:00,13.01,28.84
2023-05-13 15:00:00,12.039,31.4
2023-05-13 16:00:00,12.316,31.65
2023-05-13 17:00:00,12.068,27.53
2023-05-13 18:00:00,13.19,28.31
2023-05-13 19:00:00,11.844,28.82
2023-05-13 20:00:00,10.313,29.55
2023-05-13 21:00:00,9.144,27.54
2023-05-13 22:00:00,6.629,27.42
2023-05-13 23:00:00,6.345,28.62
2023-05-14 00:00:00,5.584,30.54
2023-05-14 01:00:00,5.044,28.01
2023-05-14 02:00:00,6.082,30.14
2023-05-14 03:00:00,5.763,32.49
2023-05-14 04:00:00,6.928,27.77
2023-05-14 05:00:00,7.846,29.96
2023-05-14 06:00:00,11.566,32.42
2023-05-14 07:00:00,11.126,29.53
2023-05-14 08:00:00,12.162,29.22
2023-05-14 09:00:00,13.195,32.7
2023-05-14 10:00:00,14.613,29.76
2023-05-14 11:00:00,13.675,32.58
2023-05-14 12:00:00,12.618,31.23
2023-05-14 13:00:00,12.571,29.68
2023-05-14 14:00:00,12.643,31.33
2023-05-14 15:00:00,12.472,31.01
2023-05-14 16:00:00,12.464,32.41
2023-05-14 17:00:00,12.4,29.27
2023-05-14 18:00:00,12.708,30.45
2023-05-14 19:00:00,12.268,30.25
2023-05-14 20:00:00,11.317,31.78
2023-05-14 21:00:00,9.573,28.32
2023-05-14 22:00:00,7.835,32.4
2023-05-14 23:00:00,5.928,31.3
2023-05-15 00:00:00,5.589,27.84
2023-05-15 01:00:00,6.941,32.89
2023-05-15 02:00:00,6.213,34.94
2023-05-15 03:00:00,6.417,32.48
2023-05-15 04:00:00,9.112,33.33
2023-05-15 05:00:00,10.284,30.64
2023-05-15 06:00:00,9.83,27.15
2023-05-15 07:00:00,12.501,26.78
2023-05-15 08:00:00,14.456,30.98
2023-05-15 09:00:00,15.5,29.29
2023-05-15 10:00:00,16.053,28.64
2023-05-15 11:00:00,14.876,30.35
2023-05-15 12:00:00,14.503,31.7
2023-05-15 13:00:00,13.877,27.57
2023-05-15 14:00:00,13.781,29.57
2023-05-15 15:00:00,13.655,33.49
2023-05-15 16:00:00,14.236,28.32
2023-05-15 17:00:00,14.375,32.21
2023-05-15 18:00:00,14.125,29.5
2023-05-15 19:00:00,14.269,31.56
2023-05-15 20:00:00,12.76,32.67
2023-05-15 21:00:00,11.222,31.95
2023-05-15 22:00:00,8.259,32.29
2023-05-15 23:00:00,6.015,28.17
2023-05-16 00:00:00,6.202,32.8
2023-05-16 01:00:00,6.005,28.87
2023-05-16 02:00:00,5.914,31.09
2023-05-16 03:00:00,6.488,31.09
2023-05-16 04:00:00,8.424,31.54
2023-05-16 05:00:00,9.055,31.24
2023-05-16 06:00:00,9.936,28.88
2023-05-16 07:00:00,13.165,27.87
2023-05-16 08:00:00,14.575,32.32
2023-05-16 09:00:00,16.613,30.94
2023-05-16 10:00:00,16.53,32.87
2023-05-16 11:00:00,15.899,30.48
2023-05-16 12:00:00,14.605,27.76
2023-05-16 13:00:00,13.151,32.5
2023-05-16 14:00:00,13.27,29.83
2023-05-16 15:00:00,13.936,31.26
2023-05-16 16:00:00,14.137,29.28
2023-05-16 17:00:00,13.894,33.86
2023-05-16 18:00:00,14.319,28.82
2023-05-16 19:00:00,13.245,29.9
2023-05-16 20:00:00,12.737,30.79
2023-05-16 21:00:00,10.293,28.39
2023-05-16 22:00:00,9.152,31.23
2023-05-16 23:00:00,8.354,33.79
2023-05-17 00:00:00,6.255,29.69
2023-05-17 01:00:00,6.876,31.46
2023-05-17 02:00:00,5.919,25.17
2023-05-17 03:00:00,8.996,30.59
2023-05-17 04:00:00,7.424,30.04
2023-05-17 05:00:00,8.956,29.03
2023-05-17 06:00:00,11.96,32.83
2023-05-17 07:00:00,13.327,30.02
2023-05-17 08:00:00,14.999,30.31
2023-05-17 09:00:00,16.241,29.91
2023-05-17 10:00:00,14.556,26.84
2023-05-17 11:00:00,16.48,28.41
2023-05-17 12:00:00,15.293,32.59
2023-05-17 13:00:00,14.819,26.45
2023-05-17 14:00:00,12.7,29.14
2023-05-17 15:00:00,14.027,29.87
2023-05-17 16:00:00,14.39,34.16
2023-05-17 17:00:00,15.071,32.21
2023-05-17 18:00:00,14.678,29.55
2023-05-17 19:00:00,14.708,33.28
2023-05-17 20:00:00,11.809,29.19
2023-05-17 21:00:00,10.909,32.69
2023-05-17 22:00:00,8.25,27.95
2023-05-17 23:00:00,7.885,32.82
2023-05-18 00:00:00,6.658,29.95
2023-05-18 01:00:00,6.146,28.71
2023-05-18 02:00:00,5.89,30.33
2023-05-18 03:00:00,7.522,31.32
2023-05-18 04:00:00,9.74,29.78
2023-05-18 05:00:00,10.696,31.87
2023-05-18 06:00:00,9.209,29.6
2023-05-18 07:00:00,13.252,32.01
2023-05-18 08:00:00,15.51,31.65
2023-05-18 09:00:00,15.875,30.64
2023-05-18 10:00:00,15.892,29.88
2023-05-18 11:00:00,15.747,31.07
2023-05-18 12:00:00,15.679,31.87
2023-05-18 13:00:00,14.604,34.89
2023-05-18 14:00:00,15.184,32.64
2023-05-18 15:00:00,14.315,32.72
2023-05-18 16:00:00,14.823,36.94
2023-05-18 17:00:00,15.388,31.8
2023-05-18 18:00:00,13.913,31.73
2023-05-18 19:00:00,14.018,32.17
2023-05-18 20:00:00,12.103,28.75
2023-05-18 21:00:00,11.864,29.88
2023-05-18 22:00:00,8.197,29.75
2023-05-18 23:00:00,6.221,32.06
2023-05-19 00:00:00,5.84,30.51
2023-05-19 01:00:00,6.688,31.14
2023-05-19 02:00:00,7.597,33.03
2023-05-19 03:00:00,9.077,32.59
2023-05-19 04:00:00,9.169,30.54
2023-05-19 05:00:00,9.546,29.52
2023-05-19 06:00:00,11.04,33.13
2023-05-19 07:00:00,14.305,32.41
2023-05-19 08:00:00,14.291,27.65
2023-05-19 09:00:00,15.586,30.23
2023-05-19 10:00:00,16.148,31.19
2023-05-19 11:00:00,15.418,32.42
2023-05-19 12:00:00,15.254,32.68
2023-05-19 13:00:00,14.587,31.43
2023-05-19 14:00:00,14.859,32.03
2023-05-19 15:00:00,13.894,30.99
2023-05-19 16:00:00,13.34,29.51
2023-05-19 17:00:00,13.591,30.34
2023-05-19 18:00:00,14.893,30.9
2023-05-19 19:00:00,14.236,30.79
2023-05-19 20:00:00,12.008,27.09
2023-05-19 21:00:00,10.373,30.06
2023-05-19 22:00:00,9.056,30.97
2023-05-19 23:00:00,8.14,30.3
2023-05-20 00:00:00,5.166,30.46
2023-05-20 01:00:00,6.02,31.93
2023-05-20 02:00:00,6.466,28.79
2023-05-20 03:00:00,5.879,27.7
2023-05-20 04:00:00,7.409,30.26
2023-05-20 05:00:00,8.782,32.48
2023-05-20 06:00:00,9.718,34.33
2023-05-20 07:00:00,11.874,32.52
2023-05-20 08:00:00,12.72,28.02
2023-05-20 09:00:00,14.325,30.49
2023-05-20 10:00:00,13.662,31.47
2023-05-20 11:00:00,13.998,31.31
2023-05-20 12:00:00,14.355,32.03
2023-05-20 13:00:00,13.858,29.12
2023-05-20 14:00:00,13.295,31.08
2023-05-20 15:00:00,11.813,31.79
2023-05-20 16:00:00,13.065,32.6
2023-05-20 17:00:00,12.332,29.34
2023-05-20 18:00:00,13.023,30.26
2023-05-20 19:00:00,11.468,25.55
2023-05-20 20:00:00,10.054,29.71
2023-05-20 21:00:00,9.199,29.9
2023-05-20 22:00:00,8.06,28.91
2023-05-20 23:00:00,6.897,31.28
2023-05-21 00:00:00,5.992,30.93
2023-05-21 01:00:00,5.523,26.53
2023-05-21 02:00:00,6.534,31.47
2023-05-21 03:00:00,6.867,29.19
2023-05-21 04:00:00,7.562,32.02
2023-05-21 05:00:00,8.363,28.48
2023-05-21 06:00:00,11.049,31.1
2023-05-21 07:00:00,11.599,30.48
2023-05-21 08:00:00,13.233,31.65
2023-05-21 09:00:00,14.219,31.29
2023-05-21 10:00:00,14.16,30.53
2023-05-21 11:00:00,13.374,27.97
2023-05-21 12:00:00,13.194,28.09
2023-05-21 13:00:00,12.451,29.88
2023-05-21 14:00:00,12.482,31.03
2023-05-21 15:00:00,11.819,29.83
2023-05-21 16:00:00,12.858,32.29
2023-05-21 17:00:00,13.169,30.49
2023-05-21 18:00:00,12.636,29.11
2023-05-21 19:00:00,11.254,30.49
2023-05-21 20:00:00,11.733,31.5
2023-05-21 21:00:00,9.781,31.69
2023-05-21 22:00:00,8.011,34.8
2023-05-21 23:00:00,7.025,29.71
2023-05-22 00:00:00,5.57,30.99
2023-05-22 01:00:00,7.326,31.99
2023-05-22 02:00:00,6.932,31.09
2023-05-22 03:00:00,6.136,30.13
2023-05-22 04:00:00,8.293,28.03
2023-05-22 05:00:00,9.417,30.11
2023-05-22 06:00:00,10.794,28.99
2023-05-22 07:00:00,12.434,27.68
2023-05-22 08:00:00,14.79,29.54
2023-05-22 09:00:00,15.697,29.04
2023-05-22 10:00:00,15.611,32.3
2023-05-22 11:00:00,17.073,32.34
2023-05-22 12:00:00,15.057,29.33
2023-05-22 13:00:00,14.324,30.61
2023-05-22 14:00:00,13.327,27.42
2023-05-22 15:00:00,14.628,30.14
2023-05-22 16:00:00,13.813,31.93
2023-05-22 17:00:00,15.162,32.78
2023-05-22 18:00:00,14.413,29.71
2023-05-22 19:00:00,14.423,33.24
2023-05-22 20:00:00,11.923,28.1
2023-05-22 21:00:00,10.267,28.64
2023-05-22 22:00:00,9.228,32.55
2023-05-22 23:00:00,8.295,34.48
2023-05-23 00:00:00,6.176,32.21
2023-05-23 01:00:00,6.565,31.14
2023-05-23 02:00:00,7.076,26.83
2023-05-23 03:00:00,6.236,27.18
2023-05-23 04:00:00,8.661,31.48
2023-05-23 05:00:00,9.193,30.5
2023-05-23 06:00:00,10.549,29.01
2023-05-23 07:00:00,13.525,31.35
2023-05-23 08:00:00,14.849,31.45
2023-05-23 09:00:00,15.9,33.11
2023-05-23 10:00:00,17.443,31.49
2023-05-23 11:00:00,17.149,33.68
2023-05-23 12:00:00,14.348,31.24
2023-05-23 13:00:00,13.982,30.99
2023-05-23 14:00:00,15.207,33.35
2023-05-23 15:00:00,13.936,29.26
2023-05-23 16:00:00,16.518,36.85
2023-05-23 17:00:00,15.367,31.97
2023-05-23 18:00:00,15.315,31.98
2023-05-23 19:00:00,14.01,32.27
2023-05-23 20:00:00,13.98,34.98
2023-05-23 21:00:00,10.506,32.81
2023-05-23 22:00:00,9.455,28.01
2023-05-23 23:00:00,8.37,34.03
2023-05-24 00:00:00,5.965,30.62
2023-05-24 01:00:00,7.21,31.52
2023-05-24 02:00:00,8.116,28.75
2023-05-24 03:00:00,7.797,32.36
2023-05-24 04:00:00,8.839,30.0
2023-05-24 05:00:00,9.699,31.51
2023-05-24 06:00:00,11.5,30.74
2023-05-24 07:00:00,13.2,35.16
2023-05-24 08:00:00,15.92,35.27
2023-05-24 09:00:00,16.426,31.4
2023-05-24 10:00:00,17.769,31.43
2023-05-24 11:00:00,15.065,30.56
2023-05-24 12:00:00,15.768,33.52
2023-05-24 13:00:00,15.642,30.65
2023-05-24 14:00:00,14.299,30.46
2023-05-24 15:00:00,14.648,33.26
2023-05-24 16:00:00,13.946,30.23
2023-05-24 17:00:00,14.374,31.23
2023-05-24 18:00:00,13.595,28.14
2023-05-24 19:00:00,14.37,32.71
2023-05-24 20:00:00,13.186,35.19
2023-05-24 21:00:00,11.383,32.75
2023-05-24 22:00:00,9.157,34.23
2023-05-24 23:00:00,7.186,29.61
2023-05-25 00:00:00,6.421,31.86
2023-05-25 01:00:00,6.473,29.5
2023-05-25 02:00:00,6.778,30.93
2023-05-25 03:00:00,7.439,32.93
2023-05-25 04:00:00,8.834,31.59
2023-05-25 05:00:00,10.27,28.56
2023-05-25 06:00:00,11.331,28.76
2023-05-25 07:00:00,12.755,28.63
2023-05-25 08:00:00,15.349,32.37
2023-05-25 09:00:00,15.974,35.52
2023-05-25 10:00:00,17.118,34.12
2023-05-25 11:00:00,15.616,27.6
2023-05-25 12:00:00,15.562,34.23
2023-05-25 13:00:00,14.884,33.26
2023-05-25 14:00:00,13.992,28.3
2023-05-25 15:00:00,14.998,30.78
2023-05-25 16:00:00,15.682,33.58
2023-05-25 17:00:00,14.626,32.49
2023-05-25 18:00:00,14.494,28.77
2023-05-25 19:00:00,14.484,32.61
2023-05-25 20:00:00,13.133,27.12
2023-05-25 21:00:00,11.165,30.94
2023-05-25 22:00:00,9.627,33.67
2023-05-25 23:00:00,8.093,31.43
2023-05-26 00:00:00,6.18,30.47
2023-05-26 01:00:00,7.932,33.25
2023-05-26 02:00:00,7.549,33.42
2023-05-26 03:00:00,7.825,34.09
2023-05-26 04:00:00,8.965,33.22
2023-05-26 05:00:00,11.156,33.63
2023-05-26 06:00:00,11.64,32.94
2023-05-26 07:00:00,14.189,32.0
2023-05-26 08:00:00,14.981,31.65
2023-05-26 09:00:00,15.98,31.0
2023-05-26 10:00:00,16.87,29.05
2023-05-26 11:00:00,15.588,29.56
2023-05-26 12:00:00,16.103,30.91
2023-05-26 13:00:00,15.374,31.96
2023-05-26 14:00:00,14.667,34.35
2023-05-26 15:00:00,14.497,31.39
2023-05-26 16:00:00,14.728,33.48
2023-05-26 17:00:00,15.643,33.63
2023-05-26 18:00:00,16.27,31.01
2023-05-26 19:00:00,14.615,32.66
2023-05-26 20:00:00,13.454,30.99
2023-05-26 21:00:00,11.676,34.12
2023-05-26 22:00:00,9.47,32.74
2023-05-26 23:00:00,7.412,29.09
2023-05-27 00:00:00,5.678,31.88
2023-05-27 01:00:00,7.051,34.85
2023-05-27 02:00:00,6.376,31.19
2023-05-27 03:00:00,6.767,32.45
2023-05-27 04:00:00,8.739,32.64
2023-05-27 05:00:00,8.784,29.48
2023-05-27 06:00:00,10.398,32.57
2023-05-27 07:00:00,12.409,28.76
2023-05-27 08:00:00,12.212,30.3
2023-05-27 09:00:00,15.626,33.7
2023-05-27 10:00:00,14.323,32.27
2023-05-27 11:00:00,14.417,30.94
2023-05-27 12:00:00,13.592,32.45
2023-05-27 13:00:00,12.716,31.43
2023-05-27 14:00:00,13.74,31.58
2023-05-27 15:00:00,14.161,32.87
2023-05-27 16:00:00,12.638,30.1
2023-05-27 17:00:00,13.486,31.63
2023-05-27 18:00:00,13.33,30.93
2023-05-27 19:00:00,13.546,28.38
2023-05-27 20:00:00,10.166,29.71
2023-05-27 21:00:00,10.771,34.69
2023-05-27 22:00:00,8.012,32.32
2023-05-27 23:00:00,5.354,28.9
2023-05-28 00:00:00,5.588,28.55
2023-05-28 01:00:00,7.394,31.41
2023-05-28 02:00:00,6.829,34.75
2023-05-28 03:00:00,7.645,31.26
2023-05-28 04:00:00,9.191,34.24
2023-05-28 05:00:00,9.172,32.33
2023-05-28 06:00:00,10.655,32.57
2023-05-28 07:00:00,10.645,28.96
2023-05-28 08:00:00,13.44,33.51
2023-05-28 09:00:00,15.001,30.96
2023-05-28 10:00:00,15.125,33.36
2023-05-28 11:00:00,14.431,30.0
2023-05-28 12:00:00,13.997,31.98
2023-05-28 13:00:00,14.776,32.33
2023-05-28 14:00:00,12.703,31.32
2023-05-28 15:00:00,13.986,32.44
2023-05-28 16:00:00,13.036,31.1
2023-05-28 17:00:00,14.162,30.33
2023-05-28 18:00:00,13.29,34.84
2023-05-28 19:00:00,13.442,33.73
2023-05-28 20:00:00,11.296,30.11
2023-05-28 21:00:00,10.316,32.77
2023-05-28 22:00:00,8.908,30.14
2023-05-28 23:00:00,7.084,29.26
2023-05-29 00:00:00,7.949,33.77
2023-05-29 01:00:00,6.161,28.3
2023-05-29 02:00:00,7.226,33.56
2023-05-29 03:00:00,8.0,31.2
2023-05-29 04:00:00,8.906,31.28
2023-05-29 05:00:00,10.254,32.53
2023-05-29 06:00:00,11.452,32.87
2023-05-29 07:00:00,14.201,30.05
2023-05-29 08:00:00,15.531,33.14
2023-05-29 09:00:00,17.582,31.93
2023-05-29 10:00:00,16.643,29.19
2023-05-29 11:00:00,16.891,31.37
2023-05-29 12:00:00,16.698,34.47
2023-05-29 13:00:00,15.384,35.06
2023-05-29 14:00:00,15.328,33.14
2023-05-29 15:00:00,15.566,29.33
2023-05-29 16:00:00,15.212,32.69
2023-05-29 17:00:00,16.078,33.41
2023-05-29 18:00:00,16.044,33.16
2023-05-29 19:00:00,15.274,33.28
2023-05-29 20:00:00,13.615,32.43
2023-05-29 21:00:00,11.691,31.56
2023-05-29 22:00:00,9.711,30.49
2023-05-29 23:00:00,6.722,27.91
2023-05-30 00:00:00,7.179,32.46
2023-05-30 01:00:00,7.006,32.15
2023-05-30 02:00:00,7.412,32.9
2023-05-30 03:00:00,8.541,29.11
2023-05-30 04:00:00,8.827,33.07
2023-05-30 05:00:00,10.232,35.89
2023-05-30 06:00:00,12.396,31.94
2023-05-30 07:00:00,12.904,31.66
2023-05-30 08:00:00,14.511,32.4
2023-05-30 09:00:00,18.062,35.85
2023-05-30 10:00:00,16.842,29.73
2023-05-30 11:00:00,16.96,32.19
2023-05-30 12:00:00,15.436,30.18
2023-05-30 13:00:00,14.334,30.69
2023-05-30 14:00:00,14.2,31.68
2023-05-30 15:00:00,15.108,34.47
2023-05-30 16:00:00,14.864,35.38
2023-05-30 17:00:00,15.639,32.68
2023-05-30 18:00:00,15.054,31.03
2023-05-30 19:00:00,15.975,36.77
2023-05-30 20:00:00,13.41,30.93
2023-05-30 21:00:00,11.507,30.64
2023-05-30 22:00:00,9.334,28.23
2023-05-30 23:00:00,8.359,34.57
2023-05-31 00:00:00,7.423,33.79
2023-05-31 01:00:00,8.206,36.69
2023-05-31 02:00:00,5.686,29.07
2023-05-31 03:00:00,9.098,34.77
2023-05-31 04:00:00,9.222,31.99
2023-05-31 05:00:00,10.962,33.46
2023-05-31 06:00:00,10.747,28.56
2023-05-31 07:00:00,14.175,34.79
2023-05-31 08:00:00,15.238,33.43
2023-05-31 09:00:00,17.241,31.77
2023-05-31 10:00:00,16.464,33.14
2023-05-31 11:00:00,15.889,30.32
2023-05-31 12:00:00,16.137,30.69
2023-05-31 13:00:00,14.867,30.93
2023-05-31 14:00:00,13.953,28.15
2023-05-31 15:00:00,15.688,33.58
2023-05-31 16:00:00,16.007,34.24
2023-05-31 17:00:00,15.593,30.45
2023-05-31 18:00:00,16.125,32.55
2023-05-31 19:00:00,14.722,31.32
2023-05-31 20:00:00,13.486,32.51
2023-05-31 21:00:00,10.927,30.6
2023-05-31 22:00:00,9.393,30.09
2023-05-31 23:00:00,8.174,33.96
2023-06-01 00:00:00,6.754,31.79
2023-06-01 01:00:00,8.304,35.97
2023-06-01 02:00:00,8.302,32.02
2023-06-01 03:00:00,8.211,30.07
2023-06-01 04:00:00,10.68,34.38
2023-06-01 05:00:00,10.194,33.18
2023-06-01 06:00:00,11.153,33.38
2023-06-01 07:00:00,14.741,34.3
2023-06-01 08:00:00,15.025,30.62
2023-06-01 09:00:00,16.658,31.67
2023-06-01 10:00:00,16.032,31.58
2023-06-01 11:00:00,15.829,29.34
2023-06-01 12:00:00,15.062,31.4
2023-06-01 13:00:00,15.661,34.6
2023-06-01 14:00:00,14.881,32.4
2023-06-01 15:00:00,14.59,29.23
2023-06-01 16:00:00,15.401,28.81
2023-06-01 17:00:00,16.445,35.25
2023-06-01 18:00:00,14.556,31.74
2023-06-01 19:00:00,15.171,30.63
2023-06-01 20:00:00,13.541,31.37
2023-06-01 21:00:00,11.099,28.97
2023-06-01 22:00:00,10.106,34.77
2023-06-01 23:00:00,8.183,31.14
2023-06-02 00:00:00,7.171,34.73
2023-06-02 01:00:00,7.134,32.09
2023-06-02 02:00:00,8.864,34.85
2023-06-02 03:00:00,7.956,32.5
2023-06-02 04:00:00,8.899,33.7
2023-06-02 05:00:00,10.669,33.43
2023-06-02 06:00:00,11.596,33.24
2023-06-02 07:00:00,13.025,32.69
2023-06-02 08:00:00,15.457,31.52
2023-06-02 09:00:00,18.517,35.82
2023-06-02 10:00:00,16.915,30.18
2023-06-02 11:00:00,16.889,32.0
2023-06-02 12:00:00,14.827,32.02
2023-06-02 13:00:00,15.892,32.8
2023-06-02 14:00:00,15.02,31.13
2023-06-02 15:00:00,14.665,32.62
2023-06-02 16:00:00,15.183,31.65
2023-06-02 17:00:00,15.153,28.83
2023-06-02 18:00:00,14.981,32.01
2023-06-02 19:00:00,14.94,29.79
2023-06-02 20:00:00,13.873,28.52
2023-06-02 21:00:00,11.52,32.26
2023-06-02 22:00:00,9.301,32.97
2023-06-02 23:00:00,8.306,33.04
2023-06-03 00:00:00,7.249,33.19
2023-06-03 01:00:00,5.422,28.19
2023-06-03 02:00:00,6.973,29.33
2023-06-03 03:00:00,7.92,36.0
2023-06-03 04:00:00,8.198,29.96
2023-06-03 05:00:00,9.278,33.28
2023-06-03 06:00:00,10.225,30.68
2023-06-03 07:00:00,13.309,32.22
2023-06-03 08:00:00,12.857,30.79
2023-06-03 09:00:00,15.379,33.18
2023-06-03 10:00:00,16.223,32.33
2023-06-03 11:00:00,15.054,31.16
2023-06-03 12:00:00,13.101,29.96
2023-06-03 13:00:00,13.008,32.59
2023-06-03 14:00:00,12.554,29.63
2023-06-03 15:00:00,13.472,32.91
2023-06-03 16:00:00,14.578,37.31
2023-06-03 17:00:00,13.403,34.76
2023-06-03 18:00:00,13.513,33.49
2023-06-03 19:00:00,12.799,31.89
2023-06-03 20:00:00,11.477,28.18
2023-06-03 21:00:00,11.209,29.41
2023-06-03 22:00:00,8.632,34.62
2023-06-03 23:00:00,6.697,30.48
2023-06-04 00:00:00,5.705,30.72
2023-06-04 01:00:00,7.041,31.79
2023-06-04 02:00:00,6.724,30.0
2023-06-04 03:00:00,6.733,29.67
2023-06-04 04:00:00,8.174,32.02
2023-06-04 05:00:00,8.723,30.34
2023-06-04 06:00:00,10.779,30.64
2023-06-04 07:00:00,13.8,30.56
2023-06-04 08:00:00,14.455,33.16
2023-06-04 09:00:00,14.821,31.66
2023-06-04 10:00:00,14.736,31.76
2023-06-04 11:00:00,14.232,33.31
2023-06-04 12:00:00,14.65,31.84
2023-06-04 13:00:00,14.061,31.56
2023-06-04 14:00:00,13.281,33.06
2023-06-04 15:00:00,14.245,33.46
2023-06-04 16:00:00,13.395,31.83
2023-06-04 17:00:00,14.217,32.28
2023-06-04 18:00:00,13.786,30.56
2023-06-04 19:00:00,13.005,30.4
2023-06-04 20:00:00,11.836,33.66
2023-06-04 21:00:00,10.504,33.01
2023-06-04 22:00:00,9.439,33.03
2023-06-04 23:00:00,7.358,32.68
2023-06-05 00:00:00,7.526,32.27
2023-06-05 01:00:00,6.977,33.57
2023-06-05 02:00:00,8.59,34.05
2023-06-05 03:00:00,8.963,34.0
2023-06-05 04:00:00,8.625,31.98
2023-06-05 05:00:00,10.997,34.96
2023-06-05 06:00:00,12.856,32.64
2023-06-05 07:00:00,13.565,33.45
2023-06-05 08:00:00,15.347,32.75
2023-06-05 09:00:00,17.117,32.68
2023-06-05 10:00:00,18.418,30.71
2023-06-05 11:00:00,16.78,33.58
2023-06-05 12:00:00,17.742,37.87
2023-06-05 13:00:00,15.692,31.43
2023-06-05 14:00:00,14.923,32.32
2023-06-05 15:00:00,15.076,31.29
2023-06-05 16:00:00,14.867,31.21
2023-06-05 17:00:00,16.0,35.27
2023-06-05 18:00:00,14.57,30.84
2023-06-05 19:00:00,15.05,31.23
2023-06-05 20:00:00,13.874,29.01
2023-06-05 21:00:00,11.576,30.67
2023-06-05 22:00:00,10.007,28.77
2023-06-05 23:00:00,8.96,33.45
2023-06-06 00:00:00,8.43,37.84
2023-06-06 01:00:00,6.942,31.51
2023-06-06 02:00:00,7.091,28.91
2023-06-06 03:00:00,7.941,34.04
2023-06-06 04:00:00,9.047,30.79
2023-06-06 05:00:00,11.235,34.84
2023-06-06 06:00:00,13.211,31.68
2023-06-06 07:00:00,14.275,30.98
2023-06-06 08:00:00,15.369,31.89
2023-06-06 09:00:00,16.529,33.76
2023-06-06 10:00:00,17.214,31.79
2023-06-06 11:00:00,17.321,31.25
2023-06-06 12:00:00,16.112,31.84
2023-06-06 13:00:00,15.664,29.7
2023-06-06 14:00:00,15.33,33.04
2023-06-06 15:00:00,15.115,28.67
2023-06-06 16:00:00,14.239,31.35
2023-06-06 17:00:00,16.915,33.76
2023-06-06 18:00:00,15.256,32.85
2023-06-06 19:00:00,15.943,33.42
2023-06-06 20:00:00,13.637,32.11
2023-06-06 21:00:00,12.178,34.58
2023-06-06 22:00:00,10.052,34.09
2023-06-06 23:00:00,8.749,33.13
2023-06-07 00:00:00,7.954,34.15
2023-06-07 01:00:00,8.383,33.8
2023-06-07 02:00:00,8.594,31.42
2023-06-07 03:00:00,8.365,29.61
2023-06-07 04:00:00,10.65,33.14
2023-06-07 05:00:00,10.962,33.39
2023-06-07 06:00:00,13.364,34.48
2023-06-07 07:00:00,14.177,30.43
2023-06-07 08:00:00,15.391,30.49
2023-06-07 09:00:00,17.442,33.22
2023-06-07 10:00:00,17.738,32.16
2023-06-07 11:00:00,16.51,28.53
2023-06-07 12:00:00,16.733,33.05
2023-06-07 13:00:00,15.771,28.59
2023-06-07 14:00:00,15.055,30.41
2023-06-07 15:00:00,13.955,35.0
2023-06-07 16:00:00,17.1,35.95
2023-06-07 17:00:00,15.202,29.87
2023-06-07 18:00:00,15.271,31.64
2023-06-07 19:00:00,14.65,32.38
2023-06-07 20:00:00,14.357,35.86
2023-06-07 21:00:00,11.377,31.31
2023-06-07 22:00:00,9.322,31.35
2023-06-07 23:00:00,8.67,35.4
2023-06-08 00:00:00,7.591,31.6
2023-06-08 01:00:00,9.004,33.8
2023-06-08 02:00:00,8.008,29.4
2023-06-08 03:00:00,9.216,32.01
2023-06-08 04:00:00,8.837,29.04
2023-06-08 05:00:00,10.512,30.24
2023-06-08 06:00:00,12.923,34.03
2023-06-08 07:00:00,13.836,32.25
2023-06-08 08:00:00,15.683,31.72
2023-06-08 09:00:00,17.504,30.86
2023-06-08 10:00:00,18.089,31.91
2023-06-08 11:00:00,17.228,32.96
2023-06-08 12:00:00,16.044,34.32
2023-06-08 13:00:00,14.973,27.1
2023-06-08 14:00:00,14.281,30.69
2023-06-08 15:00:00,15.363,32.67
2023-06-08 16:00:00,15.553,32.16
2023-06-08 17:00:00,15.757,33.16
2023-06-08 18:00:00,16.153,32.89
2023-06-08 19:00:00,15.51,31.74
2023-06-08 20:00:00,13.906,31.3
2023-06-08 21:00:00,11.116,31.86
2023-06-08 22:00:00,10.233,34.65
2023-06-08 23:00:00,8.559,30.89
2023-06-09 00:00:00,8.365,32.28
2023-06-09 01:00:00,7.475,32.77
2023-06-09 02:00:00,8.909,35.53
2023-06-09 03:00:00,9.073,31.81
2023-06-09 04:00:00,9.801,34.33
2023-06-09 05:00:00,11.957,34.87
2023-06-09 06:00:00,13.113,32.28
2023-06-09 07:00:00,15.053,31.99
2023-06-09 08:00:00,16.255,31.75
2023-06-09 09:00:00,18.6,31.9
2023-06-09 10:00:00,17.49,34.12
2023-06-09 11:00:00,18.483,32.87
2023-06-09 12:00:00,16.991,32.88
2023-06-09 13:00:00,16.315,30.16
2023-06-09 14:00:00,14.961,30.47
2023-06-09 15:00:00,16.677,36.69
2023-06-09 16:00:00,16.276,32.05
2023-06-09 17:00:00,14.935,30.86
2023-06-09 18:00:00,16.407,35.27
2023-06-09 19:00:00,14.215,32.97
2023-06-09 20:00:00,14.059,33.56
2023-06-09 21:00:00,11.427,32.13
2023-06-09 22:00:00,9.774,31.77
2023-06-09 23:00:00,10.283,32.07
2023-06-10 00:00:00,7.512,29.69
2023-06-10 01:00:00,6.106,32.28
2023-06-10 02:00:00,7.779,33.05
2023-06-10 03:00:00,9.115,36.16
2023-06-10 04:00:00,8.521,32.63
2023-06-10 05:00:00,9.248,27.79
2023-06-10 06:00:00,11.245,32.27
2023-06-10 07:00:00,13.058,37.94
2023-06-10 08:00:00,13.928,34.19
2023-06-10 09:00:00,15.09,30.84
2023-06-10 10:00:00,15.747,33.64
2023-06-10 11:00:00,14.465,30.97
2023-06-10 12:00:00,13.671,29.75
2023-06-10 13:00:00,13.861,31.76
2023-06-10 14:00:00,14.25,32.64
2023-06-10 15:00:00,13.013,28.71
2023-06-10 16:00:00,14.347,30.16
2023-06-10 17:00:00,13.598,32.48
2023-06-10 18:00:00,14.113,31.64
2023-06-10 19:00:00,13.577,33.25
2023-06-10 20:00:00,12.422,30.03
2023-06-10 21:00:00,10.514,33.89
2023-06-10 22:00:00,9.871,30.09
2023-06-10 23:00:00,7.478,35.74
2023-06-11 00:00:00,7.472,29.08
2023-06-11 01:00:00,6.766,30.32
2023-06-11 02:00:00,7.863,33.34
2023-06-11 03:00:00,9.398,35.84
2023-06-11 04:00:00,9.361,33.14
2023-06-11 05:00:00,9.551,33.63
2023-06-11 06:00:00,11.519,32.54
2023-06-11 07:00:00,13.561,30.45
2023-06-11 08:00:00,13.586,31.53
2023-06-11 09:00:00,16.19,30.08
2023-06-11 10:00:00,15.375,29.95
2023-06-11 11:00:00,15.043,33.31
2023-06-11 12:00:00,13.711,30.26
2023-06-11 13:00:00,14.047,33.15
2023-06-11 14:00:00,12.174,29.9
2023-06-11 15:00:00,13.469,33.1
2023-06-11 16:00:00,13.444,31.53
2023-06-11 17:00:00,13.946,35.32
2023-06-11 18:00:00,14.731,33.15
2023-06-11 19:00:00,14.028,34.98
2023-06-11 20:00:00,11.853,31.0
2023-06-11 21:00:00,10.593,32.62
2023-06-11 22:00:00,9.022,30.54
2023-06-11 23:00:00,7.809,31.68
2023-06-12 00:00:00,7.059,32.03
2023-06-12 01:00:00,7.55,31.1
2023-06-12 02:00:00,7.714,30.12
2023-06-12 03:00:00,7.673,29.73
2023-06-12 04:00:00,8.909,27.87
2023-06-12 05:00:00,10.963,30.44
2023-06-12 06:00:00,13.107,33.81
2023-06-12 07:00:00,13.824,29.36
2023-06-12 08:00:00,16.217,29.82
2023-06-12 09:00:00,17.514,36.14
2023-06-12 10:00:00,16.907,31.28
2023-06-12 11:00:00,17.218,33.2
2023-06-12 12:00:00,17.705,33.84
2023-06-12 13:00:00,16.308,33.88
2023-06-12 14:00:00,14.967,29.51
2023-06-12 15:00:00,16.287,32.09
2023-06-12 16:00:00,14.97,29.32
2023-06-12 17:00:00,18.312,37.45
2023-06-12 18:00:00,15.326,29.36
2023-06-12 19:00:00,14.604,30.46
2023-06-12 20:00:00,13.673,30.47
2023-06-12 21:00:00,11.505,29.56
2023-06-12 22:00:00,10.165,35.26
2023-06-12 23:00:00,11.278,37.4
2023-06-13 00:00:00,7.642,31.65
2023-06-13 01:00:00,7.628,29.96
2023-06-13 02:00:00,7.271,28.12
2023-06-13 03:00:00,8.382,32.11
2023-06-13 04:00:00,10.247,31.97
2023-06-13 05:00:00,9.762,31.3
2023-06-13 06:00:00,11.969,33.04
2023-06-13 07:00:00,14.45,33.39
2023-06-13 08:00:00,17.175,33.24
2023-06-13 09:00:00,17.104,31.97
2023-06-13 10:00:00,17.632,30.39
2023-06-13 11:00:00,17.553,33.93
2023-06-13 12:00:00,17.398,32.62
2023-06-13 13:00:00,15.386,34.37
2023-06-13 14:00:00,16.34,34.18
2023-06-13 15:00:00,14.939,29.75
2023-06-13 16:00:00,15.778,29.73
2023-06-13 17:00:00,15.263,31.09
2023-06-13 18:00:00,15.821,30.49
2023-06-13 19:00:00,15.782,34.11
2023-06-13 20:00:00,13.65,33.3
2023-06-13 21:00:00,11.771,34.8
2023-06-13 22:00:00,9.964,33.39
2023-06-13 23:00:00,8.9,33.02
2023-06-14 00:00:00,7.642,35.04
2023-06-14 01:00:00,7.748,33.58
2023-06-14 02:00:00,7.076,32.78
2023-06-14 03:00:00,9.198,35.6
2023-06-14 04:00:00,10.427,32.87
2023-06-14 05:00:00,11.335,32.03
2023-06-14 06:00:00,12.301,30.96
2023-06-14 07:00:00,14.898,34.05
2023-06-14 08:00:00,16.262,35.11
2023-06-14 09:00:00,18.428,32.54
2023-06-14 10:00:00,19.495,35.26
2023-06-14 11:00:00,16.885,28.7
2023-06-14 12:00:00,18.188,32.53
2023-06-14 13:00:00,15.626,32.56
2023-06-14 14:00:00,14.667,31.19
2023-06-14 15:00:00,16.08,37.41
2023-06-14 16:00:00,15.527,32.51
2023-06-14 17:00:00,17.283,31.82
2023-06-14 18:00:00,16.006,32.69
2023-06-14 19:00:00,14.537,28.63
2023-06-14 20:00:00,13.386,31.12
2023-06-14 21:00:00,13.214,34.61
2023-06-14 22:00:00,10.607,31.38
2023-06-14 23:00:00,8.236,30.98
2023-06-15 00:00:00,7.054,35.3
2023-06-15 01:00:00,7.652,35.36
2023-06-15 02:00:00,9.437,33.71
2023-06-15 03:00:00,9.146,31.77
2023-06-15 04:00:00,9.768,32.2
2023-06-15 05:00:00,11.915,31.07
2023-06-15 06:00:00,13.517,30.69
2023-06-15 07:00:00,14.188,30.59
2023-06-15 08:00:00,16.115,31.44
2023-06-15 09:00:00,16.837,30.61
2023-06-15 10:00:00,17.163,29.55
2023-06-15 11:00:00,16.553,33.12
2023-06-15 12:00:00,15.876,33.15
2023-06-15 13:00:00,15.723,36.08
2023-06-15 14:00:00,16.12,31.34
2023-06-15 15:00:00,14.715,33.27
2023-06-15 16:00:00,16.996,33.3
2023-06-15 17:00:00,15.542,32.17
2023-06-15 18:00:00,17.516,34.17
2023-06-15 19:00:00,15.707,34.23
2023-06-15 20:00:00,13.377,33.33
2023-06-15 21:00:00,12.885,32.17
2023-06-15 22:00:00,10.969,31.96
2023-06-15 23:00:00,7.871,29.94
2023-06-16 00:00:00,7.256,31.11
2023-06-16 01:00:00,7.103,31.47
2023-06-16 02:00:00,7.835,30.47
2023-06-16 03:00:00,9.137,33.6
2023-06-16 04:00:00,10.087,35.11
2023-06-16 05:00:00,9.705,30.9
2023-06-16 06:00:00,12.435,33.28
2023-06-16 07:00:00,14.667,30.65
2023-06-16 08:00:00,16.131,32.11
2023-06-16 09:00:00,17.121,31.34
2023-06-16 10:00:00,17.483,33.92
2023-06-16 11:00:00,16.818,31.36
2023-06-16 12:00:00,17.947,34.74
2023-06-16 13:00:00,15.35,32.23
2023-06-16 14:00:00,15.94,31.42
2023-06-16 15:00:00,15.23,30.21
2023-06-16 16:00:00,15.985,33.22
2023-06-16 17:00:00,15.991,34.51
2023-06-16 18:00:00,16.12,33.26
2023-06-16 19:00:00,16.6,37.19
2023-06-16 20:00:00,14.478,35.58
2023-06-16 21:00:00,12.33,32.1
2023-06-16 22:00:00,10.448,32.08
2023-06-16 23:00:00,10.328,33.66
2023-06-17 00:00:00,7.043,31.08
2023-06-17 01:00:00,6.556,35.08
2023-06-17 02:00:00,8.429,33.48
2023-06-17 03:00:00,8.134,33.26
2023-06-17 04:00:00,10.412,34.13
2023-06-17 05:00:00,11.577,36.2
2023-06-17 06:00:00,11.126,33.09
2023-06-17 07:00:00,13.363,32.53
2023-06-17 08:00:00,14.728,35.77
2023-06-17 09:00:00,15.861,34.69
2023-06-17 10:00:00,16.036,32.11
2023-06-17 11:00:00,16.049,32.76
2023-06-17 12:00:00,15.407,33.14
2023-06-17 13:00:00,14.461,33.48
2023-06-17 14:00:00,15.029,30.04
2023-06-17 15:00:00,13.159,29.67
2023-06-17 16:00:00,12.731,30.98
2023-06-17 17:00:00,13.121,30.82
2023-06-17 18:00:00,15.064,31.46
2023-06-17 19:00:00,14.097,34.02
2023-06-17 20:00:00,12.726,32.41
2023-06-17 21:00:00,10.73,33.14
2023-06-17 22:00:00,8.68,30.3
2023-06-17 23:00:00,7.491,31.83
2023-06-18 00:00:00,7.668,33.96
2023-06-18 01:00:00,7.446,33.97
2023-06-18 02:00:00,7.66,31.34
2023-06-18 03:00:00,8.456,33.11
2023-06-18 04:00:00,9.641,37.18
2023-06-18 05:00:00,9.155,32.75
2023-06-18 06:00:00,10.248,31.4
2023-06-18 07:00:00,14.755,32.44
2023-06-18 08:00:00,15.441,32.97
2023-06-18 09:00:00,16.278,32.48
2023-06-18 10:00:00,15.352,32.72
2023-06-18 11:00:00,14.983,29.9
2023-06-18 12:00:00,14.039,30.86
2023-06-18 13:00:00,13.479,32.49
2023-06-18 14:00:00,13.567,32.45
2023-06-18 15:00:00,14.473,31.65
2023-06-18 16:00:00,14.449,32.43
2023-06-18 17:00:00,13.74,32.91
2023-06-18 18:00:00,14.56,34.56
2023-06-18 19:00:00,14.357,32.59
2023-06-18 20:00:00,12.517,33.58
2023-06-18 21:00:00,10.886,31.7
2023-06-18 22:00:00,9.804,33.93
2023-06-18 23:00:00,8.514,33.54
2023-06-19 00:00:00,8.275,34.55
2023-06-19 01:00:00,7.807,34.24
2023-06-19 02:00:00,8.226,33.99
2023-06-19 03:00:00,8.29,32.62
2023-06-19 04:00:00,9.081,33.31
2023-06-19 05:00:00,11.505,34.94
2023-06-19 06:00:00,13.051,31.51
2023-06-19 07:00:00,13.621,31.56
2023-06-19 08:00:00,16.674,33.18
2023-06-19 09:00:00,18.248,33.65
2023-06-19 10:00:00,16.547,31.17
2023-06-19 11:00:00,17.303,32.67
2023-06-19 12:00:00,17.766,32.63
2023-06-19 13:00:00,15.927,28.38
2023-06-19 14:00:00,14.609,32.38
2023-06-19 15:00:00,16.012,32.5
2023-06-19 16:00:00,15.335,32.49
2023-06-19 17:00:00,17.156,35.65
2023-06-19 18:00:00,15.536,30.38
2023-06-19 19:00:00,15.468,31.17
2023-06-19 20:00:00,13.315,27.59
2023-06-19 21:00:00,12.165,31.85
2023-06-19 22:00:00,9.895,32.02
2023-06-19 23:00:00,8.643,31.8
2023-06-20 00:00:00,7.543,35.06
2023-06-20 01:00:00,8.579,34.56
2023-06-20 02:00:00,8.499,33.0
2023-06-20 03:00:00,7.935,32.1
2023-06-20 04:00:00,10.942,34.9
2023-06-20 05:00:00,11.083,32.8
2023-06-20 06:00:00,12.633,31.21
2023-06-20 07:00:00,14.637,29.41
2023-06-20 08:00:00,16.522,31.96
2023-06-20 09:00:00,18.633,34.35
2023-06-20 10:00:00,18.718,37.4
2023-06-20 11:00:00,18.158,32.97
2023-06-20 12:00:00,16.663,31.31
2023-06-20 13:00:00,16.169,30.47
2023-06-20 14:00:00,16.274,33.95
2023-06-20 15:00:00,15.928,29.31
2023-06-20 16:00:00,16.498,33.94
2023-06-20 17:00:00,16.252,34.48
2023-06-20 18:00:00,16.122,33.72
2023-06-20 19:00:00,15.685,32.4
2023-06-20 20:00:00,14.099,33.97
2023-06-20 21:00:00,11.777,33.19
2023-06-20 22:00:00,8.866,31.29
2023-06-20 23:00:00,8.793,36.54
2023-06-21 00:00:00,8.921,32.17
2023-06-21 01:00:00,7.881,34.42
2023-06-21 02:00:00,8.879,28.03
2023-06-21 03:00:00,9.791,35.42
2023-06-21 04:00:00,10.53,35.81
2023-06-21 05:00:00,10.329,32.93
2023-06-21 06:00:00,13.029,33.99
2023-06-21 07:00:00,16.043,33.99
2023-06-21 08:00:00,17.22,31.58
2023-06-21 09:00:00,18.041,33.96
2023-06-21 10:00:00,17.012,31.25
2023-06-21 11:00:00,16.766,31.65
2023-06-21 12:00:00,16.781,35.12
2023-06-21 13:00:00,17.391,34.82
2023-06-21 14:00:00,16.604,31.46
2023-06-21 15:00:00,15.599,31.4
2023-06-21 16:00:00,15.495,31.58
2023-06-21 17:00:00,17.437,34.33
2023-06-21 18:00:00,15.47,30.87
2023-06-21 19:00:00,15.972,33.58
2023-06-21 20:00:00,14.928,34.36
2023-06-21 21:00:00,11.823,32.69
2023-06-21 22:00:00,10.419,34.89
2023-06-21 23:00:00,8.463,32.26
2023-06-22 00:00:00,8.647,32.47
2023-06-22 01:00:00,8.846,30.94
2023-06-22 02:00:00,8.869,34.93
2023-06-22 03:00:00,8.665,31.36
2023-06-22 04:00:00,9.768,33.59
2023-06-22 05:00:00,11.217,32.75
2023-06-22 06:00:00,12.182,30.79
2023-06-22 07:00:00,14.466,31.68
2023-06-22 08:00:00,17.308,35.66
2023-06-22 09:00:00,17.527,33.3
2023-06-22 10:00:00,17.55,30.87
2023-06-22 11:00:00,17.56,33.5
2023-06-22 12:00:00,16.64,32.6
2023-06-22 13:00:00,17.597,39.8
2023-06-22 14:00:00,16.435,33.46
2023-06-22 15:00:00,14.551,32.13
2023-06-22 16:00:00,17.413,35.73
2023-06-22 17:00:00,15.806,29.21
2023-06-22 18:00:00,16.793,33.08
2023-06-22 19:00:00,17.092,36.88
2023-06-22 20:00:00,13.929,32.66
2023-06-22 21:00:00,11.336,29.43
2023-06-22 22:00:00,9.686,32.1
2023-06-22 23:00:00,9.442,35.8
2023-06-23 00:00:00,8.445,33.67
2023-06-23 01:00:00,7.406,31.24
2023-06-23 02:00:00,8.572,31.54
2023-06-23 03:00:00,7.488,31.8
2023-06-23 04:00:00,9.92,33.64
2023-06-23 05:00:00,12.485,35.59
2023-06-23 06:00:00,13.164,35.02
2023-06-23 07:00:00,14.413,33.83
2023-06-23 08:00:00,15.734,30.25
2023-06-23 09:00:00,15.494,30.26
2023-06-23 10:00:00,17.591,33.98
2023-06-23 11:00:00,17.803,30.22
2023-06-23 12:00:00,16.474,32.46
2023-06-23 13:00:00,16.126,33.52
2023-06-23 14:00:00,14.141,30.64
2023-06-23 15:00:00,14.458,30.87
2023-06-23 16:00:00,16.61,32.73
2023-06-23 17:00:00,16.832,33.92
2023-06-23 18:00:00,16.042,35.04
2023-06-23 19:00:00,15.699,34.13
2023-06-23 20:00:00,14.422,33.06
2023-06-23 21:00:00,11.452,31.42
2023-06-23 22:00:00,8.918,30.77
2023-06-23 23:00:00,8.769,31.89
2023-06-24 00:00:00,7.799,33.75
2023-06-24 01:00:00,7.9,33.61
2023-06-24 02:00:00,7.699,28.73
2023-06-24 03:00:00,7.143,31.36
2023-06-24 04:00:00,9.621,35.34
2023-06-24 05:00:00,10.039,33.09
2023-06-24 06:00:00,11.051,30.1
2023-06-24 07:00:00,14.008,37.65
2023-06-24 08:00:00,14.251,32.88
2023-06-24 09:00:00,13.989,33.7
2023-06-24 10:00:00,16.745,33.73
2023-06-24 11:00:00,15.618,32.2
2023-06-24 12:00:00,13.838,31.48
2023-06-24 13:00:00,15.622,37.18
2023-06-24 14:00:00,14.227,34.94
2023-06-24 15:00:00,14.055,34.58
2023-06-24 16:00:00,13.891,34.09
2023-06-24 17:00:00,14.44,30.93
2023-06-24 18:00:00,14.572,35.49
2023-06-24 19:00:00,13.146,31.25
2023-06-24 20:00:00,13.633,33.5
2023-06-24 21:00:00,10.556,29.65
2023-06-24 22:00:00,8.821,28.85
2023-06-24 23:00:00,8.811,33.57
2023-06-25 00:00:00,6.659,31.33
2023-06-25 01:00:00,6.587,28.97
2023-06-25 02:00:00,8.165,34.03
2023-06-25 03:00:00,8.308,37.19
2023-06-25 04:00:00,9.815,35.73
2023-06-25 05:00:00,9.645,32.44
2023-06-25 06:00:00,12.066,32.97
2023-06-25 07:00:00,13.813,34.73
2023-06-25 08:00:00,15.354,35.19
2023-06-25 09:00:00,14.595,32.26
2023-06-25 10:00:00,15.868,33.02
2023-06-25 11:00:00,14.962,33.55
2023-06-25 12:00:00,15.163,34.06
2023-06-25 13:00:00,13.032,32.68
2023-06-25 14:00:00,13.161,32.71
2023-06-25 15:00:00,15.27,35.71
2023-06-25 16:00:00,14.847,35.37
2023-06-25 17:00:00,14.414,33.9
2023-06-25 18:00:00,14.719,36.39
2023-06-25 19:00:00,13.311,32.18
2023-06-25 20:00:00,13.64,36.2
2023-06-25 21:00:00,11.16,34.04
2023-06-25 22:00:00,11.922,39.49
2023-06-25 23:00:00,7.813,30.57
2023-06-26 00:00:00,7.744,31.59
2023-06-26 01:00:00,7.392,33.8
2023-06-26 02:00:00,8.405,33.76
2023-06-26 03:00:00,10.052,36.86
2023-06-26 04:00:00,9.623,31.63
2023-06-26 05:00:00,11.358,34.77
2023-06-26 06:00:00,13.556,35.29
2023-06-26 07:00:00,15.962,34.37
2023-06-26 08:00:00,16.362,31.04
2023-06-26 09:00:00,19.007,35.78
2023-06-26 10:00:00,18.901,35.42
2023-06-26 11:00:00,18.499,34.16
2023-06-26 12:00:00,16.653,33.37
2023-06-26 13:00:00,16.298,33.42
2023-06-26 14:00:00,15.792,32.81
2023-06-26 15:00:00,16.372,34.25
2023-06-26 16:00:00,16.461,33.03
2023-06-26 17:00:00,16.123,31.27
2023-06-26 18:00:00,16.653,30.87
2023-06-26 19:00:00,15.316,31.46
2023-06-26 20:00:00,15.07,33.41
2023-06-26 21:00:00,13.058,32.91
2023-06-26 22:00:00,10.987,33.39
2023-06-26 23:00:00,9.345,33.97
2023-06-27 00:00:00,8.166,31.72
2023-06-27 01:00:00,8.13,35.91
2023-06-27 02:00:00,8.516,32.44
2023-06-27 03:00:00,9.185,32.11
2023-06-27 04:00:00,9.457,33.94
2023-06-27 05:00:00,11.064,29.3
2023-06-27 06:00:00,11.913,31.39
2023-06-27 07:00:00,14.919,34.94
2023-06-27 08:00:00,16.104,29.5
2023-06-27 09:00:00,17.769,35.21
2023-06-27 10:00:00,18.712,36.0
2023-06-27 11:00:00,17.552,32.24
2023-06-27 12:00:00,16.57,33.56
2023-06-27 13:00:00,17.126,35.21
2023-06-27 14:00:00,15.337,32.04
2023-06-27 15:00:00,17.519,34.71
2023-06-27 16:00:00,15.698,31.63
2023-06-27 17:00:00,15.47,32.02
2023-06-27 18:00:00,15.619,31.38
2023-06-27 19:00:00,16.723,33.66
2023-06-27 20:00:00,14.674,35.29
2023-06-27 21:00:00,11.587,32.61
2023-06-27 22:00:00,10.632,30.43
2023-06-27 23:00:00,8.499,30.81
2023-06-28 00:00:00,8.49,33.77
2023-06-28 01:00:00,9.41,36.67
2023-06-28 02:00:00,8.805,33.77
2023-06-28 03:00:00,10.466,32.21
2023-06-28 04:00:00,9.34,34.52
2023-06-28 05:00:00,10.752,32.51
2023-06-28 06:00:00,12.647,32.23
2023-06-28 07:00:00,15.859,31.07
2023-06-28 08:00:00,18.239,35.8
2023-06-28 09:00:00,17.87,27.91
2023-06-28 10:00:00,17.892,34.58
2023-06-28 11:00:00,17.084,32.06
2023-06-28 12:00:00,16.33,32.16
2023-06-28 13:00:00,16.577,36.37
2023-06-28 14:00:00,16.622,31.56
2023-06-28 15:00:00,15.455,31.63
2023-06-28 16:00:00,15.882,32.72
2023-06-28 17:00:00,16.958,33.81
2023-06-28 18:00:00,15.332,32.1
2023-06-28 19:00:00,15.477,29.84
2023-06-28 20:00:00,13.54,31.25
2023-06-28 21:00:00,12.804,35.55
2023-06-28 22:00:00,10.198,33.14
2023-06-28 23:00:00,8.883,33.89
2023-06-29 00:00:00,8.007,32.47
2023-06-29 01:00:00,8.013,31.67
2023-06-29 02:00:00,9.052,36.35
2023-06-29 03:00:00,9.323,32.62
2023-06-29 04:00:00,9.422,32.11
2023-06-29 05:00:00,12.165,35.18
2023-06-29 06:00:00,12.574,31.55
2023-06-29 07:00:00,14.328,31.8
2023-06-29 08:00:00,16.135,33.01
2023-06-29 09:00:00,17.645,32.99
2023-06-29 10:00:00,19.29,33.51
2023-06-29 11:00:00,18.491,37.18
2023-06-29 12:00:00,16.408,33.67
2023-06-29 13:00:00,16.263,28.24
2023-06-29 14:00:00,15.803,33.65
2023-06-29 15:00:00,16.016,33.07
2023-06-29 16:00:00,15.653,33.08
2023-06-29 17:00:00,17.206,33.48
2023-06-29 18:00:00,16.121,32.94
2023-06-29 19:00:00,16.746,32.89
2023-06-29 20:00:00,14.083,34.22
2023-06-29 21:00:00,12.127,31.91
2023-06-29 22:00:00,11.065,31.1
2023-06-29 23:00:00,10.564,39.04
2023-06-30 00:00:00,9.093,31.57
2023-06-30 01:00:00,7.977,33.2
2023-06-30 02:00:00,8.207,30.01
2023-06-30 03:00:00,10.355,33.23
2023-06-30 04:00:00,8.888,31.13
2023-06-30 05:00:00,10.204,32.11
2023-06-30 06:00:00,12.865,35.09
2023-06-30 07:00:00,15.482,33.94
2023-06-30 08:00:00,15.858,34.13
2023-06-30 09:00:00,17.629,29.45
2023-06-30 10:00:00,19.149,36.67
2023-06-30 11:00:00,18.492,30.61
2023-06-30 12:00:00,18.217,36.05
2023-06-30 13:00:00,16.983,35.04
2023-06-30 14:00:00,17.001,34.15
2023-06-30 15:00:00,15.883,31.29
2023-06-30 16:00:00,15.783,33.3
2023-06-30 17:00:00,15.508,32.06
2023-06-30 18:00:00,16.158,33.06
2023-06-30 19:00:00,15.82,32.5
2023-06-30 20:00:00,14.01,28.92
2023-06-30 21:00:00,11.643,35.24
2023-06-30 22:00:00,10.374,32.84
2023-06-30 23:00:00,8.965,32.03
2023-07-01 00:00:00,7.509,31.88
2023-07-01 01:00:00,8.591,33.72
2023-07-01 02:00:00,7.651,31.21
2023-07-01 03:00:00,7.215,28.49
2023-07-01 04:00:00,8.238,33.81
2023-07-01 05:00:00,10.836,34.04
2023-07-01 06:00:00,11.005,32.6
2023-07-01 07:00:00,13.353,30.7
2023-07-01 08:00:00,15.588,33.18
2023-07-01 09:00:00,14.349,30.07
2023-07-01 10:00:00,15.968,30.95
2023-07-01 11:00:00,16.135,31.5
2023-07-01 12:00:00,15.959,34.69
2023-07-01 13:00:00,13.132,32.27
2023-07-01 14:00:00,13.51,32.1
2023-07-01 15:00:00,14.1,36.91
2023-07-01 16:00:00,14.643,33.7
2023-07-01 17:00:00,14.868,33.68
2023-07-01 18:00:00,12.869,32.26
2023-07-01 19:00:00,13.759,31.81
2023-07-01 20:00:00,12.777,28.63
2023-07-01 21:00:00,11.672,34.94
2023-07-01 22:00:00,9.803,33.9
2023-07-01 23:00:00,8.061,32.64
2023-07-02 00:00:00,6.685,32.73
2023-07-02 01:00:00,7.751,34.47
2023-07-02 02:00:00,7.39,29.89
2023-07-02 03:00:00,8.565,31.82
2023-07-02 04:00:00,9.239,30.73
2023-07-02 05:00:00,11.008,36.54
2023-07-02 06:00:00,12.585,34.75
2023-07-02 07:00:00,12.349,28.59
2023-07-02 08:00:00,13.392,29.97
2023-07-02 09:00:00,15.962,32.74
2023-07-02 10:00:00,15.881,32.05
2023-07-02 11:00:00,15.494,30.35
2023-07-02 12:00:00,15.074,36.89
2023-07-02 13:00:00,15.701,33.62
2023-07-02 14:00:00,14.774,33.95
2023-07-02 15:00:00,13.657,31.62
2023-07-02 16:00:00,13.911,34.44
2023-07-02 17:00:00,15.014,32.24
2023-07-02 18:00:00,13.855,32.43
2023-07-02 19:00:00,15.722,34.22
2023-07-02 20:00:00,12.057,29.74
2023-07-02 21:00:00,12.888,36.19
2023-07-02 22:00:00,9.506,33.36
2023-07-02 23:00:00,9.793,35.56
2023-07-03 00:00:00,7.183,30.85
2023-07-03 01:00:00,7.817,31.15
2023-07-03 02:00:00,8.625,30.67
2023-07-03 03:00:00,9.658,33.5
2023-07-03 04:00:00,10.781,33.13
2023-07-03 05:00:00,10.887,32.07
2023-07-03 06:00:00,12.666,30.97
2023-07-03 07:00:00,15.175,30.46
2023-07-03 08:00:00,16.173,32.9
2023-07-03 09:00:00,17.981,32.07
2023-07-03 10:00:00,17.721,31.63
2023-07-03 11:00:00,18.402,36.09
2023-07-03 12:00:00,16.999,32.83
2023-07-03 13:00:00,16.397,35.54
2023-07-03 14:00:00,15.637,31.93
2023-07-03 15:00:00,16.012,33.49
2023-07-03 16:00:00,15.924,32.89
2023-07-03 17:00:00,16.792,29.6
2023-07-03 18:00:00,17.664,35.85
2023-07-03 19:00:00,16.057,32.73
2023-07-03 20:00:00,14.312,34.49
2023-07-03 21:00:00,11.748,31.49
2023-07-03 22:00:00,11.661,32.67
2023-07-03 23:00:00,8.224,31.26
2023-07-04 00:00:00,8.513,35.46
2023-07-04 01:00:00,8.428,33.62
2023-07-04 02:00:00,8.45,33.73
2023-07-04 03:00:00,9.102,35.71
2023-07-04 04:00:00,10.072,35.31
2023-07-04 05:00:00,11.292,34.52
2023-07-04 06:00:00,12.074,30.15
2023-07-04 07:00:00,15.383,31.6
2023-07-04 08:00:00,16.282,30.98
2023-07-04 09:00:00,17.748,34.45
2023-07-04 10:00:00,18.199,33.33
2023-07-04 11:00:00,17.626,30.21
2023-07-04 12:00:00,16.7,32.62
2023-07-04 13:00:00,16.455,30.0
2023-07-04 14:00:00,15.186,32.89
2023-07-04 15:00:00,16.041,29.68
2023-07-04 16:00:00,16.19,34.05
2023-07-04 17:00:00,16.458,33.75
2023-07-04 18:00:00,16.857,36.81
2023-07-04 19:00:00,15.51,34.69
2023-07-04 20:00:00,13.342,32.15
2023-07-04 21:00:00,12.336,34.63
2023-07-04 22:00:00,10.453,30.2
2023-07-04 23:00:00,8.221,31.07
2023-07-05 00:00:00,7.146,33.65
2023-07-05 01:00:00,6.937,28.67
2023-07-05 02:00:00,8.253,32.91
2023-07-05 03:00:00,8.627,30.94
2023-07-05 04:00:00,10.045,33.19
2023-07-05 05:00:00,11.603,30.83
2023-07-05 06:00:00,13.833,33.83
2023-07-05 07:00:00,16.02,33.02
2023-07-05 08:00:00,16.182,35.79
2023-07-05 09:00:00,17.272,33.0
2023-07-05 10:00:00,18.235,31.45
2023-07-05 11:00:00,17.289,32.49
2023-07-05 12:00:00,17.068,30.3
2023-07-05 13:00:00,16.633,33.8
2023-07-05 14:00:00,17.127,34.17
2023-07-05 15:00:00,17.515,37.92
2023-07-05 16:00:00,16.424,31.74
2023-07-05 17:00:00,16.003,32.45
2023-07-05 18:00:00,16.229,31.83
2023-07-05 19:00:00,15.812,33.41
2023-07-05 20:00:00,13.714,33.75
2023-07-05 21:00:00,13.342,32.88
2023-07-05 22:00:00,11.39,35.16
2023-07-05 23:00:00,8.689,31.75
2023-07-06 00:00:00,9.106,34.95
2023-07-06 01:00:00,7.903,34.05
2023-07-06 02:00:00,7.381,32.95
2023-07-06 03:00:00,9.648,32.35
2023-07-06 04:00:00,10.351,37.83
2023-07-06 05:00:00,10.933,31.34
2023-07-06 06:00:00,13.151,33.57
2023-07-06 07:00:00,14.786,31.48
2023-07-06 08:00:00,17.832,36.55
2023-07-06 09:00:00,18.46,34.75
2023-07-06 10:00:00,18.165,31.62
2023-07-06 11:00:00,17.351,34.0
2023-07-06 12:00:00,17.226,33.49
2023-07-06 13:00:00,15.276,31.94
2023-07-06 14:00:00,17.174,34.49
2023-07-06 15:00:00,15.117,33.75
2023-07-06 16:00:00,15.855,33.41
2023-07-06 17:00:00,15.528,32.89
2023-07-06 18:00:00,16.189,33.84
2023-07-06 19:00:00,16.001,33.43
2023-07-06 20:00:00,14.174,33.09
2023-07-06 21:00:00,12.944,31.69
2023-07-06 22:00:00,11.337,36.36
2023-07-06 23:00:00,8.48,30.88
2023-07-07 00:00:00,8.011,33.82
2023-07-07 01:00:00,8.695,32.32
2023-07-07 02:00:00,9.739,36.48
2023-07-07 03:00:00,8.166,31.16
2023-07-07 04:00:00,9.418,31.49
2023-07-07 05:00:00,11.28,31.02
2023-07-07 06:00:00,13.238,33.61
2023-07-07 07:00:00,13.738,30.22
2023-07-07 08:00:00,16.871,32.01
2023-07-07 09:00:00,16.622,28.66
2023-07-07 10:00:00,18.917,33.45
2023-07-07 11:00:00,17.777,31.96
2023-07-07 12:00:00,15.816,29.99
2023-07-07 13:00:00,16.442,35.14
2023-07-07 14:00:00,15.209,30.35
2023-07-07 15:00:00,16.202,34.56
2023-07-07 16:00:00,15.622,31.56
2023-07-07 17:00:00,16.279,36.17
2023-07-07 18:00:00,15.904,34.46
2023-07-07 19:00:00,15.908,30.95
2023-07-07 20:00:00,14.336,31.13
2023-07-07 21:00:00,12.746,34.18
2023-07-07 22:00:00,10.576,32.44
2023-07-07 23:00:00,8.651,32.63
2023-07-08 00:00:00,7.93,35.49
2023-07-08 01:00:00,8.717,31.45
2023-07-08 02:00:00,8.52,33.13
2023-07-08 03:00:00,8.537,34.86
2023-07-08 04:00:00,9.124,34.57
2023-07-08 05:00:00,8.416,32.63
2023-07-08 06:00:00,12.092,32.37
2023-07-08 07:00:00,13.108,29.47
2023-07-08 08:00:00,14.011,30.84
2023-07-08 09:00:00,14.932,33.59
2023-07-08 10:00:00,15.177,32.67
2023-07-08 11:00:00,15.853,33.1
2023-07-08 12:00:00,15.326,35.03
2023-07-08 13:00:00,14.511,30.58
2023-07-08 14:00:00,14.098,32.48
2023-07-08 15:00:00,14.66,33.33
2023-07-08 16:00:00,14.146,31.54
2023-07-08 17:00:00,15.516,35.81
2023-07-08 18:00:00,13.658,34.77
2023-07-08 19:00:00,13.456,33.53
2023-07-08 20:00:00,13.38,36.54
2023-07-08 21:00:00,11.361,29.95
2023-07-08 22:00:00,10.631,32.93
2023-07-08 23:00:00,8.33,33.68
2023-07-09 00:00:00,6.647,31.1
2023-07-09 01:00:00,6.358,33.53
2023-07-09 02:00:00,7.938,30.72
2023-07-09 03:00:00,8.258,34.31
2023-07-09 04:00:00,11.3,35.05
2023-07-09 05:00:00,9.826,33.48
2023-07-09 06:00:00,12.259,29.23
2023-07-09 07:00:00,13.274,31.0
2023-07-09 08:00:00,14.248,34.06
2023-07-09 09:00:00,15.808,32.98
2023-07-09 10:00:00,15.655,27.55
2023-07-09 11:00:00,15.894,35.42
2023-07-09 12:00:00,15.517,33.21
2023-07-09 13:00:00,14.676,31.3
2023-07-09 14:00:00,14.85,34.92
2023-07-09 15:00:00,13.765,31.58
2023-07-09 16:00:00,13.209,31.56
2023-07-09 17:00:00,14.52,33.65
2023-07-09 18:00:00,15.383,36.5
2023-07-09 19:00:00,13.603,36.18
2023-07-09 20:00:00,13.084,33.65
2023-07-09 21:00:00,11.262,33.86
2023-07-09 22:00:00,9.009,34.52
2023-07-09 23:00:00,7.691,30.42
2023-07-10 00:00:00,7.941,34.2
2023-07-10 01:00:00,8.945,31.45
2023-07-10 02:00:00,8.678,33.55
2023-07-10 03:00:00,9.638,32.46
2023-07-10 04:00:00,10.133,33.92
2023-07-10 05:00:00,10.177,33.15
2023-07-10 06:00:00,12.495,26.77
2023-07-10 07:00:00,14.413,33.27
2023-07-10 08:00:00,16.573,34.2
2023-07-10 09:00:00,17.248,33.81
2023-07-10 10:00:00,18.011,32.71
2023-07-10 11:00:00,18.88,36.2
2023-07-10 12:00:00,17.572,33.54
2023-07-10 13:00:00,17.406,33.79
2023-07-10 14:00:00,17.332,35.0
2023-07-10 15:00:00,14.664,33.64
2023-07-10 16:00:00,14.925,31.12
2023-07-10 17:00:00,14.531,28.04
2023-07-10 18:00:00,16.633,31.96
2023-07-10 19:00:00,15.722,34.44
2023-07-10 20:00:00,14.001,32.21
2023-07-10 21:00:00,12.583,34.52
2023-07-10 22:00:00,10.74,33.21
2023-07-10 23:00:00,8.647,35.49
2023-07-11 00:00:00,7.014,32.3
2023-07-11 01:00:00,8.178,33.83
2023-07-11 02:00:00,9.316,33.91
2023-07-11 03:00:00,9.655,35.9
2023-07-11 04:00:00,9.025,29.48
2023-07-11 05:00:00,9.799,31.98
2023-07-11 06:00:00,13.734,34.59
2023-07-11 07:00:00,14.898,35.99
2023-07-11 08:00:00,15.914,33.37
2023-07-11 09:00:00,16.57,32.31
2023-07-11 10:00:00,17.402,34.41
2023-07-11 11:00:00,17.312,34.63
2023-07-11 12:00:00,16.616,32.17
2023-07-11 13:00:00,15.67,33.55
2023-07-11 14:00:00,16.444,35.25
2023-07-11 15:00:00,16.367,36.67
2023-07-11 16:00:00,17.519,34.38
2023-07-11 17:00:00,15.25,32.98
2023-07-11 18:00:00,16.472,32.79
2023-07-11 19:00:00,16.143,34.01
2023-07-11 20:00:00,13.736,32.66
2023-07-11 21:00:00,12.517,33.27
2023-07-11 22:00:00,10.567,30.78
2023-07-11 23:00:00,9.579,35.49
2023-07-12 00:00:00,8.324,30.59
2023-07-12 01:00:00,6.535,32.01
2023-07-12 02:00:00,7.92,33.06
2023-07-12 03:00:00,10.758,36.85
2023-07-12 04:00:00,10.386,32.02
2023-07-12 05:00:00,11.326,31.54
2023-07-12 06:00:00,13.38,31.77
2023-07-12 07:00:00,14.218,36.19
2023-07-12 08:00:00,16.248,27.24
2023-07-12 09:00:00,17.999,30.86
2023-07-12 10:00:00,18.755,38.33
2023-07-12 11:00:00,19.334,34.05
2023-07-12 12:00:00,16.632,30.66
2023-07-12 13:00:00,14.924,32.79
2023-07-12 14:00:00,16.107,33.0
2023-07-12 15:00:00,15.605,34.56
2023-07-12 16:00:00,17.335,36.55
2023-07-12 17:00:00,16.705,33.65
2023-07-12 18:00:00,15.835,31.79
2023-07-12 19:00:00,17.008,34.44
2023-07-12 20:00:00,14.709,31.47
2023-07-12 21:00:00,11.549,30.8
2023-07-12 22:00:00,9.813,29.35
2023-07-12 23:00:00,8.838,29.74
2023-07-13 00:00:00,7.321,31.05
2023-07-13 01:00:00,7.397,30.49
2023-07-13 02:00:00,8.501,33.47
2023-07-13 03:00:00,8.02,30.44
2023-07-13 04:00:00,7.842,26.56
2023-07-13 05:00:00,11.012,30.76
2023-07-13 06:00:00,11.449,31.9
2023-07-13 07:00:00,13.885,31.63
2023-07-13 08:00:00,16.01,35.88
2023-07-13 09:00:00,16.463,31.62
2023-07-13 10:00:00,18.524,34.61
2023-07-13 11:00:00,17.376,32.81
2023-07-13 12:00:00,16.666,32.76
2023-07-13 13:00:00,15.174,31.17
2023-07-13 14:00:00,15.417,32.73
2023-07-13 15:00:00,15.675,31.31
2023-07-13 16:00:00,15.893,33.18
2023-07-13 17:00:00,16.626,32.37
2023-07-13 18:00:00,16.629,30.95
2023-07-13 19:00:00,16.014,34.83
2023-07-13 20:00:00,13.391,33.7
2023-07-13 21:00:00,11.745,31.95
2023-07-13 22:00:00,10.386,33.13
2023-07-13 23:00:00,8.476,32.68
2023-07-14 00:00:00,6.89,31.08
2023-07-14 01:00:00,8.003,32.96
2023-07-14 02:00:00,9.597,31.57
2023-07-14 03:00:00,8.413,30.93
2023-07-14 04:00:00,9.452,29.57
2023-07-14 05:00:00,10.263,32.1
2023-07-14 06:00:00,13.726,33.95
2023-07-14 07:00:00,14.954,31.43
2023-07-14 08:00:00,18.006,37.86
2023-07-14 09:00:00,18.775,34.59
2023-07-14 10:00:00,18.162,35.42
2023-07-14 11:00:00,17.605,34.41
2023-07-14 12:00:00,18.587,36.52
2023-07-14 13:00:00,16.332,31.24
2023-07-14 14:00:00,13.797,27.69
2023-07-14 15:00:00,15.795,31.92
2023-07-14 16:00:00,15.693,33.93
2023-07-14 17:00:00,16.779,33.12
2023-07-14 18:00:00,16.666,33.37
2023-07-14 19:00:00,15.232,35.46
2023-07-14 20:00:00,14.621,33.58
2023-07-14 21:00:00,12.746,34.41
2023-07-14 22:00:00,10.289,30.94
2023-07-14 23:00:00,8.949,30.62
2023-07-15 00:00:00,8.71,36.01
2023-07-15 01:00:00,7.572,32.99
2023-07-15 02:00:00,7.444,31.54
2023-07-15 03:00:00,8.682,31.54
2023-07-15 04:00:00,10.119,31.49
2023-07-15 05:00:00,10.357,31.37
2023-07-15 06:00:00,11.133,30.22
2023-07-15 07:00:00,12.812,29.78
2023-07-15 08:00:00,14.609,32.39
2023-07-15 09:00:00,15.343,31.6
2023-07-15 10:00:00,17.488,35.0
2023-07-15 11:00:00,15.064,33.37
2023-07-15 12:00:00,15.618,33.32
2023-07-15 13:00:00,14.002,31.3
2023-07-15 14:00:00,13.047,32.54
2023-07-15 15:00:00,13.878,33.51
2023-07-15 16:00:00,13.94,34.22
2023-07-15 17:00:00,14.616,32.6
2023-07-15 18:00:00,14.882,34.94
2023-07-15 19:00:00,13.331,32.8
2023-07-15 20:00:00,13.893,34.37
2023-07-15 21:00:00,11.509,31.81
2023-07-15 22:00:00,9.786,29.16
2023-07-15 23:00:00,8.382,33.32
2023-07-16 00:00:00,7.387,34.2
2023-07-16 01:00:00,7.889,33.9
2023-07-16 02:00:00,7.407,33.6
2023-07-16 03:00:00,8.128,32.05
2023-07-16 04:00:00,8.592,31.14
2023-07-16 05:00:00,9.33,33.86
2023-07-16 06:00:00,11.599,33.6
2023-07-16 07:00:00,12.521,31.63
2023-07-16 08:00:00,14.768,34.97
2023-07-16 09:00:00,15.436,30.99
2023-07-16 10:00:00,16.312,31.59
2023-07-16 11:00:00,15.519,36.02
2023-07-16 12:00:00,14.922,34.49
2023-07-16 13:00:00,13.709,32.04
2023-07-16 14:00:00,13.551,33.33
2023-07-16 15:00:00,13.53,33.06
2023-07-16 16:00:00,13.154,27.26
2023-07-16 17:00:00,14.337,30.94
2023-07-16 18:00:00,14.562,32.65
2023-07-16 19:00:00,13.159,32.04
2023-07-16 20:00:00,13.551,33.25
2023-07-16 21:00:00,11.983,35.01
2023-07-16 22:00:00,8.677,32.11
2023-07-16 23:00:00,8.522,30.64
2023-07-17 00:00:00,8.021,33.37
2023-07-17 01:00:00,7.645,32.06
2023-07-17 02:00:00,8.415,32.4
2023-07-17 03:00:00,8.802,32.13
2023-07-17 04:00:00,11.099,37.2
2023-07-17 05:00:00,10.586,28.24
2023-07-17 06:00:00,12.353,31.94
2023-07-17 07:00:00,13.348,32.71
2023-07-17 08:00:00,16.426,31.15
2023-07-17 09:00:00,17.649,34.52
2023-07-17 10:00:00,18.59,34.34
2023-07-17 11:00:00,17.675,32.62
2023-07-17 12:00:00,16.422,32.18
2023-07-17 13:00:00,16.692,32.49
2023-07-17 14:00:00,15.804,32.51
2023-07-17 15:00:00,15.653,32.56
2023-07-17 16:00:00,15.603,32.34
2023-07-17 17:00:00,17.197,33.22
2023-07-17 18:00:00,16.083,34.22
2023-07-17 19:00:00,15.108,30.26
2023-07-17 20:00:00,13.167,30.62
2023-07-17 21:00:00,12.168,29.22
2023-07-17 22:00:00,10.251,34.45
2023-07-17 23:00:00,8.662,33.22
2023-07-18 00:00:00,7.548,33.69
2023-07-18 01:00:00,7.429,29.82
2023-07-18 02:00:00,8.181,36.25
2023-07-18 03:00:00,7.34,31.46
2023-07-18 04:00:00,10.142,33.02
2023-07-18 05:00:00,10.095,34.39
2023-07-18 06:00:00,12.857,30.71
2023-07-18 07:00:00,15.29,31.59
2023-07-18 08:00:00,16.288,33.04
2023-07-18 09:00:00,19.523,38.39
2023-07-18 10:00:00,17.881,33.28
2023-07-18 11:00:00,18.96,35.89
2023-07-18 12:00:00,16.873,35.09
2023-07-18 13:00:00,14.794,33.42
2023-07-18 14:00:00,15.328,30.7
2023-07-18 15:00:00,16.971,34.8
2023-07-18 16:00:00,15.597,29.68
2023-07-18 17:00:00,16.385,35.88
2023-07-18 18:00:00,16.468,33.08
2023-07-18 19:00:00,15.543,27.38
2023-07-18 20:00:00,14.037,32.0
2023-07-18 21:00:00,14.013,33.99
2023-07-18 22:00:00,9.856,32.21
2023-07-18 23:00:00,9.685,34.11
2023-07-19 00:00:00,7.833,30.94
2023-07-19 01:00:00,6.969,30.03
2023-07-19 02:00:00,7.905,32.5
2023-07-19 03:00:00,9.468,32.7
2023-07-19 04:00:00,9.745,31.94
2023-07-19 05:00:00,11.681,35.09
2023-07-19 06:00:00,11.368,30.94
2023-07-19 07:00:00,15.0,33.27
2023-07-19 08:00:00,16.485,32.78
2023-07-19 09:00:00,16.979,29.53
2023-07-19 10:00:00,17.578,30.0
2023-07-19 11:00:00,17.092,32.66
2023-07-19 12:00:00,17.098,36.6
2023-07-19 13:00:00,16.111,33.8
2023-07-19 14:00:00,14.877,29.19
2023-07-19 15:00:00,16.072,26.42
2023-07-19 16:00:00,16.495,34.11
2023-07-19 17:00:00,15.416,32.45
2023-07-19 18:00:00,17.818,34.92
2023-07-19 19:00:00,15.071,30.88
2023-07-19 20:00:00,14.307,33.34
2023-07-19 21:00:00,13.014,34.33
2023-07-19 22:00:00,8.882,31.74
2023-07-19 23:00:00,8.506,31.79
2023-07-20 00:00:00,7.269,32.65
2023-07-20 01:00:00,8.058,33.68
2023-07-20 02:00:00,8.364,32.57
2023-07-20 03:00:00,9.124,34.55
2023-07-20 04:00:00,9.512,31.67
2023-07-20 05:00:00,11.22,29.94
2023-07-20 06:00:00,13.555,36.55
2023-07-20 07:00:00,14.291,31.39
2023-07-20 08:00:00,16.158,31.46
2023-07-20 09:00:00,18.512,32.47
2023-07-20 10:00:00,17.844,32.73
2023-07-20 11:00:00,16.861,31.82
2023-07-20 12:00:00,15.464,32.56
2023-07-20 13:00:00,15.137,32.52
2023-07-20 14:00:00,15.391,32.95
2023-07-20 15:00:00,14.789,27.88
2023-07-20 16:00:00,16.061,36.36
2023-07-20 17:00:00,16.154,32.3
2023-07-20 18:00:00,15.995,33.76
2023-07-20 19:00:00,14.614,29.84
2023-07-20 20:00:00,14.344,31.66
2023-07-20 21:00:00,12.736,31.25
2023-07-20 22:00:00,10.076,35.54
2023-07-20 23:00:00,8.709,31.43
2023-07-21 00:00:00,6.697,34.07
2023-07-21 01:00:00,6.612,31.25
2023-07-21 02:00:00,7.608,31.65
2023-07-21 03:00:00,9.37,32.06
2023-07-21 04:00:00,9.716,35.12
2023-07-21 05:00:00,9.923,28.77
2023-07-21 06:00:00,12.172,29.92
2023-07-21 07:00:00,13.906,28.66
2023-07-21 08:00:00,15.413,30.38
2023-07-21 09:00:00,18.333,30.93
2023-07-21 10:00:00,17.058,29.32
2023-07-21 11:00:00,17.095,31.09
2023-07-21 12:00:00,15.785,28.52
2023-07-21 13:00:00,15.925,30.52
2023-07-21 14:00:00,16.764,34.95
2023-07-21 15:00:00,16.576,33.36
2023-07-21 16:00:00,15.212,32.93
2023-07-21 17:00:00,16.307,30.55
2023-07-21 18:00:00,15.976,29.48
2023-07-21 19:00:00,15.772,30.28
2023-07-21 20:00:00,14.02,32.47
2023-07-21 21:00:00,12.294,34.29
2023-07-21 22:00:00,11.026,34.36
2023-07-21 23:00:00,9.51,33.81
2023-07-22 00:00:00,7.634,31.03
2023-07-22 01:00:00,7.169,32.56
2023-07-22 02:00:00,7.217,31.86
2023-07-22 03:00:00,6.407,32.1
2023-07-22 04:00:00,8.588,36.58
2023-07-22 05:00:00,9.06,28.98
2023-07-22 06:00:00,10.415,32.04
2023-07-22 07:00:00,13.694,34.93
2023-07-22 08:00:00,13.065,29.58
2023-07-22 09:00:00,14.775,31.22
2023-07-22 10:00:00,15.075,31.45
2023-07-22 11:00:00,15.812,32.06
2023-07-22 12:00:00,13.764,29.32
2023-07-22 13:00:00,14.553,33.7
2023-07-22 14:00:00,14.086,33.84
2023-07-22 15:00:00,14.337,33.52
2023-07-22 16:00:00,14.0,30.77
2023-07-22 17:00:00,14.064,32.68
2023-07-22 18:00:00,12.876,30.71
2023-07-22 19:00:00,13.448,31.84
2023-07-22 20:00:00,13.331,36.81
2023-07-22 21:00:00,10.974,32.7
2023-07-22 22:00:00,8.312,30.13
2023-07-22 23:00:00,8.645,32.87
2023-07-23 00:00:00,6.497,29.75
2023-07-23 01:00:00,6.092,30.06
2023-07-23 02:00:00,6.755,30.38
2023-07-23 03:00:00,8.921,31.57
2023-07-23 04:00:00,9.435,34.33
2023-07-23 05:00:00,10.581,33.62
2023-07-23 06:00:00,10.669,33.5
2023-07-23 07:00:00,11.967,30.26
2023-07-23 08:00:00,13.652,31.38
2023-07-23 09:00:00,15.441,33.0
2023-07-23 10:00:00,15.177,31.2
2023-07-23 11:00:00,14.736,31.9
2023-07-23 12:00:00,14.478,33.34
2023-07-23 13:00:00,13.439,31.76
2023-07-23 14:00:00,13.657,32.91
2023-07-23 15:00:00,14.855,35.64
2023-07-23 16:00:00,12.752,32.11
2023-07-23 17:00:00,14.659,34.82
2023-07-23 18:00:00,15.153,33.58
2023-07-23 19:00:00,13.12,29.52
2023-07-23 20:00:00,11.781,30.25
2023-07-23 21:00:00,11.025,30.79
2023-07-23 22:00:00,8.213,30.75
2023-07-23 23:00:00,7.813,32.28
2023-07-24 00:00:00,7.032,33.64
2023-07-24 01:00:00,6.922,34.92
2023-07-24 02:00:00,7.995,33.02
2023-07-24 03:00:00,7.743,31.52
2023-07-24 04:00:00,9.009,28.24
2023-07-24 05:00:00,11.502,32.55
2023-07-24 06:00:00,13.534,32.46
2023-07-24 07:00:00,14.412,32.77
2023-07-24 08:00:00,17.541,36.62
2023-07-24 09:00:00,17.969,34.89
2023-07-24 10:00:00,17.603,33.98
2023-07-24 11:00:00,15.684,30.48
2023-07-24 12:00:00,17.263,31.38
2023-07-24 13:00:00,15.184,32.22
2023-07-24 14:00:00,16.036,30.86
2023-07-24 15:00:00,15.807,33.41
2023-07-24 16:00:00,15.015,33.12
2023-07-24 17:00:00,15.689,30.23
2023-07-24 18:00:00,17.687,34.8
2023-07-24 19:00:00,16.359,32.61
2023-07-24 20:00:00,13.175,28.95
2023-07-24 21:00:00,11.517,32.3
2023-07-24 22:00:00,10.164,32.97
2023-07-24 23:00:00,8.839,34.35
2023-07-25 00:00:00,8.005,31.68
2023-07-25 01:00:00,8.27,34.01
2023-07-25 02:00:00,6.983,32.73
2023-07-25 03:00:00,8.493,29.72
2023-07-25 04:00:00,9.012,29.52
2023-07-25 05:00:00,11.198,34.6
2023-07-25 06:00:00,12.958,34.75
2023-07-25 07:00:00,15.077,33.0
2023-07-25 08:00:00,17.194,35.35
2023-07-25 09:00:00,17.158,34.47
2023-07-25 10:00:00,17.712,33.72
2023-07-25 11:00:00,16.54,30.53
2023-07-25 12:00:00,16.065,35.82
2023-07-25 13:00:00,15.921,33.43
2023-07-25 14:00:00,16.383,31.58
2023-07-25 15:00:00,14.03,31.02
2023-07-25 16:00:00,15.505,32.87
2023-07-25 17:00:00,15.283,29.01
2023-07-25 18:00:00,16.337,33.75
2023-07-25 19:00:00,14.493,30.45
2023-07-25 20:00:00,13.189,33.1
2023-07-25 21:00:00,10.925,31.31
2023-07-25 22:00:00,10.675,31.83
2023-07-25 23:00:00,7.717,30.84
2023-07-26 00:00:00,6.994,31.98
2023-07-26 01:00:00,9.483,36.08
2023-07-26 02:00:00,7.966,35.07
2023-07-26 03:00:00,8.877,33.01
2023-07-26 04:00:00,10.108,32.25
2023-07-26 05:00:00,11.627,33.99
2023-07-26 06:00:00,11.934,34.56
2023-07-26 07:00:00,13.521,30.64
2023-07-26 08:00:00,16.149,32.14
2023-07-26 09:00:00,17.838,28.66
2023-07-26 10:00:00,17.413,34.55
2023-07-26 11:00:00,17.558,36.43
2023-07-26 12:00:00,16.635,32.46
2023-07-26 13:00:00,15.568,28.05
2023-07-26 14:00:00,15.973,33.52
2023-07-26 15:00:00,14.437,30.49
2023-07-26 16:00:00,14.861,30.97
2023-07-26 17:00:00,16.082,33.55
2023-07-26 18:00:00,16.713,32.81
2023-07-26 19:00:00,15.014,31.32
2023-07-26 20:00:00,13.656,31.0
2023-07-26 21:00:00,11.295,32.55
2023-07-26 22:00:00,10.903,31.48
2023-07-26 23:00:00,8.258,30.08
2023-07-27 00:00:00,7.839,31.58
2023-07-27 01:00:00,7.567,32.92
2023-07-27 02:00:00,7.834,31.89
2023-07-27 03:00:00,7.203,29.41
2023-07-27 04:00:00,8.494,34.22
2023-07-27 05:00:00,10.762,26.76
2023-07-27 06:00:00,12.178,31.35
2023-07-27 07:00:00,14.085,31.0
2023-07-27 08:00:00,15.245,32.54
2023-07-27 09:00:00,16.778,33.36
2023-07-27 10:00:00,18.458,34.5
2023-07-27 11:00:00,17.816,30.82
2023-07-27 12:00:00,16.139,33.41
2023-07-27 13:00:00,16.172,32.63
2023-07-27 14:00:00,14.95,28.82
2023-07-27 15:00:00,15.835,36.04
2023-07-27 16:00:00,16.043,29.36
2023-07-27 17:00:00,15.556,33.08
2023-07-27 18:00:00,16.699,33.02
2023-07-27 19:00:00,15.584,32.79
2023-07-27 20:00:00,13.657,31.25
2023-07-27 21:00:00,12.937,33.9
2023-07-27 22:00:00,9.607,29.12
2023-07-27 23:00:00,8.364,32.11
2023-07-28 00:00:00,7.901,31.05
2023-07-28 01:00:00,7.928,30.83
2023-07-28 02:00:00,8.656,33.04
2023-07-28 03:00:00,6.508,34.34
2023-07-28 04:00:00,9.535,31.5
2023-07-28 05:00:00,11.019,33.74
2023-07-28 06:00:00,12.217,32.28
2023-07-28 07:00:00,14.203,30.4
2023-07-28 08:00:00,15.969,31.67
2023-07-28 09:00:00,17.388,31.58
2023-07-28 10:00:00,16.988,30.79
2023-07-28 11:00:00,17.983,33.04
2023-07-28 12:00:00,16.804,32.65
2023-07-28 13:00:00,15.542,29.0
2023-07-28 14:00:00,15.099,28.88
2023-07-28 15:00:00,15.957,33.03
2023-07-28 16:00:00,15.655,30.55
2023-07-28 17:00:00,15.669,32.79
2023-07-28 18:00:00,16.64,33.74
2023-07-28 19:00:00,14.954,29.64
2023-07-28 20:00:00,14.525,29.36
2023-07-28 21:00:00,13.064,35.53
2023-07-28 22:00:00,9.559,32.89
2023-07-28 23:00:00,9.66,31.34
2023-07-29 00:00:00,5.06,30.25
2023-07-29 01:00:00,6.938,31.1
2023-07-29 02:00:00,6.299,29.74
2023-07-29 03:00:00,9.06,33.89
2023-07-29 04:00:00,8.327,30.57
2023-07-29 05:00:00,9.377,34.31
2023-07-29 06:00:00,10.539,31.32
2023-07-29 07:00:00,11.691,30.03
2023-07-29 08:00:00,13.63,31.27
2023-07-29 09:00:00,14.123,26.87
2023-07-29 10:00:00,14.703,31.88
2023-07-29 11:00:00,14.942,31.78
2023-07-29 12:00:00,14.779,33.77
2023-07-29 13:00:00,12.646,28.35
2023-07-29 14:00:00,12.826,34.44
2023-07-29 15:00:00,13.76,33.76
2023-07-29 16:00:00,14.204,34.62
2023-07-29 17:00:00,14.147,32.01
2023-07-29 18:00:00,14.533,34.15
2023-07-29 19:00:00,13.902,29.18
2023-07-29 20:00:00,12.987,33.55
2023-07-29 21:00:00,11.818,30.58
2023-07-29 22:00:00,10.192,28.82
2023-07-29 23:00:00,6.191,29.87
2023-07-30 00:00:00,5.227,32.07
2023-07-30 01:00:00,6.412,30.41
2023-07-30 02:00:00,7.432,32.81
2023-07-30 03:00:00,7.044,28.44
2023-07-30 04:00:00,8.238,27.8
2023-07-30 05:00:00,9.748,34.8
2023-07-30 06:00:00,10.672,33.86
2023-07-30 07:00:00,11.742,29.96
2023-07-30 08:00:00,13.772,32.05
2023-07-30 09:00:00,15.765,34.1
2023-07-30 10:00:00,14.988,32.89
2023-07-30 11:00:00,14.656,32.35
2023-07-30 12:00:00,14.936,34.25
2023-07-30 13:00:00,13.351,30.59
2023-07-30 14:00:00,14.029,32.12
2023-07-30 15:00:00,12.676,32.02
2023-07-30 16:00:00,12.609,31.51
2023-07-30 17:00:00,13.735,31.28
2023-07-30 18:00:00,14.055,32.2
2023-07-30 19:00:00,12.805,32.13
2023-07-30 20:00:00,12.593,29.96
2023-07-30 21:00:00,11.821,33.66
2023-07-30 22:00:00,8.066,30.1
2023-07-30 23:00:00,8.341,31.62
2023-07-31 00:00:00,5.568,31.4
2023-07-31 01:00:00,7.991,32.71
2023-07-31 02:00:00,6.583,27.75
2023-07-31 03:00:00,9.19,33.77
2023-07-31 04:00:00,8.442,30.64
2023-07-31 05:00:00,10.856,34.43
2023-07-31 06:00:00,11.431,31.03
2023-07-31 07:00:00,13.8,31.89
2023-07-31 08:00:00,17.564,35.82
2023-07-31 09:00:00,16.767,31.44
2023-07-31 10:00:00,18.914,34.47
2023-07-31 11:00:00,16.562,32.07
2023-07-31 12:00:00,17.134,32.82
2023-07-31 13:00:00,14.543,32.13
2023-07-31 14:00:00,15.218,33.69
2023-07-31 15:00:00,14.435,30.62
2023-07-31 16:00:00,15.768,30.02
2023-07-31 17:00:00,15.397,30.71
2023-07-31 18:00:00,14.393,32.19
2023-07-31 19:00:00,14.199,31.55
2023-07-31 20:00:00,13.249,33.41
2023-07-31 21:00:00,12.644,34.6
2023-07-31 22:00:00,9.859,30.04
2023-07-31 23:00:00,7.837,30.52
2023-08-01 00:00:00,6.315,29.05
2023-08-01 01:00:00,8.378,35.98
2023-08-01 02:00:00,6.998,32.53
2023-08-01 03:00:00,8.673,32.88
2023-08-01 04:00:00,9.021,29.24
2023-08-01 05:00:00,10.24,31.92
2023-08-01 06:00:00,12.416,32.94
2023-08-01 07:00:00,13.872,31.42
2023-08-01 08:00:00,16.358,34.07
2023-08-01 09:00:00,16.967,36.55
2023-08-01 10:00:00,17.244,30.03
2023-08-01 11:00:00,17.05,29.88
2023-08-01 12:00:00,15.984,30.17
2023-08-01 13:00:00,16.394,35.13
2023-08-01 14:00:00,15.34,34.01
2023-08-01 15:00:00,15.398,31.65
2023-08-01 16:00:00,15.124,32.0
2023-08-01 17:00:00,14.495,30.29
2023-08-01 18:00:00,16.358,33.7
2023-08-01 19:00:00,13.902,31.16
2023-08-01 20:00:00,13.647,31.4
2023-08-01 21:00:00,11.532,33.14
2023-08-01 22:00:00,9.275,31.55
2023-08-01 23:00:00,8.21,31.45
2023-08-02 00:00:00,6.555,31.87
2023-08-02 01:00:00,7.693,33.44
2023-08-02 02:00:00,8.16,35.15
2023-08-02 03:00:00,8.008,33.02
2023-08-02 04:00:00,10.186,33.46
2023-08-02 05:00:00,10.409,31.45
2023-08-02 06:00:00,12.123,30.44
2023-08-02 07:00:00,14.902,33.16
2023-08-02 08:00:00,16.52,32.19
2023-08-02 09:00:00,16.77,29.01
2023-08-02 10:00:00,16.809,31.2
2023-08-02 11:00:00,15.785,31.69
2023-08-02 12:00:00,15.96,30.83
2023-08-02 13:00:00,16.578,34.82
2023-08-02 14:00:00,15.355,32.81
2023-08-02 15:00:00,13.275,34.6
2023-08-02 16:00:00,15.624,32.38
2023-08-02 17:00:00,15.95,32.02
2023-08-02 18:00:00,15.054,29.98
2023-08-02 19:00:00,15.539,31.88
2023-08-02 20:00:00,13.883,31.88
2023-08-02 21:00:00,10.718,29.12
2023-08-02 22:00:00,10.148,30.77
2023-08-02 23:00:00,7.264,31.21
2023-08-03 00:00:00,7.021,32.61
2023-08-03 01:00:00,7.115,32.7
2023-08-03 02:00:00,6.796,30.62
2023-08-03 03:00:00,8.461,32.72
2023-08-03 04:00:00,9.782,31.42
2023-08-03 05:00:00,10.405,26.04
2023-08-03 06:00:00,12.184,30.81
2023-08-03 07:00:00,13.132,33.94
2023-08-03 08:00:00,14.33,28.42
2023-08-03 09:00:00,16.884,32.01
2023-08-03 10:00:00,17.589,34.95
2023-08-03 11:00:00,16.093,30.26
2023-08-03 12:00:00,17.075,31.78
2023-08-03 13:00:00,15.036,29.17
2023-08-03 14:00:00,15.846,35.03
2023-08-03 15:00:00,15.358,31.61
2023-08-03 16:00:00,15.007,31.87
2023-08-03 17:00:00,17.345,34.49
2023-08-03 18:00:00,15.101,33.1
2023-08-03 19:00:00,14.272,30.03
2023-08-03 20:00:00,12.69,30.49
2023-08-03 21:00:00,12.544,32.77
2023-08-03 22:00:00,9.787,30.53
2023-08-03 23:00:00,7.22,27.55
2023-08-04 00:00:00,6.327,31.6
2023-08-04 01:00:00,7.44,28.75
2023-08-04 02:00:00,8.207,34.94
2023-08-04 03:00:00,8.969,32.06
2023-08-04 04:00:00,8.703,29.9
2023-08-04 05:00:00,10.338,30.31
2023-08-04 06:00:00,11.543,27.93
2023-08-04 07:00:00,13.039,29.51
2023-08-04 08:00:00,15.772,33.74
2023-08-04 09:00:00,16.832,36.17
2023-08-04 10:00:00,17.514,33.16
2023-08-04 11:00:00,16.982,31.52
2023-08-04 12:00:00,16.339,30.84
2023-08-04 13:00:00,15.4,29.79
2023-08-04 14:00:00,15.567,35.83
2023-08-04 15:00:00,15.607,31.33
2023-08-04 16:00:00,16.237,35.94
2023-08-04 17:00:00,16.578,34.49
2023-08-04 18:00:00,15.813,28.22
2023-08-04 19:00:00,14.559,30.37
2023-08-04 20:00:00,13.425,30.37
2023-08-04 21:00:00,11.825,31.55
2023-08-04 22:00:00,8.722,31.59
2023-08-04 23:00:00,8.549,37.7
2023-08-05 00:00:00,5.128,29.48
2023-08-05 01:00:00,6.327,32.09
2023-08-05 02:00:00,6.666,32.86
2023-08-05 03:00:00,6.365,31.63
2023-08-05 04:00:00,8.138,31.85
2023-08-05 05:00:00,8.723,29.54
2023-08-05 06:00:00,11.173,31.84
2023-08-05 07:00:00,13.403,32.65
2023-08-05 08:00:00,13.931,32.29
2023-08-05 09:00:00,14.325,32.77
2023-08-05 10:00:00,15.686,34.46
2023-08-05 11:00:00,14.763,33.5
2023-08-05 12:00:00,13.74,31.77
2023-08-05 13:00:00,12.514,29.29
2023-08-05 14:00:00,12.556,30.43
2023-08-05 15:00:00,12.72,31.19
2023-08-05 16:00:00,13.598,32.13
2023-08-05 17:00:00,13.499,30.67
2023-08-05 18:00:00,14.283,29.76
2023-08-05 19:00:00,13.056,29.25
2023-08-05 20:00:00,11.581,28.33
2023-08-05 21:00:00,9.793,31.16
2023-08-05 22:00:00,7.38,28.69
2023-08-05 23:00:00,6.558,29.63
2023-08-06 00:00:00,5.607,30.76
2023-08-06 01:00:00,4.371,28.88
2023-08-06 02:00:00,6.119,32.31
2023-08-06 03:00:00,8.372,33.03
2023-08-06 04:00:00,8.017,30.45
2023-08-06 05:00:00,8.654,30.68
2023-08-06 06:00:00,10.783,32.63
2023-08-06 07:00:00,10.595,30.12
2023-08-06 08:00:00,13.442,29.99
2023-08-06 09:00:00,15.675,33.95
2023-08-06 10:00:00,14.961,33.32
2023-08-06 11:00:00,13.512,32.76
2023-08-06 12:00:00,13.864,33.4
2023-08-06 13:00:00,13.576,27.6
2023-08-06 14:00:00,13.575,34.26
2023-08-06 15:00:00,12.107,32.34
2023-08-06 16:00:00,14.738,33.57
2023-08-06 17:00:00,12.643,32.33
2023-08-06 18:00:00,13.257,31.65
2023-08-06 19:00:00,12.208,31.0
2023-08-06 20:00:00,11.183,32.29
2023-08-06 21:00:00,9.624,30.93
2023-08-06 22:00:00,8.997,33.29
2023-08-06 23:00:00,7.486,28.38
2023-08-07 00:00:00,6.295,30.39
2023-08-07 01:00:00,6.966,35.56
2023-08-07 02:00:00,7.334,30.22
2023-08-07 03:00:00,8.12,30.99
2023-08-07 04:00:00,8.715,29.71
2023-08-07 05:00:00,10.323,32.14
2023-08-07 06:00:00,11.382,30.0
2023-08-07 07:00:00,13.54,31.1
2023-08-07 08:00:00,15.5,33.17
2023-08-07 09:00:00,16.956,30.07
2023-08-07 10:00:00,18.39,33.05
2023-08-07 11:00:00,16.752,33.12
2023-08-07 12:00:00,16.044,33.58
2023-08-07 13:00:00,15.284,31.75
2023-08-07 14:00:00,15.612,37.95
2023-08-07 15:00:00,15.367,33.58
2023-08-07 16:00:00,15.087,32.12
2023-08-07 17:00:00,14.576,29.72
2023-08-07 18:00:00,15.718,31.28
2023-08-07 19:00:00,15.155,34.32
2023-08-07 20:00:00,13.235,34.89
2023-08-07 21:00:00,11.933,34.43
2023-08-07 22:00:00,9.65,33.04
2023-08-07 23:00:00,8.073,28.96
2023-08-08 00:00:00,7.273,32.36
2023-08-08 01:00:00,6.368,28.91
2023-08-08 02:00:00,6.503,28.42
2023-08-08 03:00:00,7.899,31.87
2023-08-08 04:00:00,9.135,32.44
2023-08-08 05:00:00,10.578,33.2
2023-08-08 06:00:00,11.932,32.38
2023-08-08 07:00:00,13.589,32.45
2023-08-08 08:00:00,15.6,29.42
2023-08-08 09:00:00,16.012,31.18
2023-08-08 10:00:00,17.84,28.38
2023-08-08 11:00:00,16.295,27.38
2023-08-08 12:00:00,15.194,32.87
2023-08-08 13:00:00,14.929,29.88
2023-08-08 14:00:00,15.376,33.14
2023-08-08 15:00:00,14.654,33.61
2023-08-08 16:00:00,13.588,30.15
2023-08-08 17:00:00,14.573,32.57
2023-08-08 18:00:00,15.284,30.07
2023-08-08 19:00:00,13.086,27.7
2023-08-08 20:00:00,12.312,31.64
2023-08-08 21:00:00,11.33,30.45
2023-08-08 22:00:00,8.929,30.51
2023-08-08 23:00:00,8.066,35.34
2023-08-09 00:00:00,5.881,28.25
2023-08-09 01:00:00,5.931,32.07
2023-08-09 02:00:00,7.126,29.32
2023-08-09 03:00:00,7.575,33.12
2023-08-09 04:00:00,8.459,31.9
2023-08-09 05:00:00,10.254,32.07
2023-08-09 06:00:00,11.124,29.42
2023-08-09 07:00:00,12.78,29.78
2023-08-09 08:00:00,14.315,33.16
2023-08-09 09:00:00,17.234,34.85
2023-08-09 10:00:00,16.868,32.27
2023-08-09 11:00:00,15.697,29.51
2023-08-09 12:00:00,15.051,31.98
2023-08-09 13:00:00,15.883,36.16
2023-08-09 14:00:00,14.883,31.51
2023-08-09 15:00:00,14.991,34.23
2023-08-09 16:00:00,15.376,29.83
2023-08-09 17:00:00,15.355,31.22
2023-08-09 18:00:00,15.214,32.55
2023-08-09 19:00:00,15.088,32.1
2023-08-09 20:00:00,12.901,29.77
2023-08-09 21:00:00,10.887,29.69
2023-08-09 22:00:00,10.229,33.28
2023-08-09 23:00:00,7.564,33.69
2023-08-10 00:00:00,7.028,34.25
2023-08-10 01:00:00,7.982,34.83
2023-08-10 02:00:00,7.262,31.49
2023-08-10 03:00:00,7.389,30.6
2023-08-10 04:00:00,8.059,33.92
2023-08-10 05:00:00,8.729,32.65
2023-08-10 06:00:00,12.455,29.26
2023-08-10 07:00:00,13.263,29.15
2023-08-10 08:00:00,14.944,32.2
2023-08-10 09:00:00,16.481,30.87
2023-08-10 10:00:00,16.031,31.17
2023-08-10 11:00:00,16.34,33.37
2023-08-10 12:00:00,15.183,32.74
2023-08-10 13:00:00,14.502,33.88
2023-08-10 14:00:00,12.787,27.36
2023-08-10 15:00:00,13.484,31.73
2023-08-10 16:00:00,15.367,32.61
2023-08-10 17:00:00,13.914,28.17
2023-08-10 18:00:00,15.16,29.91
2023-08-10 19:00:00,14.807,29.54
2023-08-10 20:00:00,13.035,31.26
2023-08-10 21:00:00,11.403,34.48
2023-08-10 22:00:00,9.87,35.27
2023-08-10 23:00:00,7.171,29.59
2023-08-11 00:00:00,7.316,32.19
2023-08-11 01:00:00,7.867,32.25
2023-08-11 02:00:00,7.961,31.91
2023-08-11 03:00:00,6.466,31.93
2023-08-11 04:00:00,8.392,31.74
2023-08-11 05:00:00,10.388,34.51
2023-08-11 06:00:00,12.044,33.34
2023-08-11 07:00:00,11.975,29.01
2023-08-11 08:00:00,14.285,32.72
2023-08-11 09:00:00,17.33,32.92
2023-08-11 10:00:00,16.303,31.76
2023-08-11 11:00:00,15.601,33.4
2023-08-11 12:00:00,14.836,31.51
2023-08-11 13:00:00,15.131,31.53
2023-08-11 14:00:00,13.979,31.38
2023-08-11 15:00:00,13.987,27.1
2023-08-11 16:00:00,13.86,30.97
2023-08-11 17:00:00,13.591,29.8
2023-08-11 18:00:00,15.508,28.76
2023-08-11 19:00:00,15.119,34.0
2023-08-11 20:00:00,12.91,32.14
2023-08-11 21:00:00,10.632,31.07
2023-08-11 22:00:00,9.723,30.0
2023-08-11 23:00:00,8.021,31.73
2023-08-12 00:00:00,6.773,33.03
2023-08-12 01:00:00,5.316,29.39
2023-08-12 02:00:00,6.257,31.03
2023-08-12 03:00:00,7.307,32.78
2023-08-12 04:00:00,6.808,27.17
2023-08-12 05:00:00,8.558,30.93
2023-08-12 06:00:00,9.526,30.19
2023-08-12 07:00:00,11.795,30.78
2023-08-12 08:00:00,12.187,30.04
2023-08-12 09:00:00,14.505,31.32
2023-08-12 10:00:00,15.224,34.89
2023-08-12 11:00:00,13.792,30.4
2023-08-12 12:00:00,13.783,31.63
2023-08-12 13:00:00,13.398,35.03
2023-08-12 14:00:00,12.02,29.94
2023-08-12 15:00:00,13.414,34.67
2023-08-12 16:00:00,12.954,31.05
2023-08-12 17:00:00,13.209,34.61
2023-08-12 18:00:00,12.892,32.54
2023-08-12 19:00:00,12.519,31.66
2023-08-12 20:00:00,10.962,30.91
2023-08-12 21:00:00,10.358,29.8
2023-08-12 22:00:00,8.162,31.2
2023-08-12 23:00:00,7.035,32.84
2023-08-13 00:00:00,5.139,30.93
2023-08-13 01:00:00,6.175,30.32
2023-08-13 02:00:00,5.727,30.45
2023-08-13 03:00:00,6.651,32.94
2023-08-13 04:00:00,8.377,33.4
2023-08-13 05:00:00,8.623,29.62
2023-08-13 06:00:00,8.251,29.62
2023-08-13 07:00:00,11.548,31.71
2023-08-13 08:00:00,13.64,34.01
2023-08-13 09:00:00,14.223,33.24
2023-08-13 10:00:00,14.086,28.45
2023-08-13 11:00:00,12.781,30.42
2023-08-13 12:00:00,11.424,29.09
2023-08-13 13:00:00,12.188,30.42
2023-08-13 14:00:00,13.219,34.16
2023-08-13 15:00:00,10.115,28.11
2023-08-13 16:00:00,11.65,27.72
2023-08-13 17:00:00,11.463,29.3
2023-08-13 18:00:00,12.887,31.53
2023-08-13 19:00:00,13.837,32.19
2023-08-13 20:00:00,11.249,31.83
2023-08-13 21:00:00,9.864,33.3
2023-08-13 22:00:00,7.984,27.43
2023-08-13 23:00:00,7.075,33.33
2023-08-14 00:00:00,6.023,30.24
2023-08-14 01:00:00,7.155,32.32
2023-08-14 02:00:00,6.744,28.21
2023-08-14 03:00:00,7.617,30.87
2023-08-14 04:00:00,8.355,31.33
2023-08-14 05:00:00,9.771,33.17
2023-08-14 06:00:00,11.393,27.69
2023-08-14 07:00:00,12.899,30.92
2023-08-14 08:00:00,15.354,28.69
2023-08-14 09:00:00,15.589,31.87
2023-08-14 10:00:00,17.451,32.41
2023-08-14 11:00:00,16.63,33.43
2023-08-14 12:00:00,14.525,29.79
2023-08-14 13:00:00,15.24,32.71
2023-08-14 14:00:00,14.299,33.58
2023-08-14 15:00:00,13.749,27.57
2023-08-14 16:00:00,14.171,32.08
2023-08-14 17:00:00,14.847,32.78
2023-08-14 18:00:00,15.256,30.34
2023-08-14 19:00:00,14.217,28.44
2023-08-14 20:00:00,12.382,32.75
2023-08-14 21:00:00,9.826,28.46
2023-08-14 22:00:00,8.919,30.5
2023-08-14 23:00:00,7.578,30.78
2023-08-15 00:00:00,5.985,32.2
2023-08-15 01:00:00,7.102,29.51
2023-08-15 02:00:00,7.026,29.4
2023-08-15 03:00:00,7.03,30.96
2023-08-15 04:00:00,8.186,32.78
2023-08-15 05:00:00,10.216,35.34
2023-08-15 06:00:00,10.597,27.75
2023-08-15 07:00:00,13.873,31.4
2023-08-15 08:00:00,15.144,28.59
2023-08-15 09:00:00,16.341,32.8
2023-08-15 10:00:00,16.458,28.89
2023-08-15 11:00:00,16.183,29.42
2023-08-15 12:00:00,15.065,29.59
2023-08-15 13:00:00,14.799,30.61
2023-08-15 14:00:00,14.63,31.41
2023-08-15 15:00:00,14.48,31.73
2023-08-15 16:00:00,13.743,30.75
2023-08-15 17:00:00,13.838,28.11
2023-08-15 18:00:00,14.745,32.22
2023-08-15 19:00:00,13.699,30.66
2023-08-15 20:00:00,12.182,33.09
2023-08-15 21:00:00,10.919,29.35
2023-08-15 22:00:00,8.582,27.56
2023-08-15 23:00:00,6.505,30.7
2023-08-16 00:00:00,6.376,33.26
2023-08-16 01:00:00,6.18,30.99
2023-08-16 02:00:00,6.705,30.27
2023-08-16 03:00:00,6.446,28.93
2023-08-16 04:00:00,8.014,34.18
2023-08-16 05:00:00,9.539,28.61
2023-08-16 06:00:00,9.977,29.22
2023-08-16 07:00:00,12.991,31.81
2023-08-16 08:00:00,14.155,26.96
2023-08-16 09:00:00,16.268,33.22
2023-08-16 10:00:00,16.558,31.92
2023-08-16 11:00:00,17.034,32.47
2023-08-16 12:00:00,14.324,31.79
2023-08-16 13:00:00,14.996,30.35
2023-08-16 14:00:00,12.348,28.54
2023-08-16 15:00:00,14.777,30.39
2023-08-16 16:00:00,12.681,28.72
2023-08-16 17:00:00,16.1,31.64
2023-08-16 18:00:00,14.643,32.28
2023-08-16 19:00:00,15.326,33.62
2023-08-16 20:00:00,13.39,31.41
2023-08-16 21:00:00,10.653,32.52
2023-08-16 22:00:00,8.381,30.07
2023-08-16 23:00:00,6.626,29.71
2023-08-17 00:00:00,6.652,31.52
2023-08-17 01:00:00,5.825,29.8
2023-08-17 02:00:00,6.17,31.11
2023-08-17 03:00:00,7.315,28.45
2023-08-17 04:00:00,7.419,28.81
2023-08-17 05:00:00,9.403,31.84
2023-08-17 06:00:00,11.349,32.34
2023-08-17 07:00:00,12.273,28.6
2023-08-17 08:00:00,14.593,31.91
2023-08-17 09:00:00,16.655,29.51
2023-08-17 10:00:00,16.038,30.6
2023-08-17 11:00:00,15.971,33.4
2023-08-17 12:00:00,15.191,32.19
2023-08-17 13:00:00,14.96,32.16
2023-08-17 14:00:00,14.069,34.39
2023-08-17 15:00:00,13.993,29.16
2023-08-17 16:00:00,13.996,28.6
2023-08-17 17:00:00,13.176,29.13
2023-08-17 18:00:00,15.576,30.06
2023-08-17 19:00:00,14.415,25.86
2023-08-17 20:00:00,12.031,30.16
2023-08-17 21:00:00,9.752,29.48
2023-08-17 22:00:00,8.983,32.14
2023-08-17 23:00:00,6.433,31.28
2023-08-18 00:00:00,6.645,29.27
2023-08-18 01:00:00,6.005,31.65
2023-08-18 02:00:00,7.706,31.92
2023-08-18 03:00:00,6.498,28.93
2023-08-18 04:00:00,7.916,29.49
2023-08-18 05:00:00,9.664,26.02
2023-08-18 06:00:00,10.5,28.29
2023-08-18 07:00:00,12.812,28.99
2023-08-18 08:00:00,15.301,30.62
2023-08-18 09:00:00,15.245,28.58
2023-08-18 10:00:00,15.203,29.44
2023-08-18 11:00:00,14.51,28.02
2023-08-18 12:00:00,15.386,30.81
2023-08-18 13:00:00,14.738,31.32
2023-08-18 14:00:00,14.735,31.28
2023-08-18 15:00:00,13.688,30.5
2023-08-18 16:00:00,12.817,27.39
2023-08-18 17:00:00,12.798,29.23
2023-08-18 18:00:00,16.117,29.66
2023-08-18 19:00:00,14.154,29.66
2023-08-18 20:00:00,12.604,30.62
2023-08-18 21:00:00,11.119,33.32
2023-08-18 22:00:00,7.929,32.1
2023-08-18 23:00:00,6.41,28.5
2023-08-19 00:00:00,6.555,31.73
2023-08-19 01:00:00,6.009,31.65
2023-08-19 02:00:00,5.12,28.76
2023-08-19 03:00:00,5.851,32.07
2023-08-19 04:00:00,6.773,30.05
2023-08-19 05:00:00,7.674,27.55
2023-08-19 06:00:00,10.898,31.28
2023-08-19 07:00:00,11.086,30.8
2023-08-19 08:00:00,11.89,29.91
2023-08-19 09:00:00,13.621,30.3
2023-08-19 10:00:00,13.891,28.93
2023-08-19 11:00:00,12.957,31.59
2023-08-19 12:00:00,13.201,30.28
2023-08-19 13:00:00,13.228,30.7
2023-08-19 14:00:00,12.301,31.08
2023-08-19 15:00:00,11.258,28.06
2023-08-19 16:00:00,11.614,28.58
2023-08-19 17:00:00,11.011,25.95
2023-08-19 18:00:00,12.639,31.5
2023-08-19 19:00:00,11.991,27.95
2023-08-19 20:00:00,10.356,30.64
2023-08-19 21:00:00,10.425,31.11
2023-08-19 22:00:00,8.144,31.57
2023-08-19 23:00:00,4.934,27.96
2023-08-20 00:00:00,4.167,30.14
2023-08-20 01:00:00,5.305,33.61
2023-08-20 02:00:00,7.2,33.7
2023-08-20 03:00:00,7.098,32.24
2023-08-20 04:00:00,8.126,30.94
2023-08-20 05:00:00,7.885,28.26
2023-08-20 06:00:00,9.556,31.7
2023-08-20 07:00:00,10.284,29.95
2023-08-20 08:00:00,12.966,31.39
2023-08-20 09:00:00,13.329,29.0
2023-08-20 10:00:00,13.658,29.92
2023-08-20 11:00:00,14.5,30.6
2023-08-20 12:00:00,12.898,30.76
2023-08-20 13:00:00,13.33,31.25
2023-08-20 14:00:00,10.957,29.11
2023-08-20 15:00:00,13.253,27.58
2023-08-20 16:00:00,12.371,33.52
2023-08-20 17:00:00,13.658,35.25
2023-08-20 18:00:00,13.137,31.16
2023-08-20 19:00:00,11.425,27.62
2023-08-20 20:00:00,11.099,28.72
2023-08-20 21:00:00,9.758,31.29
2023-08-20 22:00:00,7.415,32.95
2023-08-20 23:00:00,5.527,27.84
2023-08-21 00:00:00,5.778,29.91
2023-08-21 01:00:00,5.903,30.55
2023-08-21 02:00:00,7.411,31.89
2023-08-21 03:00:00,7.323,29.48
2023-08-21 04:00:00,7.542,27.04
2023-08-21 05:00:00,9.691,31.41
2023-08-21 06:00:00,9.863,32.41
2023-08-21 07:00:00,12.247,30.0
2023-08-21 08:00:00,14.714,30.97
2023-08-21 09:00:00,16.164,29.21
2023-08-21 10:00:00,15.817,28.47
2023-08-21 11:00:00,16.651,32.22
2023-08-21 12:00:00,15.42,30.94
2023-08-21 13:00:00,14.032,31.14
2023-08-21 14:00:00,14.169,33.17
2023-08-21 15:00:00,13.659,28.05
2023-08-21 16:00:00,13.418,29.06
2023-08-21 17:00:00,15.131,30.48
2023-08-21 18:00:00,13.504,29.03
2023-08-21 19:00:00,14.161,31.73
2023-08-21 20:00:00,12.7,29.79
2023-08-21 21:00:00,9.89,28.18
2023-08-21 22:00:00,8.045,30.29
2023-08-21 23:00:00,6.928,30.5
2023-08-22 00:00:00,6.474,31.93
2023-08-22 01:00:00,5.662,30.84
2023-08-22 02:00:00,5.745,30.98
2023-08-22 03:00:00,7.699,30.7
2023-08-22 04:00:00,8.042,29.68
2023-08-22 05:00:00,9.525,28.62
2023-08-22 06:00:00,11.225,30.63
2023-08-22 07:00:00,13.798,29.39
2023-08-22 08:00:00,15.562,33.44
2023-08-22 09:00:00,15.516,32.74
2023-08-22 10:00:00,16.289,31.32
2023-08-22 11:00:00,15.177,30.81
2023-08-22 12:00:00,14.434,29.88
2023-08-22 13:00:00,13.003,27.53
2023-08-22 14:00:00,13.498,29.62
2023-08-22 15:00:00,13.943,30.26
2023-08-22 16:00:00,13.779,30.52
2023-08-22 17:00:00,13.574,31.0
2023-08-22 18:00:00,13.593,31.9
2023-08-22 19:00:00,14.787,28.67
2023-08-22 20:00:00,12.276,28.69
2023-08-22 21:00:00,10.188,32.96
2023-08-22 22:00:00,8.782,31.6
2023-08-22 23:00:00,8.081,29.28
2023-08-23 00:00:00,5.999,29.73
2023-08-23 01:00:00,4.093,29.74
2023-08-23 02:00:00,7.796,30.01
2023-08-23 03:00:00,5.877,30.89
2023-08-23 04:00:00,8.512,35.02
2023-08-23 05:00:00,8.394,30.33
2023-08-23 06:00:00,10.366,31.27
2023-08-23 07:00:00,12.341,26.58
2023-08-23 08:00:00,12.943,28.98
2023-08-23 09:00:00,15.789,32.41
2023-08-23 10:00:00,16.563,30.75
2023-08-23 11:00:00,14.339,21.17
2023-08-23 12:00:00,14.017,31.3
2023-08-23 13:00:00,14.582,33.79
2023-08-23 14:00:00,13.077,25.96
2023-08-23 15:00:00,13.628,32.99
2023-08-23 16:00:00,12.521,24.41
2023-08-23 17:00:00,14.62,31.83
2023-08-23 18:00:00,14.533,29.93
2023-08-23 19:00:00,12.558,25.25
2023-08-23 20:00:00,11.741,30.84
2023-08-23 21:00:00,10.594,32.25
2023-08-23 22:00:00,7.74,30.68
2023-08-23 23:00:00,7.066,31.12
2023-08-24 00:00:00,6.373,29.02
2023-08-24 01:00:00,5.335,26.12
2023-08-24 02:00:00,5.593,31.22
2023-08-24 03:00:00,7.567,33.34
2023-08-24 04:00:00,7.94,32.1
2023-08-24 05:00:00,8.498,25.86
2023-08-24 06:00:00,10.543,26.81
2023-08-24 07:00:00,12.67,28.15
2023-08-24 08:00:00,13.94,26.65
2023-08-24 09:00:00,15.393,29.93
2023-08-24 10:00:00,17.045,30.63
2023-08-24 11:00:00,15.709,26.98
2023-08-24 12:00:00,15.316,31.39
2023-08-24 13:00:00,14.237,31.04
2023-08-24 14:00:00,12.865,28.74
2023-08-24 15:00:00,14.095,29.5
2023-08-24 16:00:00,13.349,25.94
2023-08-24 17:00:00,13.552,29.18
2023-08-24 18:00:00,13.97,29.86
2023-08-24 19:00:00,13.018,30.18
2023-08-24 20:00:00,12.848,30.6
2023-08-24 21:00:00,10.586,30.33
2023-08-24 22:00:00,8.204,29.31
2023-08-24 23:00:00,6.785,30.41
2023-08-25 00:00:00,5.399,31.73
2023-08-25 01:00:00,4.363,29.54
2023-08-25 02:00:00,5.303,30.37
2023-08-25 03:00:00,6.241,29.36
2023-08-25 04:00:00,6.976,28.44
2023-08-25 05:00:00,9.209,30.78
2023-08-25 06:00:00,10.86,28.62
2023-08-25 07:00:00,12.405,30.5
2023-08-25 08:00:00,15.027,29.79
2023-08-25 09:00:00,14.813,29.12
2023-08-25 10:00:00,15.481,29.07
2023-08-25 11:00:00,15.07,28.71
2023-08-25 12:00:00,14.873,26.44
2023-08-25 13:00:00,14.096,30.5
2023-08-25 14:00:00,13.672,30.19
2023-08-25 15:00:00,12.638,31.43
2023-08-25 16:00:00,12.904,28.67
2023-08-25 17:00:00,15.156,33.52
2023-08-25 18:00:00,12.717,28.97
2023-08-25 19:00:00,14.105,27.98
2023-08-25 20:00:00,12.137,27.74
2023-08-25 21:00:00,9.269,26.26
2023-08-25 22:00:00,8.051,32.8
2023-08-25 23:00:00,8.209,32.47
2023-08-26 00:00:00,5.869,30.82
2023-08-26 01:00:00,4.716,27.83
2023-08-26 02:00:00,5.953,33.24
2023-08-26 03:00:00,5.419,28.91
2023-08-26 04:00:00,6.694,29.08
2023-08-26 05:00:00,7.741,32.49
2023-08-26 06:00:00,9.219,30.94
2023-08-26 07:00:00,12.469,34.02
2023-08-26 08:00:00,12.22,30.12
2023-08-26 09:00:00,12.498,28.82
2023-08-26 10:00:00,12.503,28.39
2023-08-26 11:00:00,12.837,25.92
2023-08-26 12:00:00,12.002,29.06
2023-08-26 13:00:00,12.478,31.91
2023-08-26 14:00:00,10.855,30.82
2023-08-26 15:00:00,11.974,29.66
2023-08-26 16:00:00,10.851,27.63
2023-08-26 17:00:00,12.079,30.07
2023-08-26 18:00:00,12.187,31.64
2023-08-26 19:00:00,12.776,30.48
2023-08-26 20:00:00,10.554,29.95
2023-08-26 21:00:00,9.702,28.02
2023-08-26 22:00:00,7.619,31.35
2023-08-26 23:00:00,6.244,23.35
2023-08-27 00:00:00,4.774,30.27
2023-08-27 01:00:00,5.955,34.65
2023-08-27 02:00:00,5.705,26.49
2023-08-27 03:00:00,6.313,29.02
2023-08-27 04:00:00,6.931,29.49
2023-08-27 05:00:00,7.366,28.58
2023-08-27 06:00:00,9.218,31.58
2023-08-27 07:00:00,11.432,30.45
2023-08-27 08:00:00,12.997,29.81
2023-08-27 09:00:00,13.012,31.1
2023-08-27 10:00:00,12.956,29.54
2023-08-27 11:00:00,13.585,35.86
2023-08-27 12:00:00,12.996,29.81
2023-08-27 13:00:00,11.438,29.9
2023-08-27 14:00:00,11.781,26.08
2023-08-27 15:00:00,11.699,28.42
2023-08-27 16:00:00,11.626,31.8
2023-08-27 17:00:00,12.606,26.83
2023-08-27 18:00:00,10.801,25.19
2023-08-27 19:00:00,12.576,29.57
2023-08-27 20:00:00,10.928,32.25
2023-08-27 21:00:00,7.413,29.59
2023-08-27 22:00:00,7.863,28.83
2023-08-27 23:00:00,6.023,25.79
2023-08-28 00:00:00,5.197,30.3
2023-08-28 01:00:00,5.07,30.71
2023-08-28 02:00:00,4.622,25.83
2023-08-28 03:00:00,8.304,31.66
2023-08-28 04:00:00,7.118,30.92
2023-08-28 05:00:00,8.262,31.66
2023-08-28 06:00:00,10.624,30.56
2023-08-28 07:00:00,11.381,30.7
2023-08-28 08:00:00,13.531,30.43
2023-08-28 09:00:00,15.996,31.13
2023-08-28 10:00:00,15.408,25.75
2023-08-28 11:00:00,14.518,26.39
2023-08-28 12:00:00,14.206,27.92
2023-08-28 13:00:00,13.451,29.13
2023-08-28 14:00:00,13.406,30.17
2023-08-28 15:00:00,12.835,30.04
2023-08-28 16:00:00,13.336,31.62
2023-08-28 17:00:00,13.676,31.69
2023-08-28 18:00:00,13.247,27.65
2023-08-28 19:00:00,13.99,29.87
2023-08-28 20:00:00,12.149,27.7
2023-08-28 21:00:00,9.261,29.01
2023-08-28 22:00:00,7.272,30.03
2023-08-28 23:00:00,5.958,22.57
2023-08-29 00:00:00,7.321,34.1
2023-08-29 01:00:00,4.943,30.41
2023-08-29 02:00:00,5.598,28.08
2023-08-29 03:00:00,7.106,33.13
2023-08-29 04:00:00,7.27,28.58
2023-08-29 05:00:00,8.407,29.54
2023-08-29 06:00:00,10.841,28.3
2023-08-29 07:00:00,12.88,32.58
2023-08-29 08:00:00,14.411,29.07
2023-08-29 09:00:00,15.498,29.57
2023-08-29 10:00:00,16.256,31.68
2023-08-29 11:00:00,16.069,30.45
2023-08-29 12:00:00,15.077,29.17
2023-08-29 13:00:00,15.379,31.5
2023-08-29 14:00:00,14.814,34.35
2023-08-29 15:00:00,12.827,29.91
2023-08-29 16:00:00,13.855,29.51
2023-08-29 17:00:00,14.135,29.62
2023-08-29 18:00:00,15.317,31.9
2023-08-29 19:00:00,12.537,28.08
2023-08-29 20:00:00,12.077,28.72
2023-08-29 21:00:00,9.112,26.2
2023-08-29 22:00:00,7.926,26.91
2023-08-29 23:00:00,6.185,28.24
2023-08-30 00:00:00,5.495,29.05
2023-08-30 01:00:00,5.017,32.7
2023-08-30 02:00:00,6.371,30.23
2023-08-30 03:00:00,6.367,27.33
2023-08-30 04:00:00,7.294,27.7
2023-08-30 05:00:00,10.137,31.91
2023-08-30 06:00:00,10.263,31.41
2023-08-30 07:00:00,12.287,29.21
2023-08-30 08:00:00,13.833,28.27
2023-08-30 09:00:00,15.466,31.41
2023-08-30 10:00:00,16.471,27.17
2023-08-30 11:00:00,15.045,29.94
2023-08-30 12:00:00,14.577,33.7
2023-08-30 13:00:00,14.798,29.57
2023-08-30 14:00:00,12.884,27.61
2023-08-30 15:00:00,12.228,29.98
2023-08-30 16:00:00,12.715,28.22
2023-08-30 17:00:00,12.603,26.37
2023-08-30 18:00:00,12.841,30.56
2023-08-30 19:00:00,13.263,31.39
2023-08-30 20:00:00,11.634,28.54
2023-08-30 21:00:00,10.37,28.4
2023-08-30 22:00:00,7.976,27.23
2023-08-30 23:00:00,6.683,28.86
2023-08-31 00:00:00,4.509,27.91
2023-08-31 01:00:00,5.635,27.02
2023-08-31 02:00:00,7.079,32.82
2023-08-31 03:00:00,6.715,29.97
2023-08-31 04:00:00,7.686,30.18
2023-08-31 05:00:00,7.997,30.81
2023-08-31 06:00:00,10.961,30.58
2023-08-31 07:00:00,12.997,28.21
2023-08-31 08:00:00,14.066,29.58
2023-08-31 09:00:00,14.575,28.5
2023-08-31 10:00:00,15.282,29.92
2023-08-31 11:00:00,14.681,29.72
2023-08-31 12:00:00,13.875,28.27
2023-08-31 13:00:00,13.714,26.38
2023-08-31 14:00:00,13.369,29.33
2023-08-31 15:00:00,13.59,28.63
2023-08-31 16:00:00,13.112,25.26
2023-08-31 17:00:00,13.153,30.06
2023-08-31 18:00:00,13.633,30.97
2023-08-31 19:00:00,13.563,34.1
2023-08-31 20:00:00,11.49,28.26
2023-08-31 21:00:00,10.649,27.96
2023-08-31 22:00:00,8.693,26.82
2023-08-31 23:00:00,6.858,29.46
2023-09-01 00:00:00,5.221,29.32
2023-09-01 01:00:00,4.265,27.3
2023-09-01 02:00:00,5.74,28.57
2023-09-01 03:00:00,5.522,24.96
2023-09-01 04:00:00,8.446,30.77
2023-09-01 05:00:00,7.359,27.38
2023-09-01 06:00:00,10.301,28.85
2023-09-01 07:00:00,11.183,26.07
2023-09-01 08:00:00,13.627,27.76
2023-09-01 09:00:00,15.272,28.36
2023-09-01 10:00:00,15.827,28.9
2023-09-01 11:00:00,14.872,29.88
2023-09-01 12:00:00,14.956,31.8
2023-09-01 13:00:00,13.292,30.39
2023-09-01 14:00:00,13.5,30.84
2023-09-01 15:00:00,13.963,31.81
2023-09-01 16:00:00,13.479,30.06
2023-09-01 17:00:00,13.166,28.85
2023-09-01 18:00:00,13.716,30.94
2023-09-01 19:00:00,13.952,31.07
2023-09-01 20:00:00,11.13,30.22
2023-09-01 21:00:00,8.806,26.01
2023-09-01 22:00:00,7.87,27.24
2023-09-01 23:00:00,5.927,28.37
2023-09-02 00:00:00,3.764,30.36
2023-09-02 01:00:00,5.369,28.76
2023-09-02 02:00:00,4.537,31.07
2023-09-02 03:00:00,5.693,31.43
2023-09-02 04:00:00,6.194,31.2
2023-09-02 05:00:00,7.442,31.21
2023-09-02 06:00:00,7.952,26.73
2023-09-02 07:00:00,10.814,29.76
2023-09-02 08:00:00,11.743,27.58
2023-09-02 09:00:00,13.119,25.5
2023-09-02 10:00:00,12.617,28.22
2023-09-02 11:00:00,14.309,31.45
2023-09-02 12:00:00,11.07,29.72
2023-09-02 13:00:00,11.21,32.84
2023-09-02 14:00:00,12.343,29.15
2023-09-02 15:00:00,12.146,33.7
2023-09-02 16:00:00,11.525,29.15
2023-09-02 17:00:00,11.84,28.84
2023-09-02 18:00:00,11.809,26.24
2023-09-02 19:00:00,11.678,31.02
2023-09-02 20:00:00,9.311,27.8
2023-09-02 21:00:00,8.655,27.51
2023-09-02 22:00:00,7.358,31.36
2023-09-02 23:00:00,6.573,31.12
2023-09-03 00:00:00,5.732,30.94
2023-09-03 01:00:00,4.633,27.95
2023-09-03 02:00:00,4.105,28.58
2023-09-03 03:00:00,6.466,28.56
2023-09-03 04:00:00,5.779,30.24
2023-09-03 05:00:00,7.868,31.78
2023-09-03 06:00:00,8.548,29.41
2023-09-03 07:00:00,10.506,32.63
2023-09-03 08:00:00,12.417,30.47
2023-09-03 09:00:00,12.843,28.21
2023-09-03 10:00:00,13.494,30.34
2023-09-03 11:00:00,12.597,32.09
2023-09-03 12:00:00,12.501,32.67
2023-09-03 13:00:00,11.373,31.05
2023-09-03 14:00:00,11.082,28.73
2023-09-03 15:00:00,10.965,28.24
2023-09-03 16:00:00,12.465,29.83
2023-09-03 17:00:00,11.812,32.03
2023-09-03 18:00:00,10.46,29.55
2023-09-03 19:00:00,12.102,29.59
2023-09-03 20:00:00,10.217,28.78
2023-09-03 21:00:00,8.09,28.02
2023-09-03 22:00:00,6.278,28.35
2023-09-03 23:00:00,4.826,28.95
2023-09-04 00:00:00,6.554,31.99
2023-09-04 01:00:00,5.056,28.08
2023-09-04 02:00:00,4.447,28.66
2023-09-04 03:00:00,6.18,26.82
2023-09-04 04:00:00,7.958,29.99
2023-09-04 05:00:00,8.747,31.29
2023-09-04 06:00:00,9.794,31.8
2023-09-04 07:00:00,11.24,28.96
2023-09-04 08:00:00,13.164,29.7
2023-09-04 09:00:00,15.646,28.25
2023-09-04 10:00:00,15.126,29.61
2023-09-04 11:00:00,13.69,29.18
2023-09-04 12:00:00,14.19,28.67
2023-09-04 13:00:00,13.457,28.83
2023-09-04 14:00:00,12.774,29.46
2023-09-04 15:00:00,12.136,27.97
2023-09-04 16:00:00,12.288,28.07
2023-09-04 17:00:00,14.427,31.97
2023-09-04 18:00:00,14.413,33.98
2023-09-04 19:00:00,12.982,26.15
2023-09-04 20:00:00,11.394,26.04
2023-09-04 21:00:00,9.484,26.64
2023-09-04 22:00:00,7.203,28.35
2023-09-04 23:00:00,6.172,30.35
2023-09-05 00:00:00,5.715,29.61
2023-09-05 01:00:00,5.905,28.78
2023-09-05 02:00:00,4.81,29.49
2023-09-05 03:00:00,5.836,27.05
2023-09-05 04:00:00,7.47,27.94
2023-09-05 05:00:00,9.379,28.39
2023-09-05 06:00:00,10.68,25.26
2023-09-05 07:00:00,11.064,26.11
2023-09-05 08:00:00,14.105,26.19
2023-09-05 09:00:00,14.922,29.96
2023-09-05 10:00:00,15.675,28.92
2023-09-05 11:00:00,15.185,29.65
2023-09-05 12:00:00,12.865,24.75
2023-09-05 13:00:00,13.384,25.46
2023-09-05 14:00:00,13.643,29.76
2023-09-05 15:00:00,12.417,22.87
2023-09-05 16:00:00,13.074,30.88
2023-09-05 17:00:00,12.059,24.78
2023-09-05 18:00:00,14.014,30.12
2023-09-05 19:00:00,12.815,26.65
2023-09-05 20:00:00,11.105,30.53
2023-09-05 21:00:00,10.2,34.85
2023-09-05 22:00:00,7.242,23.88
2023-09-05 23:00:00,5.852,29.82
2023-09-06 00:00:00,4.572,24.69
2023-09-06 01:00:00,4.01,29.16
2023-09-06 02:00:00,6.142,27.89
2023-09-06 03:00:00,6.072,28.57
2023-09-06 04:00:00,6.145,26.48
2023-09-06 05:00:00,6.902,29.87
2023-09-06 06:00:00,10.197,25.41
2023-09-06 07:00:00,12.32,30.79
2023-09-06 08:00:00,13.527,27.49
2023-09-06 09:00:00,14.957,25.5
2023-09-06 10:00:00,15.863,31.5
2023-09-06 11:00:00,14.625,28.17
2023-09-06 12:00:00,14.191,32.12
2023-09-06 13:00:00,13.281,30.75
2023-09-06 14:00:00,12.949,26.71
2023-09-06 15:00:00,13.523,28.14
2023-09-06 16:00:00,12.833,28.55
2023-09-06 17:00:00,14.487,31.36
2023-09-06 18:00:00,13.673,29.18
2023-09-06 19:00:00,13.06,28.66
2023-09-06 20:00:00,12.759,27.91
2023-09-06 21:00:00,10.335,28.21
2023-09-06 22:00:00,8.724,30.92
2023-09-06 23:00:00,5.499,28.31
2023-09-07 00:00:00,6.022,27.39
2023-09-07 01:00:00,4.766,27.05
2023-09-07 02:00:00,5.086,27.07
2023-09-07 03:00:00,4.475,25.38
2023-09-07 04:00:00,6.977,26.68
2023-09-07 05:00:00,7.869,31.18
2023-09-07 06:00:00,9.959,27.77
2023-09-07 07:00:00,11.093,29.59
2023-09-07 08:00:00,14.212,23.22
2023-09-07 09:00:00,15.062,29.32
2023-09-07 10:00:00,16.23,27.86
2023-09-07 11:00:00,13.77,27.22
2023-09-07 12:00:00,14.757,28.54
2023-09-07 13:00:00,12.014,27.19
2023-09-07 14:00:00,12.635,23.93
2023-09-07 15:00:00,12.482,30.02
2023-09-07 16:00:00,12.6,28.67
2023-09-07 17:00:00,12.799,27.55
2023-09-07 18:00:00,12.594,26.25
2023-09-07 19:00:00,11.767,25.24
2023-09-07 20:00:00,11.084,28.63
2023-09-07 21:00:00,9.775,31.41
2023-09-07 22:00:00,8.088,28.59
2023-09-07 23:00:00,5.89,25.41
2023-09-08 00:00:00,5.475,28.5
2023-09-08 01:00:00,3.97,27.95
2023-09-08 02:00:00,5.204,29.78
2023-09-08 03:00:00,6.491,29.27
2023-09-08 04:00:00,6.775,22.08
2023-09-08 05:00:00,7.699,29.14
2023-09-08 06:00:00,10.102,26.05
2023-09-08 07:00:00,11.056,25.21
2023-09-08 08:00:00,12.876,27.68
2023-09-08 09:00:00,14.936,28.88
2023-09-08 10:00:00,14.615,24.77
2023-09-08 11:00:00,14.26,29.46
2023-09-08 12:00:00,13.574,29.58
2023-09-08 13:00:00,12.504,28.15
2023-09-08 14:00:00,12.355,26.32
2023-09-08 15:00:00,13.102,26.09
2023-09-08 16:00:00,13.149,30.11
2023-09-08 17:00:00,13.474,25.03
2023-09-08 18:00:00,13.807,30.18
2023-09-08 19:00:00,12.296,27.72
2023-09-08 20:00:00,10.247,27.86
2023-09-08 21:00:00,8.46,24.64
2023-09-08 22:00:00,6.868,27.76
2023-09-08 23:00:00,5.558,29.28
2023-09-09 00:00:00,4.475,25.25
2023-09-09 01:00:00,4.884,28.92
2023-09-09 02:00:00,5.888,28.1
2023-09-09 03:00:00,4.539,26.64
2023-09-09 04:00:00,7.038,29.64
2023-09-09 05:00:00,7.64,23.52
2023-09-09 06:00:00,8.24,28.62
2023-09-09 07:00:00,10.584,31.16
2023-09-09 08:00:00,12.516,30.81
2023-09-09 09:00:00,12.48,28.71
2023-09-09 10:00:00,12.542,27.32
2023-09-09 11:00:00,11.836,26.65
2023-09-09 12:00:00,10.271,27.32
2023-09-09 13:00:00,11.382,29.01
2023-09-09 14:00:00,10.329,26.31
2023-09-09 15:00:00,10.29,29.44
2023-09-09 16:00:00,11.719,32.19
2023-09-09 17:00:00,10.329,27.8
2023-09-09 18:00:00,11.614,25.24
2023-09-09 19:00:00,10.945,25.24
2023-09-09 20:00:00,9.554,29.48
2023-09-09 21:00:00,7.878,27.81
2023-09-09 22:00:00,5.742,29.68
2023-09-09 23:00:00,5.414,26.86
2023-09-10 00:00:00,4.324,29.46
2023-09-10 01:00:00,4.281,27.48
2023-09-10 02:00:00,4.679,26.33
2023-09-10 03:00:00,4.605,27.0
2023-09-10 04:00:00,4.76,25.4
2023-09-10 05:00:00,7.971,31.78
2023-09-10 06:00:00,8.659,27.6
2023-09-10 07:00:00,9.674,29.09
2023-09-10 08:00:00,11.541,26.72
2023-09-10 09:00:00,12.985,25.69
2023-09-10 10:00:00,13.273,27.33
2023-09-10 11:00:00,12.178,30.0
2023-09-10 12:00:00,10.714,26.76
2023-09-10 13:00:00,10.253,26.06
2023-09-10 14:00:00,10.684,28.11
2023-09-10 15:00:00,11.704,28.8
2023-09-10 16:00:00,10.823,31.08
2023-09-10 17:00:00,10.877,28.5
2023-09-10 18:00:00,11.044,29.09
2023-09-10 19:00:00,10.637,29.24
2023-09-10 20:00:00,9.403,25.49
2023-09-10 21:00:00,6.963,25.87
2023-09-10 22:00:00,6.706,25.63
2023-09-10 23:00:00,4.732,25.13
2023-09-11 00:00:00,6.243,29.26
2023-09-11 01:00:00,4.079,28.25
2023-09-11 02:00:00,6.102,27.83
2023-09-11 03:00:00,6.375,22.48
2023-09-11 04:00:00,6.983,31.78
2023-09-11 05:00:00,7.588,25.88
2023-09-11 06:00:00,9.519,31.77
2023-09-11 07:00:00,10.704,24.77
2023-09-11 08:00:00,13.112,26.04
2023-09-11 09:00:00,14.187,23.26
2023-09-11 10:00:00,13.812,28.39
2023-09-11 11:00:00,15.497,25.47
2023-09-11 12:00:00,13.288,25.52
2023-09-11 13:00:00,12.848,24.92
2023-09-11 14:00:00,12.382,29.22
2023-09-11 15:00:00,12.447,29.09
2023-09-11 16:00:00,12.849,31.29
2023-09-11 17:00:00,12.867,26.3
2023-09-11 18:00:00,13.147,28.11
2023-09-11 19:00:00,12.858,25.09
2023-09-11 20:00:00,11.194,27.0
2023-09-11 21:00:00,9.451,26.63
2023-09-11 22:00:00,7.245,28.6
2023-09-11 23:00:00,6.093,29.7
2023-09-12 00:00:00,4.61,29.52
2023-09-12 01:00:00,5.16,25.85
2023-09-12 02:00:00,5.492,29.53
2023-09-12 03:00:00,5.649,27.45
2023-09-12 04:00:00,6.512,26.89
2023-09-12 05:00:00,7.743,26.12
2023-09-12 06:00:00,9.45,26.42
2023-09-12 07:00:00,11.774,31.02
2023-09-12 08:00:00,12.917,28.15
2023-09-12 09:00:00,14.867,27.89
2023-09-12 10:00:00,15.113,27.01
2023-09-12 11:00:00,15.934,32.43
2023-09-12 12:00:00,13.482,30.15
2023-09-12 13:00:00,13.242,26.1
2023-09-12 14:00:00,11.362,26.99
2023-09-12 15:00:00,12.879,27.11
2023-09-12 16:00:00,11.739,27.83
2023-09-12 17:00:00,12.236,26.14
2023-09-12 18:00:00,13.355,28.42
2023-09-12 19:00:00,12.464,30.44
2023-09-12 20:00:00,10.439,24.91
2023-09-12 21:00:00,8.62,25.28
2023-09-12 22:00:00,7.476,26.57
2023-09-12 23:00:00,5.062,26.66
2023-09-13 00:00:00,4.947,31.4
2023-09-13 01:00:00,4.621,29.41
2023-09-13 02:00:00,5.732,29.3
2023-09-13 03:00:00,6.175,26.88
2023-09-13 04:00:00,5.489,26.83
2023-09-13 05:00:00,8.319,24.5
2023-09-13 06:00:00,9.268,28.97
2023-09-13 07:00:00,11.595,28.39
2023-09-13 08:00:00,12.865,29.98
2023-09-13 09:00:00,14.522,26.98
2023-09-13 10:00:00,16.125,27.12
2023-09-13 11:00:00,14.304,27.75
2023-09-13 12:00:00,13.42,29.19
2023-09-13 13:00:00,12.587,24.47
2023-09-13 14:00:00,11.775,28.88
2023-09-13 15:00:00,13.242,27.37
2023-09-13 16:00:00,12.585,25.29
2023-09-13 17:00:00,12.042,23.24
2023-09-13 18:00:00,12.397,27.13
2023-09-13 19:00:00,12.797,30.3
2023-09-13 20:00:00,11.968,30.76
2023-09-13 21:00:00,8.403,28.12
2023-09-13 22:00:00,8.205,31.33
2023-09-13 23:00:00,5.589,27.32
2023-09-14 00:00:00,4.097,29.18
2023-09-14 01:00:00,4.252,26.37
2023-09-14 02:00:00,5.978,26.25
2023-09-14 03:00:00,4.737,25.92
2023-09-14 04:00:00,5.946,23.15
2023-09-14 05:00:00,8.678,29.85
2023-09-14 06:00:00,9.474,25.99
2023-09-14 07:00:00,10.731,25.67
2023-09-14 08:00:00,13.537,24.91
2023-09-14 09:00:00,14.868,26.87
2023-09-14 10:00:00,15.174,30.8
2023-09-14 11:00:00,14.283,31.46
2023-09-14 12:00:00,13.009,23.95
2023-09-14 13:00:00,12.986,26.57
2023-09-14 14:00:00,11.544,25.21
2023-09-14 15:00:00,13.331,29.25
2023-09-14 16:00:00,13.576,27.85
2023-09-14 17:00:00,12.617,26.0
2023-09-14 18:00:00,13.216,27.42
2023-09-14 19:00:00,13.068,26.32
2023-09-14 20:00:00,12.519,30.5
2023-09-14 21:00:00,10.024,28.37
2023-09-14 22:00:00,6.12,28.61
2023-09-14 23:00:00,5.199,21.94
2023-09-15 00:00:00,4.716,27.01
2023-09-15 01:00:00,4.749,31.31
2023-09-15 02:00:00,6.313,29.79
2023-09-15 03:00:00,6.414,23.45
2023-09-15 04:00:00,6.021,26.52
2023-09-15 05:00:00,7.549,24.74
2023-09-15 06:00:00,9.326,30.56
2023-09-15 07:00:00,11.207,27.63
2023-09-15 08:00:00,12.832,25.61
2023-09-15 09:00:00,14.834,27.21
2023-09-15 10:00:00,13.795,21.93
2023-09-15 11:00:00,12.407,24.97
2023-09-15 12:00:00,12.481,27.22
2023-09-15 13:00:00,12.378,28.83
2023-09-15 14:00:00,11.841,23.26
2023-09-15 15:00:00,12.352,26.38
2023-09-15 16:00:00,12.017,29.16
2023-09-15 17:00:00,11.917,24.24
2023-09-15 18:00:00,12.433,27.6
2023-09-15 19:00:00,11.733,27.27
2023-09-15 20:00:00,10.994,30.57
2023-09-15 21:00:00,8.555,26.68
2023-09-15 22:00:00,7.382,26.8
2023-09-15 23:00:00,5.143,28.85
2023-09-16 00:00:00,3.419,24.36
2023-09-16 01:00:00,3.546,26.57
2023-09-16 02:00:00,4.67,26.1
2023-09-16 03:00:00,4.7,26.73
2023-09-16 04:00:00,6.392,28.71
2023-09-16 05:00:00,6.062,28.12
2023-09-16 06:00:00,7.886,25.51
2023-09-16 07:00:00,9.294,27.28
2023-09-16 08:00:00,10.715,29.99
2023-09-16 09:00:00,11.993,25.35
2023-09-16 10:00:00,13.45,27.3
2023-09-16 11:00:00,11.486,26.62
2023-09-16 12:00:00,11.363,26.88
2023-09-16 13:00:00,9.972,23.75
2023-09-16 14:00:00,10.01,29.83
2023-09-16 15:00:00,9.903,25.46
2023-09-16 16:00:00,10.552,29.06
2023-09-16 17:00:00,10.589,25.77
2023-09-16 18:00:00,10.812,25.76
2023-09-16 19:00:00,9.813,29.44
2023-09-16 20:00:00,9.151,29.0
2023-09-16 21:00:00,7.971,27.43
2023-09-16 22:00:00,5.299,28.53
2023-09-16 23:00:00,4.507,26.43
2023-09-17 00:00:00,3.93,26.86
2023-09-17 01:00:00,3.313,25.55
2023-09-17 02:00:00,4.588,28.68
2023-09-17 03:00:00,3.774,25.49
2023-09-17 04:00:00,6.403,29.85
2023-09-17 05:00:00,6.794,26.24
2023-09-17 06:00:00,8.02,26.92
2023-09-17 07:00:00,10.393,28.39
2023-09-17 08:00:00,10.912,26.92
2023-09-17 09:00:00,11.695,26.28
2023-09-17 10:00:00,13.17,26.82
2023-09-17 11:00:00,13.263,28.66
2023-09-17 12:00:00,10.909,25.55
2023-09-17 13:00:00,10.813,26.62
2023-09-17 14:00:00,11.189,26.9
2023-09-17 15:00:00,10.558,28.61
2023-09-17 16:00:00,10.93,26.68
2023-09-17 17:00:00,11.74,30.49
2023-09-17 18:00:00,10.64,26.56
2023-09-17 19:00:00,10.741,26.4
2023-09-17 20:00:00,9.271,26.53
2023-09-17 21:00:00,6.72,24.24
2023-09-17 22:00:00,5.217,24.8
2023-09-17 23:00:00,4.264,25.81
2023-09-18 00:00:00,5.093,29.01
2023-09-18 01:00:00,5.031,26.68
2023-09-18 02:00:00,5.248,25.77
2023-09-18 03:00:00,6.025,29.19
2023-09-18 04:00:00,7.014,29.84
2023-09-18 05:00:00,8.1,29.25
2023-09-18 06:00:00,9.434,25.04
2023-09-18 07:00:00,11.395,25.75
2023-09-18 08:00:00,12.507,30.37
2023-09-18 09:00:00,13.715,27.22
2023-09-18 10:00:00,13.78,26.21
2023-09-18 11:00:00,14.803,28.18
2023-09-18 12:00:00,14.511,28.76
2023-09-18 13:00:00,11.351,25.6
2023-09-18 14:00:00,13.302,27.18
2023-09-18 15:00:00,12.413,28.59
2023-09-18 16:00:00,12.836,24.42
2023-09-18 17:00:00,13.016,26.77
2023-09-18 18:00:00,13.581,24.51
2023-09-18 19:00:00,12.294,24.77
2023-09-18 20:00:00,9.953,25.62
2023-09-18 21:00:00,8.862,27.7
2023-09-18 22:00:00,7.155,26.1
2023-09-18 23:00:00,5.253,25.44
2023-09-19 00:00:00,4.693,26.71
2023-09-19 01:00:00,4.262,24.31
2023-09-19 02:00:00,4.545,27.46
2023-09-19 03:00:00,5.052,28.87
2023-09-19 04:00:00,6.176,26.45
2023-09-19 05:00:00,7.756,26.2
2023-09-19 06:00:00,8.149,27.35
2023-09-19 07:00:00,10.51,22.55
2023-09-19 08:00:00,11.829,27.68
2023-09-19 09:00:00,14.514,32.81
2023-09-19 10:00:00,15.105,26.36
2023-09-19 11:00:00,13.254,26.37
2023-09-19 12:00:00,13.851,28.09
2023-09-19 13:00:00,14.736,29.9
2023-09-19 14:00:00,13.343,28.56
2023-09-19 15:00:00,12.073,22.3
2023-09-19 16:00:00,12.939,27.73
2023-09-19 17:00:00,12.448,31.75
2023-09-19 18:00:00,11.975,27.85
2023-09-19 19:00:00,12.145,24.3
2023-09-19 20:00:00,11.098,27.17
2023-09-19 21:00:00,9.334,24.05
2023-09-19 22:00:00,6.749,29.07
2023-09-19 23:00:00,5.441,24.7
2023-09-20 00:00:00,4.368,26.62
2023-09-20 01:00:00,4.221,24.76
2023-09-20 02:00:00,4.692,25.38
2023-09-20 03:00:00,5.237,29.44
2023-09-20 04:00:00,6.576,26.68
2023-09-20 05:00:00,7.679,25.35
2023-09-20 06:00:00,8.85,24.18
2023-09-20 07:00:00,11.36,22.73
2023-09-20 08:00:00,13.397,23.97
2023-09-20 09:00:00,14.513,26.7
2023-09-20 10:00:00,13.92,28.43
2023-09-20 11:00:00,13.943,25.35
2023-09-20 12:00:00,13.03,29.61
2023-09-20 13:00:00,12.64,25.04
2023-09-20 14:00:00,11.691,26.0
2023-09-20 15:00:00,12.782,24.31
2023-09-20 16:00:00,12.944,28.45
2023-09-20 17:00:00,13.782,30.67
2023-09-20 18:00:00,13.264,22.95
2023-09-20 19:00:00,12.018,25.78
2023-09-20 20:00:00,10.763,29.0
2023-09-20 21:00:00,9.69,23.58
2023-09-20 22:00:00,6.823,27.61
2023-09-20 23:00:00,4.817,28.91
2023-09-21 00:00:00,4.85,26.49
2023-09-21 01:00:00,4.544,27.44
2023-09-21 02:00:00,6.024,29.86
2023-09-21 03:00:00,5.977,30.23
2023-09-21 04:00:00,6.345,26.21
2023-09-21 05:00:00,8.456,25.27
2023-09-21 06:00:00,8.184,24.5
2023-09-21 07:00:00,10.904,28.29
2023-09-21 08:00:00,12.219,23.59
2023-09-21 09:00:00,12.713,25.83
2023-09-21 10:00:00,14.886,26.54
2023-09-21 11:00:00,13.53,25.33
2023-09-21 12:00:00,13.83,26.9
2023-09-21 13:00:00,13.44,31.47
2023-09-21 14:00:00,12.588,26.09
2023-09-21 15:00:00,11.778,25.47
2023-09-21 16:00:00,11.989,28.37
2023-09-21 17:00:00,12.711,26.82
2023-09-21 18:00:00,13.576,29.22
2023-09-21 19:00:00,12.192,26.67
2023-09-21 20:00:00,10.305,25.84
2023-09-21 21:00:00,7.892,22.77
2023-09-21 22:00:00,6.785,23.1
2023-09-21 23:00:00,4.901,22.67
2023-09-22 00:00:00,4.221,26.96
2023-09-22 01:00:00,4.079,23.48
2023-09-22 02:00:00,4.704,28.71
2023-09-22 03:00:00,5.594,26.26
2023-09-22 04:00:00,6.642,25.71
2023-09-22 05:00:00,8.668,24.51
2023-09-22 06:00:00,9.733,27.44
2023-09-22 07:00:00,11.932,24.59
2023-09-22 08:00:00,12.264,24.23
2023-09-22 09:00:00,13.282,28.58
2023-09-22 10:00:00,14.365,26.91
2023-09-22 11:00:00,14.385,25.73
2023-09-22 12:00:00,13.74,27.48
2023-09-22 13:00:00,13.343,26.22
2023-09-22 14:00:00,10.749,26.97
2023-09-22 15:00:00,12.743,24.57
2023-09-22 16:00:00,12.865,30.34
2023-09-22 17:00:00,11.603,25.04
2023-09-22 18:00:00,13.454,29.31
2023-09-22 19:00:00,12.251,25.82
2023-09-22 20:00:00,11.091,27.81
2023-09-22 21:00:00,9.447,27.67
2023-09-22 22:00:00,7.232,28.49
2023-09-22 23:00:00,4.38,24.52
2023-09-23 00:00:00,3.676,28.22
2023-09-23 01:00:00,3.081,29.76
2023-09-23 02:00:00,4.404,25.55
2023-09-23 03:00:00,5.453,26.13
2023-09-23 04:00:00,4.593,25.02
2023-09-23 05:00:00,6.006,25.37
2023-09-23 06:00:00,7.6,29.49
2023-09-23 07:00:00,9.041,24.06
2023-09-23 08:00:00,11.089,24.18
2023-09-23 09:00:00,11.966,29.29
2023-09-23 10:00:00,12.667,27.31
2023-09-23 11:00:00,12.882,30.3
2023-09-23 12:00:00,11.854,25.16
2023-09-23 13:00:00,10.077,26.32
2023-09-23 14:00:00,11.15,24.74
2023-09-23 15:00:00,11.175,26.35
2023-09-23 16:00:00,11.22,22.52
2023-09-23 17:00:00,10.724,27.43
2023-09-23 18:00:00,10.425,26.71
2023-09-23 19:00:00,9.757,25.95
2023-09-23 20:00:00,8.424,25.28
2023-09-23 21:00:00,7.346,24.27
2023-09-23 22:00:00,6.389,27.52
2023-09-23 23:00:00,5.235,23.72
2023-09-24 00:00:00,3.345,26.95
2023-09-24 01:00:00,4.056,30.08
2023-09-24 02:00:00,4.22,28.9
2023-09-24 03:00:00,4.09,22.92
2023-09-24 04:00:00,5.759,24.85
2023-09-24 05:00:00,6.705,26.77
2023-09-24 06:00:00,7.868,25.79
2023-09-24 07:00:00,9.492,23.13
2023-09-24 08:00:00,11.337,26.7
2023-09-24 09:00:00,12.28,25.91
2023-09-24 10:00:00,12.015,29.76
2023-09-24 11:00:00,12.31,25.42
2023-09-24 12:00:00,11.567,28.26
2023-09-24 13:00:00,10.34,23.39
2023-09-24 14:00:00,10.414,23.87
2023-09-24 15:00:00,10.568,27.37
2023-09-24 16:00:00,11.22,28.09
2023-09-24 17:00:00,9.975,24.01
2023-09-24 18:00:00,11.607,25.98
2023-09-24 19:00:00,10.235,23.16
2023-09-24 20:00:00,8.784,25.57
2023-09-24 21:00:00,7.214,27.6
2023-09-24 22:00:00,5.098,25.06
2023-09-24 23:00:00,3.464,25.43
2023-09-25 00:00:00,4.455,23.53
2023-09-25 01:00:00,5.405,24.49
2023-09-25 02:00:00,4.028,29.31
2023-09-25 03:00:00,4.788,25.94
2023-09-25 04:00:00,6.638,23.79
2023-09-25 05:00:00,7.453,25.16
2023-09-25 06:00:00,9.507,22.6
2023-09-25 07:00:00,10.848,23.76
2023-09-25 08:00:00,12.668,28.51
2023-09-25 09:00:00,13.821,25.51
2023-09-25 10:00:00,13.172,29.57
2023-09-25 11:00:00,13.138,25.6
2023-09-25 12:00:00,13.72,25.72
2023-09-25 13:00:00,13.357,27.07
2023-09-25 14:00:00,12.899,20.45
2023-09-25 15:00:00,12.306,26.2
2023-09-25 16:00:00,10.824,25.69
2023-09-25 17:00:00,12.402,28.76
2023-09-25 18:00:00,13.61,27.72
2023-09-25 19:00:00,12.986,23.52
2023-09-25 20:00:00,11.686,28.27
2023-09-25 21:00:00,8.496,25.27
2023-09-25 22:00:00,5.846,23.98
2023-09-25 23:00:00,5.291,26.18
2023-09-26 00:00:00,4.113,25.25
2023-09-26 01:00:00,5.459,28.73
2023-09-26 02:00:00,4.849,26.33
2023-09-26 03:00:00,5.367,26.06
2023-09-26 04:00:00,6.434,27.45
2023-09-26 05:00:00,7.903,27.84
2023-09-26 06:00:00,9.588,27.22
2023-09-26 07:00:00,10.777,28.49
2023-09-26 08:00:00,12.223,26.87
2023-09-26 09:00:00,14.798,25.99
2023-09-26 10:00:00,13.449,28.13
2023-09-26 11:00:00,14.791,25.47
2023-09-26 12:00:00,11.995,25.72
2023-09-26 13:00:00,12.479,29.1
2023-09-26 14:00:00,12.99,28.9
2023-09-26 15:00:00,11.997,25.64
2023-09-26 16:00:00,11.33,24.75
2023-09-26 17:00:00,13.01,28.58
2023-09-26 18:00:00,12.805,27.25
2023-09-26 19:00:00,12.002,26.28
2023-09-26 20:00:00,10.242,25.01
2023-09-26 21:00:00,8.672,26.32
2023-09-26 22:00:00,6.344,25.61
2023-09-26 23:00:00,6.67,24.32
2023-09-27 00:00:00,3.983,25.77
2023-09-27 01:00:00,4.057,26.05
2023-09-27 02:00:00,4.291,24.77
2023-09-27 03:00:00,6.51,27.32
2023-09-27 04:00:00,5.458,28.09
2023-09-27 05:00:00,7.837,27.46
2023-09-27 06:00:00,8.913,24.96
2023-09-27 07:00:00,10.216,27.03
2023-09-27 08:00:00,12.276,25.67
2023-09-27 09:00:00,14.04,23.04
2023-09-27 10:00:00,13.796,26.86
2023-09-27 11:00:00,13.976,25.81
2023-09-27 12:00:00,14.667,30.7
2023-09-27 13:00:00,12.852,28.43
2023-09-27 14:00:00,11.342,26.94
2023-09-27 15:00:00,11.505,26.01
2023-09-27 16:00:00,11.999,25.84
2023-09-27 17:00:00,12.207,23.51
2023-09-27 18:00:00,12.628,22.04
2023-09-27 19:00:00,12.19,23.77
2023-09-27 20:00:00,11.669,25.42
2023-09-27 21:00:00,8.537,21.3
2023-09-27 22:00:00,5.937,24.43
2023-09-27 23:00:00,5.924,25.02
2023-09-28 00:00:00,4.834,24.95
2023-09-28 01:00:00,4.317,24.06
2023-09-28 02:00:00,4.459,24.7
2023-09-28 03:00:00,5.958,28.83
2023-09-28 04:00:00,6.189,26.7
2023-09-28 05:00:00,6.185,24.26
2023-09-28 06:00:00,9.403,25.24
2023-09-28 07:00:00,11.485,25.32
2023-09-28 08:00:00,13.546,23.84
2023-09-28 09:00:00,13.424,23.84
2023-09-28 10:00:00,14.489,27.4
2023-09-28 11:00:00,13.899,24.54
2023-09-28 12:00:00,13.08,23.19
2023-09-28 13:00:00,12.569,25.29
2023-09-28 14:00:00,12.14,25.61
2023-09-28 15:00:00,12.008,21.43
2023-09-28 16:00:00,12.578,25.3
2023-09-28 17:00:00,13.336,27.11
2023-09-28 18:00:00,12.224,26.28
2023-09-28 19:00:00,12.36,29.84
2023-09-28 20:00:00,10.554,27.88
2023-09-28 21:00:00,8.506,28.28
2023-09-28 22:00:00,6.251,30.98
2023-09-28 23:00:00,5.359,26.89
2023-09-29 00:00:00,4.392,25.57
2023-09-29 01:00:00,4.262,27.19
2023-09-29 02:00:00,4.576,24.12
2023-09-29 03:00:00,5.554,25.46
2023-09-29 04:00:00,7.011,23.95
2023-09-29 05:00:00,7.252,26.04
2023-09-29 06:00:00,8.304,23.94
2023-09-29 07:00:00,10.831,23.87
2023-09-29 08:00:00,13.913,26.07
2023-09-29 09:00:00,13.205,24.97
2023-09-29 10:00:00,14.509,21.39
2023-09-29 11:00:00,14.39,22.33
2023-09-29 12:00:00,11.602,22.95
2023-09-29 13:00:00,12.673,23.48
2023-09-29 14:00:00,12.504,26.07
2023-09-29 15:00:00,11.822,25.68
2023-09-29 16:00:00,11.885,27.37
2023-09-29 17:00:00,12.216,26.75
2023-09-29 18:00:00,12.562,27.38
2023-09-29 19:00:00,11.945,26.46
2023-09-29 20:00:00,10.34,25.66
2023-09-29 21:00:00,8.556,27.44
2023-09-29 22:00:00,7.492,27.08
2023-09-29 23:00:00,4.547,25.99
2023-09-30 00:00:00,2.606,27.65
2023-09-30 01:00:00,4.261,20.41
2023-09-30 02:00:00,3.797,24.52
2023-09-30 03:00:00,4.241,24.49
2023-09-30 04:00:00,5.38,27.41
2023-09-30 05:00:00,6.703,28.25
2023-09-30 06:00:00,7.314,22.2
2023-09-30 07:00:00,9.812,27.93
2023-09-30 08:00:00,10.178,22.76
2023-09-30 09:00:00,11.579,22.82
2023-09-30 10:00:00,10.723,24.63
2023-09-30 11:00:00,12.39,24.47
2023-09-30 12:00:00,10.954,21.99
2023-09-30 13:00:00,11.103,26.4
2023-09-30 14:00:00,10.651,26.46
2023-09-30 15:00:00,10.638,27.21
2023-09-30 16:00:00,10.269,24.24
2023-09-30 17:00:00,10.836,25.02
2023-09-30 18:00:00,10.143,25.04
2023-09-30 19:00:00,9.804,28.48
2023-09-30 20:00:00,8.938,19.43
2023-09-30 21:00:00,6.849,23.19
2023-09-30 22:00:00,6.517,25.11
2023-09-30 23:00:00,4.606,22.93
2023-10-01 00:00:00,3.018,24.45
2023-10-01 01:00:00,3.413,24.71
2023-10-01 02:00:00,3.963,23.65
2023-10-01 03:00:00,4.46,25.09
2023-10-01 04:00:00,5.518,26.22
2023-10-01 05:00:00,6.356,24.49
2023-10-01 06:00:00,6.827,24.06
2023-10-01 07:00:00,7.992,24.63
2023-10-01 08:00:00,10.596,24.95
2023-10-01 09:00:00,12.093,21.48
2023-10-01 10:00:00,11.9,25.89
2023-10-01 11:00:00,12.414,24.06
2023-10-01 12:00:00,11.272,27.49
2023-10-01 13:00:00,11.497,26.15
2023-10-01 14:00:00,11.122,27.31
2023-10-01 15:00:00,10.729,22.94
2023-10-01 16:00:00,9.551,24.22
2023-10-01 17:00:00,10.542,22.48
2023-10-01 18:00:00,11.399,23.56
2023-10-01 19:00:00,10.573,27.47
2023-10-01 20:00:00,9.561,27.94
2023-10-01 21:00:00,6.416,22.67
2023-10-01 22:00:00,6.768,24.05
2023-10-01 23:00:00,3.962,24.81
2023-10-02 00:00:00,2.933,26.0
2023-10-02 01:00:00,3.932,21.31
2023-10-02 02:00:00,3.077,21.62
2023-10-02 03:00:00,4.671,25.81
2023-10-02 04:00:00,7.677,20.93
2023-10-02 05:00:00,7.174,23.93
2023-10-02 06:00:00,8.198,25.15
2023-10-02 07:00:00,10.979,25.66
2023-10-02 08:00:00,12.162,24.54
2023-10-02 09:00:00,14.384,24.1
2023-10-02 10:00:00,13.744,26.52
2023-10-02 11:00:00,13.948,25.4
2023-10-02 12:00:00,12.343,23.53
2023-10-02 13:00:00,14.035,24.9
2023-10-02 14:00:00,12.413,25.59
2023-10-02 15:00:00,12.099,28.26
2023-10-02 16:00:00,12.02,26.4
2023-10-02 17:00:00,12.278,27.26
2023-10-02 18:00:00,12.09,23.61
2023-10-02 19:00:00,11.518,23.78
2023-10-02 20:00:00,11.577,24.36
2023-10-02 21:00:00,8.245,24.54
2023-10-02 22:00:00,5.298,22.81
2023-10-02 23:00:00,4.677,27.36
2023-10-03 00:00:00,4.72,26.46
2023-10-03 01:00:00,4.025,24.08
2023-10-03 02:00:00,4.593,25.97
2023-10-03 03:00:00,5.99,25.14
2023-10-03 04:00:00,5.806,26.13
2023-10-03 05:00:00,7.755,22.0
2023-10-03 06:00:00,8.624,24.4
2023-10-03 07:00:00,11.258,24.57
2023-10-03 08:00:00,12.541,25.94
2023-10-03 09:00:00,13.705,23.43
2023-10-03 10:00:00,14.652,19.69
2023-10-03 11:00:00,14.147,22.53
2023-10-03 12:00:00,12.969,24.57
2023-10-03 13:00:00,12.191,24.82
2023-10-03 14:00:00,13.264,28.06
2023-10-03 15:00:00,12.348,25.86
2023-10-03 16:00:00,11.874,24.85
2023-10-03 17:00:00,12.056,24.63
2023-10-03 18:00:00,13.336,26.9
2023-10-03 19:00:00,12.057,23.51
2023-10-03 20:00:00,10.477,24.41
2023-10-03 21:00:00,8.599,22.51
2023-10-03 22:00:00,7.02,27.53
2023-10-03 23:00:00,5.213,25.48
2023-10-04 00:00:00,4.742,23.14
2023-10-04 01:00:00,4.945,24.32
2023-10-04 02:00:00,4.973,25.57
2023-10-04 03:00:00,6.073,24.05
2023-10-04 04:00:00,6.164,23.48
2023-10-04 05:00:00,7.807,23.24
2023-10-04 06:00:00,9.67,25.23
2023-10-04 07:00:00,11.503,23.84
2023-10-04 08:00:00,13.228,23.65
2023-10-04 09:00:00,14.217,21.88
2023-10-04 10:00:00,15.355,24.71
2023-10-04 11:00:00,13.416,24.19
2023-10-04 12:00:00,12.957,23.91
2023-10-04 13:00:00,12.357,24.95
2023-10-04 14:00:00,11.926,26.05
2023-10-04 15:00:00,10.813,25.96
2023-10-04 16:00:00,12.981,25.66
2023-10-04 17:00:00,11.816,24.07
2023-10-04 18:00:00,12.652,23.42
2023-10-04 19:00:00,11.123,22.46
2023-10-04 20:00:00,10.921,23.37
2023-10-04 21:00:00,8.115,24.59
2023-10-04 22:00:00,5.904,22.98
2023-10-04 23:00:00,5.332,24.74
2023-10-05 00:00:00,3.598,22.48
2023-10-05 01:00:00,3.815,21.09
2023-10-05 02:00:00,4.793,26.05
2023-10-05 03:00:00,5.718,23.47
2023-10-05 04:00:00,5.661,22.74
2023-10-05 05:00:00,6.792,22.23
2023-10-05 06:00:00,9.089,25.26
2023-10-05 07:00:00,11.408,27.17
2023-10-05 08:00:00,13.562,23.61
2023-10-05 09:00:00,13.233,23.98
2023-10-05 10:00:00,14.105,26.56
2023-10-05 11:00:00,14.425,20.79
2023-10-05 12:00:00,14.534,28.35
2023-10-05 13:00:00,12.253,29.3
2023-10-05 14:00:00,11.651,19.0
2023-10-05 15:00:00,12.155,24.22
2023-10-05 16:00:00,11.716,22.98
2023-10-05 17:00:00,11.977,23.89
2023-10-05 18:00:00,12.707,23.58
2023-10-05 19:00:00,13.041,26.04
2023-10-05 20:00:00,9.793,24.19
2023-10-05 21:00:00,9.441,22.59
2023-10-05 22:00:00,6.274,24.07
2023-10-05 23:00:00,5.464,25.44
2023-10-06 00:00:00,4.979,21.91
2023-10-06 01:00:00,4.365,20.99
2023-10-06 02:00:00,4.702,28.26
2023-10-06 03:00:00,5.668,22.99
2023-10-06 04:00:00,6.084,24.0
2023-10-06 05:00:00,7.726,23.48
2023-10-06 06:00:00,8.967,25.37
2023-10-06 07:00:00,11.667,27.82
2023-10-06 08:00:00,11.93,25.44
2023-10-06 09:00:00,13.25,21.24
2023-10-06 10:00:00,13.294,21.51
2023-10-06 11:00:00,13.7,23.48
2023-10-06 12:00:00,12.142,23.74
2023-10-06 13:00:00,12.027,20.83
2023-10-06 14:00:00,11.489,25.92
2023-10-06 15:00:00,12.784,22.11
2023-10-06 16:00:00,11.691,27.26
2023-10-06 17:00:00,11.921,27.92
2023-10-06 18:00:00,12.723,23.78
2023-10-06 19:00:00,13.081,25.16
2023-10-06 20:00:00,10.479,21.81
2023-10-06 21:00:00,8.624,25.53
2023-10-06 22:00:00,7.381,23.28
2023-10-06 23:00:00,5.697,22.1
2023-10-07 00:00:00,3.709,23.56
2023-10-07 01:00:00,3.214,23.21
2023-10-07 02:00:00,4.187,23.49
2023-10-07 03:00:00,3.773,26.04
2023-10-07 04:00:00,4.875,22.57
2023-10-07 05:00:00,7.41,27.61
2023-10-07 06:00:00,8.446,21.49
2023-10-07 07:00:00,9.755,27.37
2023-10-07 08:00:00,9.627,22.11
2023-10-07 09:00:00,11.101,24.14
2023-10-07 10:00:00,11.634,23.16
2023-10-07 11:00:00,11.586,23.45
2023-10-07 12:00:00,10.456,25.74
2023-10-07 13:00:00,10.644,27.14
2023-10-07 14:00:00,11.464,26.52
2023-10-07 15:00:00,10.38,23.33
2023-10-07 16:00:00,10.45,24.51
2023-10-07 17:00:00,9.956,22.58
2023-10-07 18:00:00,9.697,22.16
2023-10-07 19:00:00,9.468,21.85
2023-10-07 20:00:00,7.985,23.27
2023-10-07 21:00:00,7.38,24.64
2023-10-07 22:00:00,5.871,20.32
2023-10-07 23:00:00,3.863,24.05
2023-10-08 00:00:00,3.738,27.04
2023-10-08 01:00:00,4.589,26.25
2023-10-08 02:00:00,5.088,22.83
2023-10-08 03:00:00,4.938,21.21
2023-10-08 04:00:00,5.222,24.92
2023-10-08 05:00:00,6.81,19.37
2023-10-08 06:00:00,8.628,26.22
2023-10-08 07:00:00,8.089,23.58
2023-10-08 08:00:00,11.943,27.67
2023-10-08 09:00:00,11.491,20.55
2023-10-08 10:00:00,11.84,25.84
2023-10-08 11:00:00,11.497,23.8
2023-10-08 12:00:00,11.312,23.34
2023-10-08 13:00:00,9.929,21.26
2023-10-08 14:00:00,10.163,25.2
2023-10-08 15:00:00,10.542,25.36
2023-10-08 16:00:00,10.66,27.57
2023-10-08 17:00:00,10.934,26.02
2023-10-08 18:00:00,10.503,22.82
2023-10-08 19:00:00,10.633,22.0
2023-10-08 20:00:00,9.63,21.27
2023-10-08 21:00:00,8.085,26.95
2023-10-08 22:00:00,5.888,22.45
2023-10-08 23:00:00,5.181,26.96
2023-10-09 00:00:00,4.651,24.92
2023-10-09 01:00:00,5.854,24.53
2023-10-09 02:00:00,5.346,23.25
2023-10-09 03:00:00,5.293,25.19
2023-10-09 04:00:00,5.672,23.84
2023-10-09 05:00:00,7.284,23.13
2023-10-09 06:00:00,8.92,25.26
2023-10-09 07:00:00,11.242,23.58
2023-10-09 08:00:00,12.288,22.27
2023-10-09 09:00:00,14.679,25.07
2023-10-09 10:00:00,13.364,23.74
2023-10-09 11:00:00,12.837,24.85
2023-10-09 12:00:00,12.998,22.96
2023-10-09 13:00:00,11.963,21.45
2023-10-09 14:00:00,11.539,27.34
2023-10-09 15:00:00,11.746,26.96
2023-10-09 16:00:00,11.748,25.64
2023-10-09 17:00:00,12.464,23.09
2023-10-09 18:00:00,12.225,23.27
2023-10-09 19:00:00,11.873,26.63
2023-10-09 20:00:00,10.592,23.16
2023-10-09 21:00:00,9.195,22.6
2023-10-09 22:00:00,7.763,27.61
2023-10-09 23:00:00,5.32,23.77
2023-10-10 00:00:00,4.433,27.27
2023-10-10 01:00:00,4.112,20.93
2023-10-10 02:00:00,4.968,24.77
2023-10-10 03:00:00,5.79,27.87
2023-10-10 04:00:00,7.028,23.79
2023-10-10 05:00:00,6.325,23.2
2023-10-10 06:00:00,8.912,21.4
2023-10-10 07:00:00,11.255,25.9
2023-10-10 08:00:00,12.707,22.19
2023-10-10 09:00:00,13.36,23.54
2023-10-10 10:00:00,13.413,21.26
2023-10-10 11:00:00,14.439,26.85
2023-10-10 12:00:00,12.763,26.04
2023-10-10 13:00:00,11.451,23.67
2023-10-10 14:00:00,12.598,21.42
2023-10-10 15:00:00,12.407,26.8
2023-10-10 16:00:00,12.053,23.0
2023-10-10 17:00:00,11.916,21.52
2023-10-10 18:00:00,12.557,20.21
2023-10-10 19:00:00,12.771,22.44
2023-10-10 20:00:00,9.642,20.82
2023-10-10 21:00:00,7.662,22.49
2023-10-10 22:00:00,6.35,25.22
2023-10-10 23:00:00,5.213,22.98
2023-10-11 00:00:00,3.837,24.31
2023-10-11 01:00:00,4.616,22.15
2023-10-11 02:00:00,5.312,23.73
2023-10-11 03:00:00,5.701,27.44
2023-10-11 04:00:00,6.567,22.9
2023-10-11 05:00:00,7.671,24.36
2023-10-11 06:00:00,9.091,20.46
2023-10-11 07:00:00,10.343,26.64
2023-10-11 08:00:00,12.126,22.64
2023-10-11 09:00:00,13.22,25.7
2023-10-11 10:00:00,14.131,23.35
2023-10-11 11:00:00,13.987,24.82
2023-10-11 12:00:00,12.303,24.94
2023-10-11 13:00:00,12.546,22.69
2023-10-11 14:00:00,11.688,25.78
2023-10-11 15:00:00,11.322,22.08
2023-10-11 16:00:00,11.836,25.15
2023-10-11 17:00:00,11.813,22.82
2023-10-11 18:00:00,13.023,24.29
2023-10-11 19:00:00,11.96,22.67
2023-10-11 20:00:00,11.129,23.7
2023-10-11 21:00:00,8.352,21.45
2023-10-11 22:00:00,6.453,24.09
2023-10-11 23:00:00,6.385,23.68
2023-10-12 00:00:00,3.139,22.38
2023-10-12 01:00:00,5.034,23.35
2023-10-12 02:00:00,5.67,23.73
2023-10-12 03:00:00,5.776,22.23
2023-10-12 04:00:00,6.056,23.2
2023-10-12 05:00:00,8.34,21.45
2023-10-12 06:00:00,9.195,28.15
2023-10-12 07:00:00,10.645,25.58
2023-10-12 08:00:00,12.558,24.01
2023-10-12 09:00:00,13.713,25.8
2023-10-12 10:00:00,13.706,19.5
2023-10-12 11:00:00,14.576,18.35
2023-10-12 12:00:00,12.662,22.66
2023-10-12 13:00:00,12.513,20.7
2023-10-12 14:00:00,11.259,22.99
2023-10-12 15:00:00,12.029,23.87
2023-10-12 16:00:00,11.544,25.3
2023-10-12 17:00:00,11.796,21.18
2023-10-12 18:00:00,12.611,24.26
2023-10-12 19:00:00,12.728,23.49
2023-10-12 20:00:00,10.937,24.16
2023-10-12 21:00:00,8.941,22.42
2023-10-12 22:00:00,6.745,26.23
2023-10-12 23:00:00,5.068,23.25
2023-10-13 00:00:00,4.796,26.87
2023-10-13 01:00:00,3.931,21.74
2023-10-13 02:00:00,5.238,24.81
2023-10-13 03:00:00,6.09,23.21
2023-10-13 04:00:00,5.762,22.67
2023-10-13 05:00:00,7.139,24.59
2023-10-13 06:00:00,8.782,22.73
2023-10-13 07:00:00,10.234,18.0
2023-10-13 08:00:00,12.682,17.2
2023-10-13 09:00:00,14.861,25.87
2023-10-13 10:00:00,13.732,25.79
2023-10-13 11:00:00,14.826,27.1
2023-10-13 12:00:00,12.896,23.29
2023-10-13 13:00:00,13.819,20.74
2023-10-13 14:00:00,11.731,22.49
2023-10-13 15:00:00,11.931,23.35
2023-10-13 16:00:00,11.629,21.31
2023-10-13 17:00:00,12.278,26.62
2023-10-13 18:00:00,13.728,27.8
2023-10-13 19:00:00,12.423,24.28
2023-10-13 20:00:00,11.287,23.3
2023-10-13 21:00:00,7.878,20.74
2023-10-13 22:00:00,7.249,26.42
2023-10-13 23:00:00,4.712,23.48
2023-10-14 00:00:00,2.754,22.61
2023-10-14 01:00:00,3.85,24.15
2023-10-14 02:00:00,4.152,22.02
2023-10-14 03:00:00,4.627,23.48
2023-10-14 04:00:00,5.819,20.31
2023-10-14 05:00:00,7.033,25.37
2023-10-14 06:00:00,8.671,22.98
2023-10-14 07:00:00,8.764,25.51
2023-10-14 08:00:00,11.81,22.79
2023-10-14 09:00:00,13.044,22.92
2023-10-14 10:00:00,11.942,20.77
2023-10-14 11:00:00,10.849,24.71
2023-10-14 12:00:00,10.385,21.44
2023-10-14 13:00:00,10.422,22.22
2023-10-14 14:00:00,11.579,23.19
2023-10-14 15:00:00,10.271,23.43
2023-10-14 16:00:00,10.056,19.78
2023-10-14 17:00:00,10.276,22.73
2023-10-14 18:00:00,10.067,24.78
2023-10-14 19:00:00,10.85,22.43
2023-10-14 20:00:00,9.048,22.74
2023-10-14 21:00:00,8.676,23.52
2023-10-14 22:00:00,6.121,22.94
2023-10-14 23:00:00,5.031,21.13
2023-10-15 00:00:00,3.44,22.98
2023-10-15 01:00:00,3.113,25.05
2023-10-15 02:00:00,3.523,20.95
2023-10-15 03:00:00,3.78,22.31
2023-10-15 04:00:00,5.958,20.29
2023-10-15 05:00:00,6.28,24.94
2023-10-15 06:00:00,8.382,22.87
2023-10-15 07:00:00,9.488,21.36
2023-10-15 08:00:00,10.764,23.24
2023-10-15 09:00:00,11.244,20.65
2023-10-15 10:00:00,12.362,20.99
2023-10-15 11:00:00,11.711,20.14
2023-10-15 12:00:00,11.787,20.92
2023-10-15 13:00:00,10.407,25.77
2023-10-15 14:00:00,10.753,21.59
2023-10-15 15:00:00,11.284,23.99
2023-10-15 16:00:00,10.577,21.38
2023-10-15 17:00:00,11.231,24.58
2023-10-15 18:00:00,11.174,21.01
2023-10-15 19:00:00,11.496,23.14
2023-10-15 20:00:00,9.356,23.16
2023-10-15 21:00:00,8.103,27.71
2023-10-15 22:00:00,5.782,24.32
2023-10-15 23:00:00,4.086,21.87
2023-10-16 00:00:00,3.519,24.29
2023-10-16 01:00:00,5.316,27.2
2023-10-16 02:00:00,4.183,19.66
2023-10-16 03:00:00,5.859,21.24
2023-10-16 04:00:00,6.585,22.45
2023-10-16 05:00:00,8.124,22.09
2023-10-16 06:00:00,8.868,22.26
2023-10-16 07:00:00,10.605,20.32
2023-10-16 08:00:00,13.188,25.73
2023-10-16 09:00:00,13.885,20.08
2023-10-16 10:00:00,13.579,22.52
2023-10-16 11:00:00,15.13,25.02
2023-10-16 12:00:00,12.744,22.86
2023-10-16 13:00:00,12.021,20.97
2023-10-16 14:00:00,12.088,20.23
2023-10-16 15:00:00,12.827,22.46
2023-10-16 16:00:00,10.944,21.41
2023-10-16 17:00:00,13.306,23.33
2023-10-16 18:00:00,12.208,20.12
2023-10-16 19:00:00,12.378,24.55
2023-10-16 20:00:00,10.331,23.16
2023-10-16 21:00:00,9.934,23.3
2023-10-16 22:00:00,6.961,25.81
2023-10-16 23:00:00,4.923,22.05
2023-10-17 00:00:00,4.052,21.34
2023-10-17 01:00:00,4.421,21.7
2023-10-17 02:00:00,4.879,22.41
2023-10-17 03:00:00,5.7,22.61
2023-10-17 04:00:00,6.366,21.13
2023-10-17 05:00:00,6.858,18.75
2023-10-17 06:00:00,8.999,21.67
2023-10-17 07:00:00,11.466,23.51
2023-10-17 08:00:00,12.483,23.06
2023-10-17 09:00:00,14.542,25.19
2023-10-17 10:00:00,14.538,26.7
2023-10-17 11:00:00,13.832,24.31
2023-10-17 12:00:00,14.058,25.56
2023-10-17 13:00:00,11.635,24.32
2023-10-17 14:00:00,11.972,26.21
2023-10-17 15:00:00,13.001,26.49
2023-10-17 16:00:00,13.424,24.69
2023-10-17 17:00:00,14.027,24.2
2023-10-17 18:00:00,12.784,22.38
2023-10-17 19:00:00,12.472,22.71
2023-10-17 20:00:00,11.243,22.12
2023-10-17 21:00:00,9.55,24.03
2023-10-17 22:00:00,6.989,21.35
2023-10-17 23:00:00,5.931,22.41
2023-10-18 00:00:00,4.664,17.95
2023-10-18 01:00:00,4.842,26.11
2023-10-18 02:00:00,4.249,22.22
2023-10-18 03:00:00,5.284,23.57
2023-10-18 04:00:00,6.177,25.57
2023-10-18 05:00:00,6.927,23.26
2023-10-18 06:00:00,8.341,25.55
2023-10-18 07:00:00,10.884,20.18
2023-10-18 08:00:00,12.984,27.45
2023-10-18 09:00:00,14.213,24.83
2023-10-18 10:00:00,14.713,23.08
2023-10-18 11:00:00,14.16,25.51
2023-10-18 12:00:00,13.136,20.32
2023-10-18 13:00:00,12.114,22.08
2023-10-18 14:00:00,12.89,25.55
2023-10-18 15:00:00,12.143,18.93
2023-10-18 16:00:00,12.061,23.78
2023-10-18 17:00:00,12.557,23.72
2023-10-18 18:00:00,12.511,26.6
2023-10-18 19:00:00,11.953,19.49
2023-10-18 20:00:00,10.564,25.88
2023-10-18 21:00:00,8.609,21.54
2023-10-18 22:00:00,7.219,21.77
2023-10-18 23:00:00,5.672,20.22
2023-10-19 00:00:00,5.236,20.35
2023-10-19 01:00:00,5.165,23.33
2023-10-19 02:00:00,6.026,20.3
2023-10-19 03:00:00,5.859,24.01
2023-10-19 04:00:00,6.749,21.2
2023-10-19 05:00:00,7.394,20.1
2023-10-19 06:00:00,9.758,21.47
2023-10-19 07:00:00,10.759,23.2
2023-10-19 08:00:00,12.052,21.97
2023-10-19 09:00:00,15.034,22.6
2023-10-19 10:00:00,13.68,23.92
2023-10-19 11:00:00,14.299,24.69
2023-10-19 12:00:00,12.77,21.91
2023-10-19 13:00:00,13.388,20.44
2023-10-19 14:00:00,13.054,22.68
2023-10-19 15:00:00,12.492,23.47
2023-10-19 16:00:00,13.12,19.61
2023-10-19 17:00:00,12.691,20.75
2023-10-19 18:00:00,14.158,21.09
2023-10-19 19:00:00,12.699,22.11
2023-10-19 20:00:00,10.278,21.01
2023-10-19 21:00:00,8.882,23.94
2023-10-19 22:00:00,6.821,19.32
2023-10-19 23:00:00,5.337,19.37
2023-10-20 00:00:00,3.324,21.73
2023-10-20 01:00:00,4.687,22.05
2023-10-20 02:00:00,4.079,19.49
2023-10-20 03:00:00,4.013,21.18
2023-10-20 04:00:00,6.244,21.6
2023-10-20 05:00:00,7.236,21.61
2023-10-20 06:00:00,8.779,22.7
2023-10-20 07:00:00,9.317,21.07
2023-10-20 08:00:00,12.544,25.35
2023-10-20 09:00:00,14.057,23.37
2023-10-20 10:00:00,14.062,20.78
2023-10-20 11:00:00,14.244,22.59
2023-10-20 12:00:00,14.168,22.65
2023-10-20 13:00:00,13.098,24.83
2023-10-20 14:00:00,12.945,21.2
2023-10-20 15:00:00,12.884,23.93
2023-10-20 16:00:00,11.747,22.48
2023-10-20 17:00:00,13.06,25.38
2023-10-20 18:00:00,13.51,24.98
2023-10-20 19:00:00,12.026,22.79
2023-10-20 20:00:00,10.367,21.87
2023-10-20 21:00:00,9.175,23.41
2023-10-20 22:00:00,5.997,22.04
2023-10-20 23:00:00,4.923,25.76
2023-10-21 00:00:00,3.352,22.42
2023-10-21 01:00:00,4.139,21.46
2023-10-21 02:00:00,4.346,21.35
2023-10-21 03:00:00,5.431,19.84
2023-10-21 04:00:00,5.024,23.38
2023-10-21 05:00:00,6.045,20.63
2023-10-21 06:00:00,8.341,24.46
2023-10-21 07:00:00,9.14,19.68
2023-10-21 08:00:00,10.74,22.52
2023-10-21 09:00:00,11.043,24.57
2023-10-21 10:00:00,12.651,17.96
2023-10-21 11:00:00,13.061,26.3
2023-10-21 12:00:00,10.795,21.42
2023-10-21 13:00:00,11.511,22.55
2023-10-21 14:00:00,10.536,23.41
2023-10-21 15:00:00,9.405,23.72
2023-10-21 16:00:00,10.052,22.82
2023-10-21 17:00:00,10.347,24.26
2023-10-21 18:00:00,10.819,23.31
2023-10-21 19:00:00,10.887,25.79
2023-10-21 20:00:00,10.419,23.31
2023-10-21 21:00:00,6.877,26.2
2023-10-21 22:00:00,5.677,24.07
2023-10-21 23:00:00,4.276,18.66
2023-10-22 00:00:00,3.253,27.36
2023-10-22 01:00:00,3.966,20.99
2023-10-22 02:00:00,4.324,25.13
2023-10-22 03:00:00,3.72,22.19
2023-10-22 04:00:00,5.648,24.26
2023-10-22 05:00:00,5.938,20.76
2023-10-22 06:00:00,8.034,23.39
2023-10-22 07:00:00,10.373,21.63
2023-10-22 08:00:00,11.499,25.3
2023-10-22 09:00:00,12.253,23.02
2023-10-22 10:00:00,12.095,24.01
2023-10-22 11:00:00,12.202,17.81
2023-10-22 12:00:00,11.781,21.97
2023-10-22 13:00:00,11.215,22.96
2023-10-22 14:00:00,10.532,22.59
2023-10-22 15:00:00,10.639,24.06
2023-10-22 16:00:00,9.83,21.41
2023-10-22 17:00:00,10.473,22.24
2023-10-22 18:00:00,11.504,24.5
2023-10-22 19:00:00,11.215,17.58
2023-10-22 20:00:00,9.399,23.32
2023-10-22 21:00:00,8.518,21.47
2023-10-22 22:00:00,6.295,20.31
2023-10-22 23:00:00,4.623,22.81
2023-10-23 00:00:00,3.736,24.47
2023-10-23 01:00:00,5.454,24.09
2023-10-23 02:00:00,5.424,21.74
2023-10-23 03:00:00,6.728,23.76
2023-10-23 04:00:00,7.875,23.75
2023-10-23 05:00:00,7.018,21.84
2023-10-23 06:00:00,8.638,20.62
2023-10-23 07:00:00,9.569,20.74
2023-10-23 08:00:00,13.64,23.69
2023-10-23 09:00:00,14.642,21.93
2023-10-23 10:00:00,14.625,19.92
2023-10-23 11:00:00,13.465,18.64
2023-10-23 12:00:00,13.399,23.67
2023-10-23 13:00:00,12.946,20.92
2023-10-23 14:00:00,12.899,22.67
2023-10-23 15:00:00,12.504,24.49
2023-10-23 16:00:00,12.911,19.39
2023-10-23 17:00:00,12.732,21.92
2023-10-23 18:00:00,13.653,21.67
2023-10-23 19:00:00,12.768,22.77
2023-10-23 20:00:00,10.281,24.49
2023-10-23 21:00:00,9.832,19.35
2023-10-23 22:00:00,7.734,23.15
2023-10-23 23:00:00,5.878,24.07
2023-10-24 00:00:00,4.626,21.51
2023-10-24 01:00:00,5.589,21.61
2023-10-24 02:00:00,4.022,22.72
2023-10-24 03:00:00,6.408,22.57
2023-10-24 04:00:00,6.31,23.05
2023-10-24 05:00:00,8.491,23.01
2023-10-24 06:00:00,9.536,19.92
2023-10-24 07:00:00,10.592,23.86
2023-10-24 08:00:00,12.844,24.22
2023-10-24 09:00:00,14.898,22.26
2023-10-24 10:00:00,14.52,18.89
2023-10-24 11:00:00,13.775,21.65
2023-10-24 12:00:00,13.09,22.27
2023-10-24 13:00:00,13.293,19.59
2023-10-24 14:00:00,13.518,21.16
2023-10-24 15:00:00,11.111,19.06
2023-10-24 16:00:00,14.185,23.1
2023-10-24 17:00:00,12.966,22.21
2023-10-24 18:00:00,13.421,18.59
2023-10-24 19:00:00,12.161,22.59
2023-10-24 20:00:00,10.978,21.77
2023-10-24 21:00:00,9.101,22.92
2023-10-24 22:00:00,6.401,21.1
2023-10-24 23:00:00,5.141,20.28
2023-10-25 00:00:00,5.229,20.21
2023-10-25 01:00:00,3.713,20.68
2023-10-25 02:00:00,5.301,21.79
2023-10-25 03:00:00,5.476,22.05
2023-10-25 04:00:00,6.052,21.38
2023-10-25 05:00:00,9.057,20.91
2023-10-25 06:00:00,8.902,21.05
2023-10-25 07:00:00,10.852,26.77
2023-10-25 08:00:00,13.054,20.22
2023-10-25 09:00:00,13.875,20.64
2023-10-25 10:00:00,14.932,28.34
2023-10-25 11:00:00,14.281,22.6
2023-10-25 12:00:00,13.717,19.0
2023-10-25 13:00:00,12.842,23.44
2023-10-25 14:00:00,12.112,19.94
2023-10-25 15:00:00,12.77,23.57
2023-10-25 16:00:00,12.469,21.33
2023-10-25 17:00:00,12.594,20.88
2023-10-25 18:00:00,13.976,24.97
2023-10-25 19:00:00,12.391,22.89
2023-10-25 20:00:00,11.696,23.7
2023-10-25 21:00:00,9.756,22.63
2023-10-25 22:00:00,7.845,20.87
2023-10-25 23:00:00,6.061,22.98
2023-10-26 00:00:00,4.565,24.05
2023-10-26 01:00:00,4.631,21.9
2023-10-26 02:00:00,5.012,25.23
2023-10-26 03:00:00,4.451,23.33
2023-10-26 04:00:00,7.095,22.06
2023-10-26 05:00:00,8.05,22.13
2023-10-26 06:00:00,10.001,21.91
2023-10-26 07:00:00,11.383,19.13
2023-10-26 08:00:00,13.581,21.45
2023-10-26 09:00:00,13.534,22.07
2023-10-26 10:00:00,13.955,20.8
2023-10-26 11:00:00,12.739,22.31
2023-10-26 12:00:00,13.463,21.67
2023-10-26 13:00:00,12.486,23.18
2023-10-26 14:00:00,12.004,22.96
2023-10-26 15:00:00,12.604,21.97
2023-10-26 16:00:00,12.393,18.9
2023-10-26 17:00:00,12.143,25.21
2023-10-26 18:00:00,14.587,21.35
2023-10-26 19:00:00,12.477,21.47
2023-10-26 20:00:00,10.415,20.95
2023-10-26 21:00:00,8.668,20.65
2023-10-26 22:00:00,7.056,24.72
2023-10-26 23:00:00,5.619,24.4
2023-10-27 00:00:00,5.355,22.4
2023-10-27 01:00:00,4.666,21.29
2023-10-27 02:00:00,6.232,22.75
2023-10-27 03:00:00,5.518,21.65
2023-10-27 04:00:00,6.966,21.13
2023-10-27 05:00:00,8.556,22.18
2023-10-27 06:00:00,10.278,20.62
2023-10-27 07:00:00,12.214,22.01
2023-10-27 08:00:00,13.056,21.92
2023-10-27 09:00:00,14.401,22.71
2023-10-27 10:00:00,13.221,20.27
2023-10-27 11:00:00,14.153,22.93
2023-10-27 12:00:00,14.28,19.69
2023-10-27 13:00:00,13.538,20.36
2023-10-27 14:00:00,12.546,20.45
2023-10-27 15:00:00,13.518,19.36
2023-10-27 16:00:00,12.4,23.54
2023-10-27 17:00:00,12.577,19.57
2023-10-27 18:00:00,12.844,20.11
2023-10-27 19:00:00,11.896,24.02
2023-10-27 20:00:00,11.491,20.37
2023-10-27 21:00:00,9.274,21.13
2023-10-27 22:00:00,7.557,19.48
2023-10-27 23:00:00,5.48,23.17
2023-10-28 00:00:00,3.988,23.08
2023-10-28 01:00:00,2.829,22.86
2023-10-28 02:00:00,4.702,22.46
2023-10-28 03:00:00,5.098,21.53
2023-10-28 04:00:00,5.187,20.33
2023-10-28 05:00:00,6.856,19.75
2023-10-28 06:00:00,8.117,23.96
2023-10-28 07:00:00,10.905,22.91
2023-10-28 08:00:00,10.759,20.0
2023-10-28 09:00:00,12.569,21.46
2023-10-28 10:00:00,11.967,20.78
2023-10-28 11:00:00,11.982,19.13
2023-10-28 12:00:00,11.839,21.74
2023-10-28 13:00:00,11.048,20.55
2023-10-28 14:00:00,10.866,19.48
2023-10-28 15:00:00,11.006,18.43
2023-10-28 16:00:00,10.663,18.26
2023-10-28 17:00:00,11.688,20.64
2023-10-28 18:00:00,11.08,21.21
2023-10-28 19:00:00,10.769,19.63
2023-10-28 20:00:00,9.779,22.68
2023-10-28 21:00:00,7.998,21.25
2023-10-28 22:00:00,6.585,22.54
2023-10-28 23:00:00,5.185,21.02
2023-10-29 00:00:00,4.38,19.69
2023-10-29 01:00:00,3.979,21.49
2023-10-29 02:00:00,3.96,18.74
2023-10-29 03:00:00,4.224,22.34
2023-10-29 04:00:00,4.92,19.39
2023-10-29 05:00:00,7.988,23.1
2023-10-29 06:00:00,6.972,20.58
2023-10-29 07:00:00,10.614,23.39
2023-10-29 08:00:00,10.984,19.02
2023-10-29 09:00:00,13.157,19.91
2023-10-29 10:00:00,11.33,22.02
2023-10-29 11:00:00,12.173,23.6
2023-10-29 12:00:00,12.641,24.59
2023-10-29 13:00:00,11.632,21.34
2023-10-29 14:00:00,10.727,24.94
2023-10-29 15:00:00,9.594,20.68
2023-10-29 16:00:00,10.112,23.46
2023-10-29 17:00:00,12.074,19.38
2023-10-29 18:00:00,11.092,22.1
2023-10-29 19:00:00,11.017,16.58
2023-10-29 20:00:00,9.842,19.02
2023-10-29 21:00:00,7.119,22.19
2023-10-29 22:00:00,6.574,18.64
2023-10-29 23:00:00,4.778,22.12
2023-10-30 00:00:00,4.882,22.95
2023-10-30 01:00:00,4.517,20.14
2023-10-30 02:00:00,4.36,19.2
2023-10-30 03:00:00,5.673,20.19
2023-10-30 04:00:00,7.277,19.21
2023-10-30 05:00:00,8.315,20.94
2023-10-30 06:00:00,9.694,21.34
2023-10-30 07:00:00,12.11,20.53
2023-10-30 08:00:00,13.273,24.49
2023-10-30 09:00:00,14.603,19.7
2023-10-30 10:00:00,14.553,23.92
2023-10-30 11:00:00,15.033,19.06
2023-10-30 12:00:00,13.889,21.29
2023-10-30 13:00:00,12.789,23.51
2023-10-30 14:00:00,11.827,23.4
2023-10-30 15:00:00,13.256,20.3
2023-10-30 16:00:00,12.292,22.25
2023-10-30 17:00:00,13.13,21.98
2023-10-30 18:00:00,14.664,20.06
2023-10-30 19:00:00,13.145,22.37
2023-10-30 20:00:00,12.255,24.86
2023-10-30 21:00:00,8.899,22.08
2023-10-30 22:00:00,7.91,22.27
2023-10-30 23:00:00,5.862,22.48
2023-10-31 00:00:00,5.084,18.1
2023-10-31 01:00:00,6.092,21.94
2023-10-31 02:00:00,5.19,18.99
2023-10-31 03:00:00,5.996,19.84
2023-10-31 04:00:00,6.422,25.34
2023-10-31 05:00:00,8.664,20.51
2023-10-31 06:00:00,9.429,19.54
2023-10-31 07:00:00,12.225,23.33
2023-10-31 08:00:00,12.466,19.12
2023-10-31 09:00:00,14.929,20.13
2023-10-31 10:00:00,14.488,23.52
2023-10-31 11:00:00,14.879,21.11
2023-10-31 12:00:00,13.88,17.9
2023-10-31 13:00:00,12.828,22.11
2023-10-31 14:00:00,12.542,20.23
2023-10-31 15:00:00,12.139,24.1
2023-10-31 16:00:00,13.323,19.81
2023-10-31 17:00:00,12.511,23.12
2023-10-31 18:00:00,13.16,24.57
2023-10-31 19:00:00,12.972,19.32
2023-10-31 20:00:00,12.25,20.63
2023-10-31 21:00:00,9.26,21.8
2023-10-31 22:00:00,7.224,19.31
2023-10-31 23:00:00,6.054,21.56
2023-11-01 00:00:00,3.563,20.45
2023-11-01 01:00:00,4.226,20.41
2023-11-01 02:00:00,5.113,21.0
2023-11-01 03:00:00,5.572,21.04
2023-11-01 04:00:00,5.964,21.23
2023-11-01 05:00:00,8.715,19.7
2023-11-01 06:00:00,9.956,19.79
2023-11-01 07:00:00,11.741,20.66
2023-11-01 08:00:00,13.03,20.81
2023-11-01 09:00:00,14.695,20.02
2023-11-01 10:00:00,15.211,21.55
2023-11-01 11:00:00,14.499,17.27
2023-11-01 12:00:00,14.118,19.44
2023-11-01 13:00:00,12.738,20.34
2023-11-01 14:00:00,12.916,19.19
2023-11-01 15:00:00,13.382,24.16
2023-11-01 16:00:00,13.575,20.94
2023-11-01 17:00:00,13.976,21.25
2023-11-01 18:00:00,13.517,19.93
2023-11-01 19:00:00,12.782,20.87
2023-11-01 20:00:00,11.142,18.47
2023-11-01 21:00:00,8.243,20.56
2023-11-01 22:00:00,6.62,19.03
2023-11-01 23:00:00,5.854,20.35
2023-11-02 00:00:00,5.09,15.66
2023-11-02 01:00:00,5.915,18.53
2023-11-02 02:00:00,6.188,23.71
2023-11-02 03:00:00,5.628,22.44
2023-11-02 04:00:00,7.472,23.42
2023-11-02 05:00:00,7.937,23.56
2023-11-02 06:00:00,10.217,22.13
2023-11-02 07:00:00,12.208,19.88
2023-11-02 08:00:00,14.313,18.71
2023-11-02 09:00:00,14.376,23.08
2023-11-02 10:00:00,15.565,20.91
2023-11-02 11:00:00,13.515,25.77
2023-11-02 12:00:00,14.653,20.05
2023-11-02 13:00:00,13.284,24.73
2023-11-02 14:00:00,12.856,20.47
2023-11-02 15:00:00,11.499,23.46
2023-11-02 16:00:00,12.678,24.18
2023-11-02 17:00:00,14.12,18.74
2023-11-02 18:00:00,13.14,19.81
2023-11-02 19:00:00,13.312,18.72
2023-11-02 20:00:00,11.486,18.32
2023-11-02 21:00:00,9.994,22.12
2023-11-02 22:00:00,7.538,20.39
2023-11-02 23:00:00,5.43,20.89
2023-11-03 00:00:00,4.914,21.78
2023-11-03 01:00:00,6.182,16.95
2023-11-03 02:00:00,5.733,23.24
2023-11-03 03:00:00,6.048,19.97
2023-11-03 04:00:00,8.366,21.73
2023-11-03 05:00:00,8.946,21.91
2023-11-03 06:00:00,10.36,23.41
2023-11-03 07:00:00,11.944,20.46
2023-11-03 08:00:00,14.215,16.42
2023-11-03 09:00:00,15.178,20.78
2023-11-03 10:00:00,13.69,21.07
2023-11-03 11:00:00,14.901,18.6
2023-11-03 12:00:00,13.803,20.96
2023-11-03 13:00:00,13.02,19.94
2023-11-03 14:00:00,12.898,17.98
2023-11-03 15:00:00,11.818,22.01
2023-11-03 16:00:00,11.885,19.54
2023-11-03 17:00:00,14.053,19.85
2023-11-03 18:00:00,13.722,19.74
2023-11-03 19:00:00,11.407,23.14
2023-11-03 20:00:00,11.074,20.59
2023-11-03 21:00:00,9.943,20.83
2023-11-03 22:00:00,7.32,19.79
2023-11-03 23:00:00,6.774,21.59
2023-11-04 00:00:00,4.97,23.25
2023-11-04 01:00:00,3.63,21.85
2023-11-04 02:00:00,4.703,21.93
2023-11-04 03:00:00,5.083,21.76
2023-11-04 04:00:00,5.448,17.79
2023-11-04 05:00:00,6.402,18.8
2023-11-04 06:00:00,8.099,20.14
2023-11-04 07:00:00,9.837,19.1
2023-11-04 08:00:00,11.95,18.42
2023-11-04 09:00:00,13.524,16.81
2023-11-04 10:00:00,13.369,17.86
2023-11-04 11:00:00,13.046,20.04
2023-11-04 12:00:00,11.847,20.41
2023-11-04 13:00:00,11.908,18.97
2023-11-04 14:00:00,11.057,20.71
2023-11-04 15:00:00,10.796,19.68
2023-11-04 16:00:00,12.304,22.73
2023-11-04 17:00:00,10.084,20.23
2023-11-04 18:00:00,10.449,21.94
2023-11-04 19:00:00,11.336,20.96
2023-11-04 20:00:00,9.859,17.75
2023-11-04 21:00:00,7.331,20.37
2023-11-04 22:00:00,6.001,18.08
2023-11-04 23:00:00,4.769,20.34
2023-11-05 00:00:00,4.986,18.95
2023-11-05 01:00:00,5.225,21.2
2023-11-05 02:00:00,5.965,17.75
2023-11-05 03:00:00,4.465,20.47
2023-11-05 04:00:00,5.369,21.58
2023-11-05 05:00:00,6.38,22.25
2023-11-05 06:00:00,9.453,18.91
2023-11-05 07:00:00,10.471,20.47
2023-11-05 08:00:00,11.785,20.81
2023-11-05 09:00:00,12.886,23.53
2023-11-05 10:00:00,13.101,17.48
2023-11-05 11:00:00,12.032,18.62
2023-11-05 12:00:00,12.474,26.05
2023-11-05 13:00:00,11.445,19.89
2023-11-05 14:00:00,10.689,16.66
2023-11-05 15:00:00,11.47,19.27
2023-11-05 16:00:00,11.357,14.9
2023-11-05 17:00:00,11.651,20.92
2023-11-05 18:00:00,11.546,22.06
2023-11-05 19:00:00,11.772,18.61
2023-11-05 20:00:00,10.103,19.5
2023-11-05 21:00:00,7.691,22.29
2023-11-05 22:00:00,6.957,16.94
2023-11-05 23:00:00,5.704,17.79
2023-11-06 00:00:00,5.367,19.87
2023-11-06 01:00:00,5.864,18.82
2023-11-06 02:00:00,5.238,19.74
2023-11-06 03:00:00,6.771,17.8
2023-11-06 04:00:00,6.134,20.75
2023-11-06 05:00:00,8.354,20.03
2023-11-06 06:00:00,9.836,21.42
2023-11-06 07:00:00,12.761,20.73
2023-11-06 08:00:00,13.591,20.74
2023-11-06 09:00:00,15.385,17.43
2023-11-06 10:00:00,14.084,21.31
2023-11-06 11:00:00,14.548,19.66
2023-11-06 12:00:00,13.56,19.99
2023-11-06 13:00:00,14.917,22.42
2023-11-06 14:00:00,12.708,18.89
2023-11-06 15:00:00,12.948,23.03
2023-11-06 16:00:00,13.151,23.21
2023-11-06 17:00:00,12.459,21.83
2023-11-06 18:00:00,13.339,18.36
2023-11-06 19:00:00,13.524,15.95
2023-11-06 20:00:00,11.602,22.48
2023-11-06 21:00:00,8.184,20.55
2023-11-06 22:00:00,7.333,18.84
2023-11-06 23:00:00,6.786,22.67
2023-11-07 00:00:00,5.525,18.49
2023-11-07 01:00:00,5.997,19.37
2023-11-07 02:00:00,5.029,21.26
2023-11-07 03:00:00,7.176,17.99
2023-11-07 04:00:00,7.211,20.0
2023-11-07 05:00:00,9.401,22.39
2023-11-07 06:00:00,10.064,20.64
2023-11-07 07:00:00,10.704,22.71
2023-11-07 08:00:00,14.232,22.48
2023-11-07 09:00:00,14.661,20.23
2023-11-07 10:00:00,15.295,15.54
2023-11-07 11:00:00,14.021,18.0
2023-11-07 12:00:00,15.059,21.74
2023-11-07 13:00:00,13.358,17.11
2023-11-07 14:00:00,14.072,19.56
2023-11-07 15:00:00,12.696,20.89
2023-11-07 16:00:00,12.567,23.15
2023-11-07 17:00:00,14.322,19.06
2023-11-07 18:00:00,13.629,18.93
2023-11-07 19:00:00,13.029,20.11
2023-11-07 20:00:00,10.838,20.92
2023-11-07 21:00:00,9.357,19.91
2023-11-07 22:00:00,7.9,22.31
2023-11-07 23:00:00,5.531,18.62
2023-11-08 00:00:00,4.822,20.35
2023-11-08 01:00:00,5.016,21.0
2023-11-08 02:00:00,5.764,19.3
2023-11-08 03:00:00,7.216,21.78
2023-11-08 04:00:00,7.095,20.4
2023-11-08 05:00:00,8.08,21.68
2023-11-08 06:00:00,11.763,20.49
2023-11-08 07:00:00,11.729,20.86
2023-11-08 08:00:00,13.736,18.84
2023-11-08 09:00:00,14.817,18.84
2023-11-08 10:00:00,15.073,22.55
2023-11-08 11:00:00,14.865,21.38
2023-11-08 12:00:00,14.811,18.06
2023-11-08 13:00:00,13.791,20.47
2023-11-08 14:00:00,14.129,15.36
2023-11-08 15:00:00,13.695,18.96
2023-11-08 16:00:00,13.288,22.03
2023-11-08 17:00:00,13.774,19.85
2023-11-08 18:00:00,14.335,20.34
2023-11-08 19:00:00,12.924,14.07
2023-11-08 20:00:00,13.204,19.32
2023-11-08 21:00:00,9.351,20.78
2023-11-08 22:00:00,7.489,21.04
2023-11-08 23:00:00,5.542,22.03
2023-11-09 00:00:00,4.511,19.58
2023-11-09 01:00:00,5.939,19.67
2023-11-09 02:00:00,7.252,17.33
2023-11-09 03:00:00,6.085,19.59
2023-11-09 04:00:00,7.678,17.47
2023-11-09 05:00:00,8.936,16.3
2023-11-09 06:00:00,10.887,17.83
2023-11-09 07:00:00,13.368,23.01
2023-11-09 08:00:00,14.785,19.46
2023-11-09 09:00:00,14.878,20.44
2023-11-09 10:00:00,15.677,18.97
2023-11-09 11:00:00,15.491,16.42
2023-11-09 12:00:00,14.173,21.87
2023-11-09 13:00:00,13.245,15.65
2023-11-09 14:00:00,12.778,18.89
2023-11-09 15:00:00,13.769,19.89
2023-11-09 16:00:00,13.983,20.46
2023-11-09 17:00:00,13.532,18.54
2023-11-09 18:00:00,14.112,16.32
2023-11-09 19:00:00,13.961,18.39
2023-11-09 20:00:00,10.773,18.5
2023-11-09 21:00:00,9.53,18.45
2023-11-09 22:00:00,8.953,21.94
2023-11-09 23:00:00,6.656,17.57
2023-11-10 00:00:00,4.565,20.49
2023-11-10 01:00:00,5.457,20.21
2023-11-10 02:00:00,6.38,21.81
2023-11-10 03:00:00,4.946,19.62
2023-11-10 04:00:00,7.464,21.47
2023-11-10 05:00:00,8.419,19.55
2023-11-10 06:00:00,9.225,20.76
2023-11-10 07:00:00,12.337,16.88
2023-11-10 08:00:00,14.226,14.61
2023-11-10 09:00:00,15.053,20.65
2023-11-10 10:00:00,15.141,20.75
2023-11-10 11:00:00,14.314,20.84
2023-11-10 12:00:00,13.442,18.84
2023-11-10 13:00:00,13.222,22.87
2023-11-10 14:00:00,13.819,18.97
2023-11-10 15:00:00,13.248,20.73
2023-11-10 16:00:00,13.229,21.08
2023-11-10 17:00:00,13.002,23.33
2023-11-10 18:00:00,13.584,19.26
2023-11-10 19:00:00,13.724,18.58
2023-11-10 20:00:00,12.26,16.89
2023-11-10 21:00:00,9.469,22.99
2023-11-10 22:00:00,6.239,20.73
2023-11-10 23:00:00,5.976,20.8
2023-11-11 00:00:00,4.515,26.02
2023-11-11 01:00:00,4.267,20.43
2023-11-11 02:00:00,5.074,17.18
2023-11-11 03:00:00,6.243,19.39
2023-11-11 04:00:00,6.603,17.84
2023-11-11 05:00:00,8.206,18.99
2023-11-11 06:00:00,8.071,18.98
2023-11-11 07:00:00,10.41,18.61
2023-11-11 08:00:00,11.062,17.0
2023-11-11 09:00:00,12.781,22.97
2023-11-11 10:00:00,12.665,20.38
2023-11-11 11:00:00,13.738,19.33
2023-11-11 12:00:00,12.584,21.3
2023-11-11 13:00:00,12.442,20.73
2023-11-11 14:00:00,11.245,20.34
2023-11-11 15:00:00,10.759,21.15
2023-11-11 16:00:00,10.908,20.05
2023-11-11 17:00:00,11.97,21.13
2023-11-11 18:00:00,13.011,21.29
2023-11-11 19:00:00,11.721,20.11
2023-11-11 20:00:00,10.052,19.34
2023-11-11 21:00:00,8.412,22.85
2023-11-11 22:00:00,6.92,18.83
2023-11-11 23:00:00,6.881,20.57
2023-11-12 00:00:00,5.484,20.51
2023-11-12 01:00:00,5.099,18.46
2023-11-12 02:00:00,5.377,18.07
2023-11-12 03:00:00,6.003,18.97
2023-11-12 04:00:00,6.922,18.7
2023-11-12 05:00:00,7.563,16.76
2023-11-12 06:00:00,8.552,18.38
2023-11-12 07:00:00,11.198,20.21
2023-11-12 08:00:00,12.09,22.21
2023-11-12 09:00:00,13.661,20.79
2023-11-12 10:00:00,14.762,14.48
2023-11-12 11:00:00,13.285,20.96
2023-11-12 12:00:00,12.695,18.56
2023-11-12 13:00:00,13.808,20.59
2023-11-12 14:00:00,11.7,19.65
2023-11-12 15:00:00,10.821,19.3
2023-11-12 16:00:00,11.442,19.48
2023-11-12 17:00:00,12.832,19.64
2023-11-12 18:00:00,11.196,22.37
2023-11-12 19:00:00,11.089,19.64
2023-11-12 20:00:00,10.936,21.85
2023-11-12 21:00:00,8.409,21.56
2023-11-12 22:00:00,6.851,21.02
2023-11-12 23:00:00,6.622,16.11
2023-11-13 00:00:00,4.948,21.81
2023-11-13 01:00:00,4.723,18.66
2023-11-13 02:00:00,5.094,21.01
2023-11-13 03:00:00,7.084,17.63
2023-11-13 04:00:00,7.848,17.21
2023-11-13 05:00:00,8.351,23.53
2023-11-13 06:00:00,9.806,17.67
2023-11-13 07:00:00,12.07,21.87
2023-11-13 08:00:00,14.733,19.82
2023-11-13 09:00:00,14.79,18.74
2023-11-13 10:00:00,15.143,19.49
2023-11-13 11:00:00,14.557,16.98
2023-11-13 12:00:00,14.216,19.55
2023-11-13 13:00:00,14.155,17.41
2023-11-13 14:00:00,14.735,18.79
2023-11-13 15:00:00,13.382,21.43
2023-11-13 16:00:00,13.414,20.09
2023-11-13 17:00:00,14.515,16.61
2023-11-13 18:00:00,14.324,21.28
2023-11-13 19:00:00,13.043,19.56
2023-11-13 20:00:00,13.381,18.49
2023-11-13 21:00:00,9.893,21.07
2023-11-13 22:00:00,8.149,19.24
2023-11-13 23:00:00,7.035,17.25
2023-11-14 00:00:00,5.648,23.17
2023-11-14 01:00:00,6.534,19.44
2023-11-14 02:00:00,5.675,19.32
2023-11-14 03:00:00,7.193,18.67
2023-11-14 04:00:00,7.66,21.84
2023-11-14 05:00:00,9.491,18.43
2023-11-14 06:00:00,10.526,16.39
2023-11-14 07:00:00,12.194,18.12
2023-11-14 08:00:00,14.516,22.13
2023-11-14 09:00:00,15.478,21.14
2023-11-14 10:00:00,15.123,18.97
2023-11-14 11:00:00,15.928,22.23
2023-11-14 12:00:00,14.888,20.97
2023-11-14 13:00:00,13.865,18.95
2023-11-14 14:00:00,13.22,19.15
2023-11-14 15:00:00,13.546,20.14
2023-11-14 16:00:00,14.005,17.81
2023-11-14 17:00:00,12.911,19.49
2023-11-14 18:00:00,14.208,20.1
2023-11-14 19:00:00,14.063,16.1
2023-11-14 20:00:00,10.609,19.1
2023-11-14 21:00:00,10.148,18.87
2023-11-14 22:00:00,8.416,21.53
2023-11-14 23:00:00,7.232,15.79
2023-11-15 00:00:00,6.054,18.62
2023-11-15 01:00:00,5.524,18.42
2023-11-15 02:00:00,5.403,21.3
2023-11-15 03:00:00,5.664,19.29
2023-11-15 04:00:00,8.275,22.97
2023-11-15 05:00:00,9.287,20.7
2023-11-15 06:00:00,11.25,18.56
2023-11-15 07:00:00,11.937,19.86
2023-11-15 08:00:00,14.699,18.67
2023-11-15 09:00:00,14.414,21.1
2023-11-15 10:00:00,15.295,16.72
2023-11-15 11:00:00,15.394,17.73
2023-11-15 12:00:00,14.913,20.29
2023-11-15 13:00:00,14.895,21.83
2023-11-15 14:00:00,13.738,14.98
2023-11-15 15:00:00,12.833,22.13
2023-11-15 16:00:00,13.037,19.1
2023-11-15 17:00:00,13.782,15.61
2023-11-15 18:00:00,15.933,13.38
2023-11-15 19:00:00,14.158,16.32
2023-11-15 20:00:00,12.729,19.34
2023-11-15 21:00:00,9.921,19.25
2023-11-15 22:00:00,8.063,20.65
2023-11-15 23:00:00,7.157,18.28
2023-11-16 00:00:00,5.424,17.07
2023-11-16 01:00:00,5.595,18.46
2023-11-16 02:00:00,5.726,19.35
2023-11-16 03:00:00,6.509,19.74
2023-11-16 04:00:00,7.841,17.7
2023-11-16 05:00:00,8.417,21.09
2023-11-16 06:00:00,10.803,18.04
2023-11-16 07:00:00,12.717,17.54
2023-11-16 08:00:00,14.188,18.2
2023-11-16 09:00:00,14.867,21.43
2023-11-16 10:00:00,15.78,19.02
2023-11-16 11:00:00,15.056,17.89
2023-11-16 12:00:00,14.577,21.13
2023-11-16 13:00:00,14.617,23.57
2023-11-16 14:00:00,12.829,19.7
2023-11-16 15:00:00,14.708,21.75
2023-11-16 16:00:00,13.532,21.35
2023-11-16 17:00:00,14.291,18.07
2023-11-16 18:00:00,13.662,19.34
2023-11-16 19:00:00,14.406,16.72
2023-11-16 20:00:00,12.059,18.87
2023-11-16 21:00:00,9.945,18.03
2023-11-16 22:00:00,7.855,18.48
2023-11-16 23:00:00,6.659,17.78
2023-11-17 00:00:00,5.927,18.61
2023-11-17 01:00:00,5.849,20.25
2023-11-17 02:00:00,6.177,18.95
2023-11-17 03:00:00,6.704,15.46
2023-11-17 04:00:00,7.402,17.69
2023-11-17 05:00:00,8.952,16.15
2023-11-17 06:00:00,10.877,19.68
2023-11-17 07:00:00,12.862,20.19
2023-11-17 08:00:00,14.752,19.7
2023-11-17 09:00:00,15.566,17.61
2023-11-17 10:00:00,15.97,19.68
2023-11-17 11:00:00,15.287,18.25
2023-11-17 12:00:00,13.757,16.91
2023-11-17 13:00:00,13.875,20.67
2023-11-17 14:00:00,13.376,20.82
2023-11-17 15:00:00,12.838,21.08
2023-11-17 16:00:00,13.413,17.97
2023-11-17 17:00:00,14.054,21.55
2023-11-17 18:00:00,13.544,18.2
2023-11-17 19:00:00,13.14,20.49
2023-11-17 20:00:00,13.154,18.17
2023-11-17 21:00:00,9.23,18.74
2023-11-17 22:00:00,8.512,14.34
2023-11-17 23:00:00,6.123,18.58
2023-11-18 00:00:00,4.644,19.28
2023-11-18 01:00:00,5.145,18.27
2023-11-18 02:00:00,4.907,22.61
2023-11-18 03:00:00,6.623,16.77
2023-11-18 04:00:00,7.788,17.97
2023-11-18 05:00:00,8.583,17.28
2023-11-18 06:00:00,10.008,17.97
2023-11-18 07:00:00,10.04,21.16
2023-11-18 08:00:00,12.24,22.05
2023-11-18 09:00:00,13.819,17.69
2023-11-18 10:00:00,14.306,17.65
2023-11-18 11:00:00,14.543,16.78
2023-11-18 12:00:00,13.337,21.71
2023-11-18 13:00:00,12.722,21.34
2023-11-18 14:00:00,13.499,18.88
2023-11-18 15:00:00,12.044,16.3
2023-11-18 16:00:00,11.939,16.48
2023-11-18 17:00:00,12.324,19.43
2023-11-18 18:00:00,11.758,20.19
2023-11-18 19:00:00,12.242,14.96
2023-11-18 20:00:00,9.646,18.45
2023-11-18 21:00:00,8.563,22.33
2023-11-18 22:00:00,7.239,18.66
2023-11-18 23:00:00,6.579,22.07
2023-11-19 00:00:00,5.777,20.3
2023-11-19 01:00:00,4.839,16.83
2023-11-19 02:00:00,6.896,18.42
2023-11-19 03:00:00,6.285,18.74
2023-11-19 04:00:00,7.235,17.1
2023-11-19 05:00:00,7.176,17.06
2023-11-19 06:00:00,8.943,22.01
2023-11-19 07:00:00,11.74,17.05
2023-11-19 08:00:00,12.545,21.16
2023-11-19 09:00:00,13.626,18.13
2023-11-19 10:00:00,13.894,18.95
2023-11-19 11:00:00,12.487,20.13
2023-11-19 12:00:00,12.829,17.8
2023-11-19 13:00:00,13.105,20.14
2023-11-19 14:00:00,12.946,14.91
2023-11-19 15:00:00,11.738,19.88
2023-11-19 16:00:00,13.362,14.06
2023-11-19 17:00:00,11.556,18.55
2023-11-19 18:00:00,11.763,20.71
2023-11-19 19:00:00,13.0,20.25
2023-11-19 20:00:00,11.23,16.4
2023-11-19 21:00:00,8.986,16.66
2023-11-19 22:00:00,7.39,17.62
2023-11-19 23:00:00,5.632,19.37
2023-11-20 00:00:00,6.313,14.85
2023-11-20 01:00:00,6.071,18.88
2023-11-20 02:00:00,6.341,19.53
2023-11-20 03:00:00,6.354,18.35
2023-11-20 04:00:00,8.062,19.96
2023-11-20 05:00:00,8.847,19.36
2023-11-20 06:00:00,10.259,17.83
2023-11-20 07:00:00,13.74,15.04
2023-11-20 08:00:00,15.751,19.18
2023-11-20 09:00:00,16.932,17.01
2023-11-20 10:00:00,16.385,17.75
2023-11-20 11:00:00,15.306,19.87
2023-11-20 12:00:00,14.707,21.75
2023-11-20 13:00:00,14.468,18.84
2023-11-20 14:00:00,13.523,20.02
2023-11-20 15:00:00,14.686,16.02
2023-11-20 16:00:00,12.61,19.4
2023-11-20 17:00:00,14.031,18.79
2023-11-20 18:00:00,14.746,21.37
2023-11-20 19:00:00,13.335,17.83
2023-11-20 20:00:00,12.22,18.43
2023-11-20 21:00:00,10.625,21.03
2023-11-20 22:00:00,9.303,18.73
2023-11-20 23:00:00,6.333,16.69
2023-11-21 00:00:00,4.998,23.93
2023-11-21 01:00:00,5.586,16.67
2023-11-21 02:00:00,5.496,18.69
2023-11-21 03:00:00,6.163,19.52
2023-11-21 04:00:00,7.393,19.36
2023-11-21 05:00:00,10.001,18.44
2023-11-21 06:00:00,10.676,18.45
2023-11-21 07:00:00,12.769,18.35
2023-11-21 08:00:00,14.097,16.59
2023-11-21 09:00:00,16.008,23.12
2023-11-21 10:00:00,17.132,18.38
2023-11-21 11:00:00,14.979,20.02
2023-11-21 12:00:00,15.953,18.15
2023-11-21 13:00:00,14.535,18.11
2023-11-21 14:00:00,13.939,17.91
2023-11-21 15:00:00,14.215,15.72
2023-11-21 16:00:00,14.16,18.5
2023-11-21 17:00:00,15.418,18.01
2023-11-21 18:00:00,14.631,21.17
2023-11-21 19:00:00,14.326,16.43
2023-11-21 20:00:00,12.21,17.67
2023-11-21 21:00:00,11.013,17.03
2023-11-21 22:00:00,7.784,21.71
2023-11-21 23:00:00,7.193,17.08
2023-11-22 00:00:00,7.606,19.86
2023-11-22 01:00:00,4.488,20.68
2023-11-22 02:00:00,6.623,18.44
2023-11-22 03:00:00,7.497,15.98
2023-11-22 04:00:00,8.121,16.01
2023-11-22 05:00:00,9.106,20.46
2023-11-22 06:00:00,11.136,16.21
2023-11-22 07:00:00,12.592,19.52
2023-11-22 08:00:00,14.694,18.96
2023-11-22 09:00:00,15.426,19.49
2023-11-22 10:00:00,17.209,19.68
2023-11-22 11:00:00,15.59,16.87
2023-11-22 12:00:00,15.41,16.79
2023-11-22 13:00:00,13.871,20.17
2023-11-22 14:00:00,14.569,17.48
2023-11-22 15:00:00,14.765,13.24
2023-11-22 16:00:00,14.161,20.03
2023-11-22 17:00:00,13.838,16.66
2023-11-22 18:00:00,13.955,19.67
2023-11-22 19:00:00,14.817,21.52
2023-11-22 20:00:00,11.989,18.77
2023-11-22 21:00:00,10.76,20.73
2023-11-22 22:00:00,7.911,19.04
2023-11-22 23:00:00,7.59,21.91
2023-11-23 00:00:00,5.717,16.53
2023-11-23 01:00:00,5.539,18.63
2023-11-23 02:00:00,6.036,20.0
2023-11-23 03:00:00,6.873,18.27
2023-11-23 04:00:00,8.273,20.96
2023-11-23 05:00:00,9.444,17.79
2023-11-23 06:00:00,10.211,22.79
2023-11-23 07:00:00,12.734,22.9
2023-11-23 08:00:00,13.913,19.22
2023-11-23 09:00:00,16.144,19.76
2023-11-23 10:00:00,16.506,21.03
2023-11-23 11:00:00,15.829,16.28
2023-11-23 12:00:00,15.349,16.03
2023-11-23 13:00:00,15.352,21.16
2023-11-23 14:00:00,13.864,19.2
2023-11-23 15:00:00,13.31,18.2
2023-11-23 16:00:00,14.365,18.67
2023-11-23 17:00:00,14.125,13.88
2023-11-23 18:00:00,14.399,18.27
2023-11-23 19:00:00,13.683,17.15
2023-11-23 20:00:00,12.011,20.49
2023-11-23 21:00:00,10.277,20.64
2023-11-23 22:00:00,9.037,19.8
2023-11-23 23:00:00,7.751,19.44
2023-11-24 00:00:00,6.825,15.57
2023-11-24 01:00:00,6.319,19.75
2023-11-24 02:00:00,6.364,19.83
2023-11-24 03:00:00,5.736,21.06
2023-11-24 04:00:00,8.296,22.8
2023-11-24 05:00:00,8.314,15.18
2023-11-24 06:00:00,9.901,17.79
2023-11-24 07:00:00,12.89,17.08
2023-11-24 08:00:00,14.821,18.91
2023-11-24 09:00:00,15.59,18.6
2023-11-24 10:00:00,17.095,18.1
2023-11-24 11:00:00,15.923,20.62
2023-11-24 12:00:00,15.054,16.37
2023-11-24 13:00:00,15.42,16.49
2023-11-24 14:00:00,15.125,16.52
2023-11-24 15:00:00,14.256,17.85
2023-11-24 16:00:00,13.791,16.11
2023-11-24 17:00:00,14.096,18.47
2023-11-24 18:00:00,13.708,18.24
2023-11-24 19:00:00,14.079,17.0
2023-11-24 20:00:00,11.856,20.32
2023-11-24 21:00:00,10.365,18.45
2023-11-24 22:00:00,8.678,20.69
2023-11-24 23:00:00,6.011,18.18
2023-11-25 00:00:00,4.731,18.44
2023-11-25 01:00:00,5.373,17.36
2023-11-25 02:00:00,5.917,18.47
2023-11-25 03:00:00,6.151,19.91
2023-11-25 04:00:00,7.188,17.66
2023-11-25 05:00:00,7.878,19.52
2023-11-25 06:00:00,8.957,16.86
2023-11-25 07:00:00,10.926,20.01
2023-11-25 08:00:00,12.785,17.33
2023-11-25 09:00:00,13.582,20.19
2023-11-25 10:00:00,14.143,18.61
2023-11-25 11:00:00,13.879,21.53
2023-11-25 12:00:00,13.728,16.18
2023-11-25 13:00:00,12.488,15.54
2023-11-25 14:00:00,11.428,17.26
2023-11-25 15:00:00,13.157,15.72
2023-11-25 16:00:00,12.768,15.72
2023-11-25 17:00:00,11.986,19.73
2023-11-25 18:00:00,12.899,18.48
2023-11-25 19:00:00,12.959,17.53
2023-11-25 20:00:00,12.118,17.71
2023-11-25 21:00:00,9.56,17.29
2023-11-25 22:00:00,8.208,21.79
2023-11-25 23:00:00,5.835,17.02
2023-11-26 00:00:00,5.726,15.76
2023-11-26 01:00:00,5.384,20.0
2023-11-26 02:00:00,6.233,17.98
2023-11-26 03:00:00,7.429,22.49
2023-11-26 04:00:00,7.571,17.36
2023-11-26 05:00:00,7.768,20.1
2023-11-26 06:00:00,8.923,20.57
2023-11-26 07:00:00,12.422,17.37
2023-11-26 08:00:00,13.301,16.92
2023-11-26 09:00:00,14.095,19.89
2023-11-26 10:00:00,13.874,19.56
2023-11-26 11:00:00,14.164,15.59
2023-11-26 12:00:00,12.777,16.15
2023-11-26 13:00:00,13.415,13.34
2023-11-26 14:00:00,11.583,19.6
2023-11-26 15:00:00,12.047,17.88
2023-11-26 16:00:00,12.007,18.08
2023-11-26 17:00:00,11.001,15.03
2023-11-26 18:00:00,12.742,16.21
2023-11-26 19:00:00,11.833,17.45
2023-11-26 20:00:00,11.051,17.06
2023-11-26 21:00:00,9.372,18.64
2023-11-26 22:00:00,8.728,19.58
2023-11-26 23:00:00,6.6,22.95
2023-11-27 00:00:00,6.395,18.29
2023-11-27 01:00:00,6.536,20.56
2023-11-27 02:00:00,7.377,16.67
2023-11-27 03:00:00,7.956,14.98
2023-11-27 04:00:00,8.538,17.63
2023-11-27 05:00:00,10.259,15.14
2023-11-27 06:00:00,9.708,18.36
2023-11-27 07:00:00,14.412,16.77
2023-11-27 08:00:00,16.145,14.42
2023-11-27 09:00:00,16.044,21.8
2023-11-27 10:00:00,15.53,17.26
2023-11-27 11:00:00,16.888,15.06
2023-11-27 12:00:00,14.707,20.13
2023-11-27 13:00:00,15.021,16.87
2023-11-27 14:00:00,13.339,20.51
2023-11-27 15:00:00,15.502,16.86
2023-11-27 16:00:00,13.439,17.25
2023-11-27 17:00:00,14.585,19.02
2023-11-27 18:00:00,13.385,19.52
2023-11-27 19:00:00,14.061,19.87
2023-11-27 20:00:00,12.472,18.15
2023-11-27 21:00:00,11.344,19.39
2023-11-27 22:00:00,8.436,19.82
2023-11-27 23:00:00,7.999,18.73
2023-11-28 00:00:00,5.647,17.97
2023-11-28 01:00:00,6.452,15.37
2023-11-28 02:00:00,6.569,19.45
2023-11-28 03:00:00,7.741,18.34
2023-11-28 04:00:00,8.652,17.43
2023-11-28 05:00:00,9.947,20.81
2023-11-28 06:00:00,11.614,15.4
2023-11-28 07:00:00,13.385,21.54
2023-11-28 08:00:00,14.355,18.21
2023-11-28 09:00:00,16.271,18.89
2023-11-28 10:00:00,17.374,17.47
2023-11-28 11:00:00,15.216,14.92
2023-11-28 12:00:00,15.566,17.98
2023-11-28 13:00:00,15.02,18.93
2023-11-28 14:00:00,15.06,19.61
2023-11-28 15:00:00,14.576,17.86
2023-11-28 16:00:00,14.76,13.87
2023-11-28 17:00:00,15.15,15.17
2023-11-28 18:00:00,14.216,22.36
2023-11-28 19:00:00,14.145,16.07
2023-11-28 20:00:00,11.861,21.11
2023-11-28 21:00:00,11.799,16.39
2023-11-28 22:00:00,9.106,17.89
2023-11-28 23:00:00,6.777,19.51
2023-11-29 00:00:00,6.579,16.54
2023-11-29 01:00:00,7.014,21.37
2023-11-29 02:00:00,7.424,18.33
2023-11-29 03:00:00,6.893,19.11
2023-11-29 04:00:00,6.581,17.65
2023-11-29 05:00:00,9.836,19.5
2023-11-29 06:00:00,10.623,21.34
2023-11-29 07:00:00,13.539,17.92
2023-11-29 08:00:00,15.397,21.64
2023-11-29 09:00:00,16.878,16.96
2023-11-29 10:00:00,17.38,19.71
2023-11-29 11:00:00,16.676,19.16
2023-11-29 12:00:00,16.523,16.05
2023-11-29 13:00:00,15.504,18.61
2023-11-29 14:00:00,15.18,18.2
2023-11-29 15:00:00,14.269,16.48
2023-11-29 16:00:00,13.521,18.9
2023-11-29 17:00:00,16.155,18.48
2023-11-29 18:00:00,14.866,18.04
2023-11-29 19:00:00,15.005,18.05
2023-11-29 20:00:00,12.5,18.0
2023-11-29 21:00:00,11.445,17.45
2023-11-29 22:00:00,7.38,18.46
2023-11-29 23:00:00,7.286,16.9
2023-11-30 00:00:00,6.181,23.43
2023-11-30 01:00:00,6.998,15.29
2023-11-30 02:00:00,7.614,16.94
2023-11-30 03:00:00,6.964,17.1
2023-11-30 04:00:00,8.752,22.19
2023-11-30 05:00:00,10.671,15.47
2023-11-30 06:00:00,12.679,18.96
2023-11-30 07:00:00,13.595,18.61
2023-11-30 08:00:00,14.679,18.78
2023-11-30 09:00:00,15.305,20.58
2023-11-30 10:00:00,17.451,20.54
2023-11-30 11:00:00,16.541,17.21
2023-11-30 12:00:00,15.32,18.5
2023-11-30 13:00:00,14.122,14.38
2023-11-30 14:00:00,13.78,18.31
2023-11-30 15:00:00,14.714,16.52
2023-11-30 16:00:00,14.621,17.74
2023-11-30 17:00:00,13.865,14.74
2023-11-30 18:00:00,15.203,18.92
2023-11-30 19:00:00,13.672,14.72
2023-11-30 20:00:00,13.664,18.41
2023-11-30 21:00:00,11.194,15.66
2023-11-30 22:00:00,8.764,16.41
2023-11-30 23:00:00,7.984,20.42
2023-12-01 00:00:00,6.543,19.22
2023-12-01 01:00:00,7.223,20.34
2023-12-01 02:00:00,6.865,21.16
2023-12-01 03:00:00,7.799,16.5
2023-12-01 04:00:00,8.237,21.04
2023-12-01 05:00:00,10.177,15.11
2023-12-01 06:00:00,12.31,19.54
2023-12-01 07:00:00,13.017,17.06
2023-12-01 08:00:00,15.576,16.18
2023-12-01 09:00:00,15.628,19.27
2023-12-01 10:00:00,15.176,19.93
2023-12-01 11:00:00,16.121,19.87
2023-12-01 12:00:00,15.602,18.47
2023-12-01 13:00:00,14.718,18.31
2023-12-01 14:00:00,13.445,19.1
2023-12-01 15:00:00,14.412,18.65
2023-12-01 16:00:00,14.534,19.13
2023-12-01 17:00:00,14.224,18.45
2023-12-01 18:00:00,14.022,19.73
2023-12-01 19:00:00,14.498,14.79
2023-12-01 20:00:00,13.327,17.78
2023-12-01 21:00:00,11.403,15.28
2023-12-01 22:00:00,8.401,18.6
2023-12-01 23:00:00,7.5,21.33
2023-12-02 00:00:00,6.443,17.03
2023-12-02 01:00:00,5.239,18.23
2023-12-02 02:00:00,6.262,19.49
2023-12-02 03:00:00,8.073,13.84
2023-12-02 04:00:00,6.965,16.93
2023-12-02 05:00:00,9.358,18.71
2023-12-02 06:00:00,11.683,12.18
2023-12-02 07:00:00,11.692,16.02
2023-12-02 08:00:00,12.884,20.18
2023-12-02 09:00:00,14.719,19.98
2023-12-02 10:00:00,14.283,18.72
2023-12-02 11:00:00,12.579,19.74
2023-12-02 12:00:00,13.416,18.41
2023-12-02 13:00:00,13.208,19.09
2023-12-02 14:00:00,13.135,17.35
2023-12-02 15:00:00,11.99,18.21
2023-12-02 16:00:00,12.608,16.71
2023-12-02 17:00:00,13.446,20.5
2023-12-02 18:00:00,12.93,21.02
2023-12-02 19:00:00,11.578,20.74
2023-12-02 20:00:00,12.188,17.16
2023-12-02 21:00:00,9.71,16.07
2023-12-02 22:00:00,8.568,20.53
2023-12-02 23:00:00,5.918,19.06
2023-12-03 00:00:00,5.777,18.57
2023-12-03 01:00:00,6.407,16.64
2023-12-03 02:00:00,6.248,18.76
2023-12-03 03:00:00,6.383,15.74
2023-12-03 04:00:00,6.199,19.18
2023-12-03 05:00:00,9.549,20.67
2023-12-03 06:00:00,10.138,21.17
2023-12-03 07:00:00,12.339,19.33
2023-12-03 08:00:00,14.039,15.15
2023-12-03 09:00:00,14.577,18.31
2023-12-03 10:00:00,14.159,22.19
2023-12-03 11:00:00,14.559,16.17
2023-12-03 12:00:00,14.416,17.79
2023-12-03 13:00:00,12.963,20.74
2023-12-03 14:00:00,13.767,19.15
2023-12-03 15:00:00,11.552,22.87
2023-12-03 16:00:00,11.872,16.45
2023-12-03 17:00:00,13.772,15.93
2023-12-03 18:00:00,12.531,20.36
2023-12-03 19:00:00,14.087,15.52
2023-12-03 20:00:00,12.264,17.52
2023-12-03 21:00:00,10.695,17.78
2023-12-03 22:00:00,8.502,19.98
2023-12-03 23:00:00,6.242,19.14
2023-12-04 00:00:00,5.486,18.76
2023-12-04 01:00:00,7.628,17.04
2023-12-04 02:00:00,6.064,20.28
2023-12-04 03:00:00,8.675,25.9
2023-12-04 04:00:00,8.992,19.23
2023-12-04 05:00:00,9.847,18.05
2023-12-04 06:00:00,12.001,15.25
2023-12-04 07:00:00,13.767,16.57
2023-12-04 08:00:00,15.091,17.42
2023-12-04 09:00:00,17.299,16.78
2023-12-04 10:00:00,17.485,17.82
2023-12-04 11:00:00,16.185,21.4
2023-12-04 12:00:00,15.07,20.34
2023-12-04 13:00:00,15.747,17.53
2023-12-04 14:00:00,13.535,15.43
2023-12-04 15:00:00,14.552,20.52
2023-12-04 16:00:00,15.025,17.75
2023-12-04 17:00:00,14.751,14.4
2023-12-04 18:00:00,15.565,19.27
2023-12-04 19:00:00,14.381,19.9
2023-12-04 20:00:00,13.242,13.0
2023-12-04 21:00:00,11.768,16.2
2023-12-04 22:00:00,8.468,17.63
2023-12-04 23:00:00,8.122,19.32
2023-12-05 00:00:00,5.469,16.76
2023-12-05 01:00:00,7.023,16.12
2023-12-05 02:00:00,7.068,19.24
2023-12-05 03:00:00,7.531,16.85
2023-12-05 04:00:00,8.882,18.87
2023-12-05 05:00:00,10.092,15.56
2023-12-05 06:00:00,12.428,15.08
2023-12-05 07:00:00,13.687,19.3
2023-12-05 08:00:00,15.467,18.29
2023-12-05 09:00:00,16.487,19.63
2023-12-05 10:00:00,16.491,16.72
2023-12-05 11:00:00,16.218,16.2
2023-12-05 12:00:00,15.616,20.51
2023-12-05 13:00:00,15.162,14.74
2023-12-05 14:00:00,15.135,20.29
2023-12-05 15:00:00,14.385,20.43
2023-12-05 16:00:00,14.753,19.51
2023-12-05 17:00:00,14.234,16.41
2023-12-05 18:00:00,15.802,16.15
2023-12-05 19:00:00,14.226,17.37
2023-12-05 20:00:00,12.707,15.2
2023-12-05 21:00:00,12.25,15.86
2023-12-05 22:00:00,9.494,19.08
2023-12-05 23:00:00,8.238,19.09
2023-12-06 00:00:00,7.075,15.63
2023-12-06 01:00:00,6.627,19.08
2023-12-06 02:00:00,6.943,18.64
2023-12-06 03:00:00,8.163,20.75
2023-12-06 04:00:00,9.368,18.87
2023-12-06 05:00:00,9.845,19.85
2023-12-06 06:00:00,12.783,18.68
2023-12-06 07:00:00,13.257,19.69
2023-12-06 08:00:00,14.664,15.16
2023-12-06 09:00:00,15.437,17.49
2023-12-06 10:00:00,15.73,17.65
2023-12-06 11:00:00,16.102,17.24
2023-12-06 12:00:00,15.441,18.62
2023-12-06 13:00:00,15.366,19.0
2023-12-06 14:00:00,14.564,18.51
2023-12-06 15:00:00,15.026,17.38
2023-12-06 16:00:00,14.808,16.26
2023-12-06 17:00:00,14.908,19.92
2023-12-06 18:00:00,14.758,18.43
2023-12-06 19:00:00,15.614,15.69
2023-12-06 20:00:00,12.257,17.34
2023-12-06 21:00:00,11.663,14.24
2023-12-06 22:00:00,9.079,17.8
2023-12-06 23:00:00,8.267,17.33
2023-12-07 00:00:00,6.744,16.52
2023-12-07 01:00:00,6.67,20.84
2023-12-07 02:00:00,7.252,15.36
2023-12-07 03:00:00,8.625,19.09
2023-12-07 04:00:00,8.65,22.05
2023-12-07 05:00:00,11.107,19.83
2023-12-07 06:00:00,11.808,17.61
2023-12-07 07:00:00,13.732,15.4
2023-12-07 08:00:00,15.474,14.95
2023-12-07 09:00:00,16.896,16.85
2023-12-07 10:00:00,16.536,16.3
2023-12-07 11:00:00,16.561,16.23
2023-12-07 12:00:00,15.731,17.02
2023-12-07 13:00:00,15.282,17.47
2023-12-07 14:00:00,14.823,18.64
2023-12-07 15:00:00,14.999,15.2
2023-12-07 16:00:00,14.872,16.31
2023-12-07 17:00:00,16.018,17.35
2023-12-07 18:00:00,15.472,17.28
2023-12-07 19:00:00,16.048,21.35
2023-12-07 20:00:00,13.19,18.14
2023-12-07 21:00:00,12.071,14.45
2023-12-07 22:00:00,8.747,18.51
2023-12-07 23:00:00,8.586,18.76
2023-12-08 00:00:00,6.303,17.37
2023-12-08 01:00:00,7.335,15.19
2023-12-08 02:00:00,6.944,21.13
2023-12-08 03:00:00,8.37,15.48
2023-12-08 04:00:00,8.62,18.94
2023-12-08 05:00:00,9.578,18.02
2023-12-08 06:00:00,11.446,18.82
2023-12-08 07:00:00,14.341,21.03
2023-12-08 08:00:00,15.567,18.74
2023-12-08 09:00:00,15.851,16.5
2023-12-08 10:00:00,17.362,19.83
2023-12-08 11:00:00,15.965,16.36
2023-12-08 12:00:00,16.142,17.95
2023-12-08 13:00:00,15.68,15.03
2023-12-08 14:00:00,15.262,15.55
2023-12-08 15:00:00,15.683,17.72
2023-12-08 16:00:00,14.202,18.36
2023-12-08 17:00:00,15.793,14.21
2023-12-08 18:00:00,15.926,18.61
2023-12-08 19:00:00,14.422,15.98
2023-12-08 20:00:00,12.657,20.18
2023-12-08 21:00:00,11.112,16.91
2023-12-08 22:00:00,9.669,15.37
2023-12-08 23:00:00,6.996,17.77
2023-12-09 00:00:00,6.635,15.73
2023-12-09 01:00:00,5.29,20.1
2023-12-09 02:00:00,7.384,17.57
2023-12-09 03:00:00,7.502,17.26
2023-12-09 04:00:00,9.034,18.75
2023-12-09 05:00:00,9.588,15.56
2023-12-09 06:00:00,10.428,14.99
2023-12-09 07:00:00,11.442,18.38
2023-12-09 08:00:00,13.836,15.37
2023-12-09 09:00:00,14.678,15.37
2023-12-09 10:00:00,15.359,19.24
2023-12-09 11:00:00,13.762,18.62
2023-12-09 12:00:00,15.247,15.06
2023-12-09 13:00:00,14.157,16.33
2023-12-09 14:00:00,12.985,15.76
2023-12-09 15:00:00,13.765,21.12
2023-12-09 16:00:00,12.408,19.38
2023-12-09 17:00:00,13.466,16.73
2023-12-09 18:00:00,12.556,18.72
2023-12-09 19:00:00,14.276,14.85
2023-12-09 20:00:00,10.814,16.22
2023-12-09 21:00:00,9.113,17.78
2023-12-09 22:00:00,7.892,18.47
2023-12-09 23:00:00,7.929,17.37
2023-12-10 00:00:00,6.725,18.01
2023-12-10 01:00:00,6.364,17.67
2023-12-10 02:00:00,7.282,17.19
2023-12-10 03:00:00,7.186,16.92
2023-12-10 04:00:00,8.318,16.66
2023-12-10 05:00:00,10.01,17.98
2023-12-10 06:00:00,10.212,18.34
2023-12-10 07:00:00,11.525,17.91
2023-12-10 08:00:00,14.032,15.16
2023-12-10 09:00:00,15.159,15.52
2023-12-10 10:00:00,14.796,18.31
2023-12-10 11:00:00,14.884,20.46
2023-12-10 12:00:00,13.703,17.82
2023-12-10 13:00:00,13.472,16.69
2023-12-10 14:00:00,13.185,17.97
2023-12-10 15:00:00,13.253,15.24
2023-12-10 16:00:00,13.854,20.13
2023-12-10 17:00:00,13.511,17.89
2023-12-10 18:00:00,13.359,16.18
2023-12-10 19:00:00,13.297,17.18
2023-12-10 20:00:00,12.421,16.46
2023-12-10 21:00:00,10.362,20.14
2023-12-10 22:00:00,8.831,17.11
2023-12-10 23:00:00,6.239,17.83
2023-12-11 00:00:00,5.254,18.62
2023-12-11 01:00:00,7.85,15.99
2023-12-11 02:00:00,7.601,17.86
2023-12-11 03:00:00,7.977,18.02
2023-12-11 04:00:00,9.673,14.36
2023-12-11 05:00:00,11.315,17.97
2023-12-11 06:00:00,12.651,17.38
2023-12-11 07:00:00,14.236,17.73
2023-12-11 08:00:00,14.933,17.54
2023-12-11 09:00:00,16.162,17.99
2023-12-11 10:00:00,15.367,20.14
2023-12-11 11:00:00,17.11,15.11
2023-12-11 12:00:00,16.552,16.79
2023-12-11 13:00:00,15.86,18.8
2023-12-11 14:00:00,15.172,18.43
2023-12-11 15:00:00,14.541,18.39
2023-12-11 16:00:00,14.367,22.98
2023-12-11 17:00:00,14.638,18.7
2023-12-11 18:00:00,15.126,19.73
2023-12-11 19:00:00,14.248,16.86
2023-12-11 20:00:00,14.576,15.48
2023-12-11 21:00:00,10.613,16.84
2023-12-11 22:00:00,9.186,18.89
2023-12-11 23:00:00,6.753,18.28
2023-12-12 00:00:00,6.982,18.23
2023-12-12 01:00:00,7.027,17.0
2023-12-12 02:00:00,7.245,16.68
2023-12-12 03:00:00,7.53,17.06
2023-12-12 04:00:00,8.902,18.87
2023-12-12 05:00:00,9.801,19.11
2023-12-12 06:00:00,11.929,15.41
2023-12-12 07:00:00,14.794,18.95
2023-12-12 08:00:00,15.718,16.12
2023-12-12 09:00:00,16.945,18.36
2023-12-12 10:00:00,16.722,17.04
2023-12-12 11:00:00,15.928,20.56
2023-12-12 12:00:00,15.922,16.59
2023-12-12 13:00:00,16.741,17.78
2023-12-12 14:00:00,14.615,18.64
2023-12-12 15:00:00,15.098,15.68
2023-12-12 16:00:00,14.411,17.28
2023-12-12 17:00:00,13.634,16.89
2023-12-12 18:00:00,14.992,16.4
2023-12-12 19:00:00,16.322,16.54
2023-12-12 20:00:00,13.616,19.65
2023-12-12 21:00:00,12.465,16.23
2023-12-12 22:00:00,9.145,18.56
2023-12-12 23:00:00,6.547,18.05
2023-12-13 00:00:00,6.496,14.59
2023-12-13 01:00:00,7.199,18.42
2023-12-13 02:00:00,7.85,14.55
2023-12-13 03:00:00,8.01,18.64
2023-12-13 04:00:00,8.789,16.37
2023-12-13 05:00:00,10.825,17.4
2023-12-13 06:00:00,11.81,14.79
2023-12-13 07:00:00,13.914,17.63
2023-12-13 08:00:00,15.547,19.23
2023-12-13 09:00:00,16.639,15.77
2023-12-13 10:00:00,16.578,16.17
2023-12-13 11:00:00,16.266,18.29
2023-12-13 12:00:00,16.964,18.34
2023-12-13 13:00:00,16.515,12.51
2023-12-13 14:00:00,15.342,21.41
2023-12-13 15:00:00,14.222,18.44
2023-12-13 16:00:00,13.981,18.77
2023-12-13 17:00:00,15.959,17.09
2023-12-13 18:00:00,16.343,13.67
2023-12-13 19:00:00,14.854,18.73
2023-12-13 20:00:00,13.287,16.25
2023-12-13 21:00:00,10.466,18.47
2023-12-13 22:00:00,10.015,16.94
2023-12-13 23:00:00,8.716,17.86
2023-12-14 00:00:00,6.651,15.79
2023-12-14 01:00:00,6.499,19.07
2023-12-14 02:00:00,8.434,14.96
2023-12-14 03:00:00,7.57,21.83
2023-12-14 04:00:00,9.95,21.82
2023-12-14 05:00:00,10.071,20.61
2023-12-14 06:00:00,11.528,19.89
2023-12-14 07:00:00,13.819,17.17
2023-12-14 08:00:00,15.209,19.67
2023-12-14 09:00:00,17.443,17.15
2023-12-14 10:00:00,17.878,14.23
2023-12-14 11:00:00,17.117,20.35
2023-12-14 12:00:00,15.918,19.6
2023-12-14 13:00:00,15.061,17.28
2023-12-14 14:00:00,15.156,14.89
2023-12-14 15:00:00,14.638,16.17
2023-12-14 16:00:00,16.221,13.7
2023-12-14 17:00:00,15.801,19.23
2023-12-14 18:00:00,15.715,14.13
2023-12-14 19:00:00,14.293,17.91
2023-12-14 20:00:00,14.521,15.65
2023-12-14 21:00:00,11.807,14.49
2023-12-14 22:00:00,9.381,17.82
2023-12-14 23:00:00,9.053,16.67
2023-12-15 00:00:00,6.545,18.98
2023-12-15 01:00:00,7.143,14.77
2023-12-15 02:00:00,7.491,15.79
2023-12-15 03:00:00,7.911,12.53
2023-12-15 04:00:00,9.757,12.93
2023-12-15 05:00:00,9.701,20.9
2023-12-15 06:00:00,11.412,21.47
2023-12-15 07:00:00,13.373,17.49
2023-12-15 08:00:00,15.396,15.65
2023-12-15 09:00:00,16.328,16.7
2023-12-15 10:00:00,17.109,19.05
2023-12-15 11:00:00,16.639,16.27
2023-12-15 12:00:00,15.961,17.78
2023-12-15 13:00:00,16.775,17.28
2023-12-15 14:00:00,14.964,16.16
2023-12-15 15:00:00,15.277,16.25
2023-12-15 16:00:00,15.384,17.89
2023-12-15 17:00:00,15.482,15.35
2023-12-15 18:00:00,15.582,18.2
2023-12-15 19:00:00,15.01,16.36
2023-12-15 20:00:00,13.582,17.56
2023-12-15 21:00:00,10.979,20.07
2023-12-15 22:00:00,9.253,16.97
2023-12-15 23:00:00,7.999,19.14
2023-12-16 00:00:00,5.575,13.68
2023-12-16 01:00:00,7.476,16.32
2023-12-16 02:00:00,8.137,17.32
2023-12-16 03:00:00,7.337,21.11
2023-12-16 04:00:00,9.015,13.35
2023-12-16 05:00:00,9.912,17.07
2023-12-16 06:00:00,9.664,20.18
2023-12-16 07:00:00,12.906,15.7
2023-12-16 08:00:00,13.512,16.84
2023-12-16 09:00:00,16.066,17.93
2023-12-16 10:00:00,14.84,17.63
2023-12-16 11:00:00,15.008,20.4
2023-12-16 12:00:00,13.875,18.16
2023-12-16 13:00:00,14.702,19.92
2023-12-16 14:00:00,12.94,16.55
2023-12-16 15:00:00,13.903,15.78
2023-12-16 16:00:00,13.629,16.81
2023-12-16 17:00:00,13.975,14.95
2023-12-16 18:00:00,13.701,18.23
2023-12-16 19:00:00,12.817,16.49
2023-12-16 20:00:00,10.494,15.92
2023-12-16 21:00:00,10.805,18.26
2023-12-16 22:00:00,8.489,14.98
2023-12-16 23:00:00,7.962,18.81
2023-12-17 00:00:00,6.702,16.27
2023-12-17 01:00:00,7.114,19.55
2023-12-17 02:00:00,7.418,16.45
2023-12-17 03:00:00,5.873,18.5
2023-12-17 04:00:00,8.566,17.59
2023-12-17 05:00:00,8.974,18.72
2023-12-17 06:00:00,11.322,17.45
2023-12-17 07:00:00,12.935,13.9
2023-12-17 08:00:00,14.002,19.25
2023-12-17 09:00:00,14.616,17.06
2023-12-17 10:00:00,14.359,18.81
2023-12-17 11:00:00,14.299,18.61
2023-12-17 12:00:00,13.128,15.68
2023-12-17 13:00:00,13.369,15.4
2023-12-17 14:00:00,12.252,18.54
2023-12-17 15:00:00,12.288,16.62
2023-12-17 16:00:00,13.2,19.1
2023-12-17 17:00:00,13.889,16.87
2023-12-17 18:00:00,13.515,19.28
2023-12-17 19:00:00,12.823,18.08
2023-12-17 20:00:00,11.347,17.81
2023-12-17 21:00:00,10.127,16.48
2023-12-17 22:00:00,8.067,17.7
2023-12-17 23:00:00,7.211,19.62
2023-12-18 00:00:00,6.132,17.09
2023-12-18 01:00:00,7.522,18.26
2023-12-18 02:00:00,7.232,17.29
2023-12-18 03:00:00,8.449,17.45
2023-12-18 04:00:00,9.531,20.65
2023-12-18 05:00:00,10.466,19.6
2023-12-18 06:00:00,12.478,17.36
2023-12-18 07:00:00,12.62,17.63
2023-12-18 08:00:00,15.512,15.8
2023-12-18 09:00:00,17.555,16.85
2023-12-18 10:00:00,17.411,17.82
2023-12-18 11:00:00,17.73,18.9
2023-12-18 12:00:00,16.973,18.7
2023-12-18 13:00:00,15.832,14.98
2023-12-18 14:00:00,14.772,19.15
2023-12-18 15:00:00,14.347,17.02
2023-12-18 16:00:00,14.973,15.23
2023-12-18 17:00:00,15.031,19.87
2023-12-18 18:00:00,15.049,20.13
2023-12-18 19:00:00,14.412,17.73
2023-12-18 20:00:00,13.709,18.62
2023-12-18 21:00:00,12.479,18.73
2023-12-18 22:00:00,10.013,19.99
2023-12-18 23:00:00,7.894,18.66
2023-12-19 00:00:00,7.931,14.51
2023-12-19 01:00:00,7.224,21.19
2023-12-19 02:00:00,7.45,19.3
2023-12-19 03:00:00,8.291,16.15
2023-12-19 04:00:00,9.265,15.11
2023-12-19 05:00:00,10.752,18.18
2023-12-19 06:00:00,12.164,16.61
2023-12-19 07:00:00,13.431,17.83
2023-12-19 08:00:00,15.145,18.66
2023-12-19 09:00:00,17.17,16.04
2023-12-19 10:00:00,17.643,14.94
2023-12-19 11:00:00,16.509,17.94
2023-12-19 12:00:00,15.484,16.1
2023-12-19 13:00:00,16.195,17.46
2023-12-19 14:00:00,15.955,14.48
2023-12-19 15:00:00,13.78,16.67
2023-12-19 16:00:00,15.809,18.6
2023-12-19 17:00:00,15.241,18.38
2023-12-19 18:00:00,15.84,15.59
2023-12-19 19:00:00,15.932,14.83
2023-12-19 20:00:00,14.574,17.2
2023-12-19 21:00:00,12.109,18.29
2023-12-19 22:00:00,9.716,17.98
2023-12-19 23:00:00,7.468,16.15
2023-12-20 00:00:00,5.823,17.74
2023-12-20 01:00:00,7.585,20.15
2023-12-20 02:00:00,8.4,17.55
2023-12-20 03:00:00,8.138,13.88
2023-12-20 04:00:00,9.022,17.55
2023-12-20 05:00:00,9.935,21.23
2023-12-20 06:00:00,11.959,14.57
2023-12-20 07:00:00,14.578,17.2
2023-12-20 08:00:00,15.898,16.69
2023-12-20 09:00:00,16.759,17.33
2023-12-20 10:00:00,18.761,17.53
2023-12-20 11:00:00,15.778,19.42
2023-12-20 12:00:00,16.409,17.31
2023-12-20 13:00:00,14.713,19.7
2023-12-20 14:00:00,15.013,16.91
2023-12-20 15:00:00,15.101,16.44
2023-12-20 16:00:00,15.747,15.8
2023-12-20 17:00:00,15.702,13.51
2023-12-20 18:00:00,15.346,17.69
2023-12-20 19:00:00,14.695,21.25
2023-12-20 20:00:00,12.894,18.06
2023-12-20 21:00:00,11.893,18.52
2023-12-20 22:00:00,9.89,16.32
2023-12-20 23:00:00,8.529,16.65
2023-12-21 00:00:00,6.938,19.09
2023-12-21 01:00:00,6.94,21.14
2023-12-21 02:00:00,8.189,20.09
2023-12-21 03:00:00,8.816,18.73
2023-12-21 04:00:00,10.078,17.19
2023-12-21 05:00:00,10.666,17.54
2023-12-21 06:00:00,13.024,15.61
2023-12-21 07:00:00,14.001,14.22
2023-12-21 08:00:00,15.846,14.86
2023-12-21 09:00:00,17.641,17.22
2023-12-21 10:00:00,17.77,16.53
2023-12-21 11:00:00,16.919,14.18
2023-12-21 12:00:00,15.492,17.04
2023-12-21 13:00:00,15.44,16.48
2023-12-21 14:00:00,14.925,14.77
2023-12-21 15:00:00,16.071,16.38
2023-12-21 16:00:00,15.651,16.48
2023-12-21 17:00:00,15.139,15.88
2023-12-21 18:00:00,14.883,18.97
2023-12-21 19:00:00,15.014,13.31
2023-12-21 20:00:00,13.728,13.15
2023-12-21 21:00:00,11.525,17.12
2023-12-21 22:00:00,10.325,17.31
2023-12-21 23:00:00,7.611,17.93
2023-12-22 00:00:00,8.589,16.02
2023-12-22 01:00:00,6.863,15.26
2023-12-22 02:00:00,6.819,17.08
2023-12-22 03:00:00,9.414,16.21
2023-12-22 04:00:00,9.879,20.2
2023-12-22 05:00:00,10.437,16.45
2023-12-22 06:00:00,12.332,16.99
2023-12-22 07:00:00,14.027,22.05
2023-12-22 08:00:00,15.882,16.71
2023-12-22 09:00:00,16.094,18.21
2023-12-22 10:00:00,15.657,18.39
2023-12-22 11:00:00,16.208,18.56
2023-12-22 12:00:00,17.179,17.67
2023-12-22 13:00:00,16.611,17.48
2023-12-22 14:00:00,14.955,17.3
2023-12-22 15:00:00,14.518,15.94
2023-12-22 16:00:00,15.28,17.75
2023-12-22 17:00:00,15.586,21.15
2023-12-22 18:00:00,15.863,19.52
2023-12-22 19:00:00,13.525,17.7
2023-12-22 20:00:00,15.429,18.81
2023-12-22 21:00:00,12.484,15.36
2023-12-22 22:00:00,9.614,16.57
2023-12-22 23:00:00,7.716,18.99
2023-12-23 00:00:00,6.966,20.05
2023-12-23 01:00:00,7.092,15.53
2023-12-23 02:00:00,7.138,16.11
2023-12-23 03:00:00,7.645,21.44
2023-12-23 04:00:00,8.267,17.27
2023-12-23 05:00:00,9.463,20.72
2023-12-23 06:00:00,11.17,17.49
2023-12-23 07:00:00,12.533,17.57
2023-12-23 08:00:00,14.114,16.46
2023-12-23 09:00:00,15.607,18.96
2023-12-23 10:00:00,14.02,19.79
2023-12-23 11:00:00,14.494,15.01
2023-12-23 12:00:00,14.272,16.37
2023-12-23 13:00:00,13.128,18.91
2023-12-23 14:00:00,13.126,16.82
2023-12-23 15:00:00,14.086,16.09
2023-12-23 16:00:00,13.155,19.09
2023-12-23 17:00:00,12.435,19.28
2023-12-23 18:00:00,13.606,16.18
2023-12-23 19:00:00,13.31,17.5
2023-12-23 20:00:00,12.344,14.66
2023-12-23 21:00:00,10.883,15.28
2023-12-23 22:00:00,8.986,17.32
2023-12-23 23:00:00,7.423,17.14
2023-12-24 00:00:00,6.019,15.12
2023-12-24 01:00:00,6.534,15.63
2023-12-24 02:00:00,6.844,14.93
2023-12-24 03:00:00,7.34,17.97
2023-12-24 04:00:00,9.214,13.12
2023-12-24 05:00:00,9.852,15.03
2023-12-24 06:00:00,11.68,13.33
2023-12-24 07:00:00,12.088,17.9
2023-12-24 08:00:00,15.197,13.45
2023-12-24 09:00:00,15.305,17.12
2023-12-24 10:00:00,15.042,20.34
2023-12-24 11:00:00,14.977,20.4
2023-12-24 12:00:00,14.196,13.45
2023-12-24 13:00:00,12.388,17.65
2023-12-24 14:00:00,13.181,15.08
2023-12-24 15:00:00,13.925,14.67
2023-12-24 16:00:00,13.452,16.83
2023-12-24 17:00:00,13.454,19.51
2023-12-24 18:00:00,13.206,18.26
2023-12-24 19:00:00,12.278,15.63
2023-12-24 20:00:00,12.857,18.47
2023-12-24 21:00:00,10.788,12.57
2023-12-24 22:00:00,8.615,15.55
2023-12-24 23:00:00,7.275,15.41
2023-12-25 00:00:00,7.905,17.2
2023-12-25 01:00:00,7.864,16.64
2023-12-25 02:00:00,7.15,16.76
2023-12-25 03:00:00,9.097,16.69
2023-12-25 04:00:00,9.206,17.09
2023-12-25 05:00:00,10.093,18.12
2023-12-25 06:00:00,11.94,17.34
2023-12-25 07:00:00,13.597,16.47
2023-12-25 08:00:00,14.961,17.85
2023-12-25 09:00:00,17.35,18.69
2023-12-25 10:00:00,17.243,15.93
2023-12-25 11:00:00,17.236,16.92
2023-12-25 12:00:00,16.207,19.37
2023-12-25 13:00:00,16.114,14.84
2023-12-25 14:00:00,13.761,20.65
2023-12-25 15:00:00,14.786,14.36
2023-12-25 16:00:00,15.604,16.35
2023-12-25 17:00:00,14.967,15.14
2023-12-25 18:00:00,15.719,21.42
2023-12-25 19:00:00,14.383,16.04
2023-12-25 20:00:00,13.786,16.04
2023-12-25 21:00:00,12.717,16.3
2023-12-25 22:00:00,10.183,17.23
2023-12-25 23:00:00,7.256,16.39
2023-12-26 00:00:00,7.706,16.76
2023-12-26 01:00:00,9.366,9.97
2023-12-26 02:00:00,9.387,17.14
2023-12-26 03:00:00,8.663,17.07
2023-12-26 04:00:00,8.358,19.11
2023-12-26 05:00:00,10.654,19.65
2023-12-26 06:00:00,13.138,16.65
2023-12-26 07:00:00,13.81,18.66
2023-12-26 08:00:00,16.663,14.83
2023-12-26 09:00:00,16.397,18.56
2023-12-26 10:00:00,17.614,15.88
2023-12-26 11:00:00,15.607,14.66
2023-12-26 12:00:00,15.647,16.66
2023-12-26 13:00:00,15.418,19.83
2023-12-26 14:00:00,14.936,17.39
2023-12-26 15:00:00,14.1,20.02
2023-12-26 16:00:00,15.052,15.53
2023-12-26 17:00:00,15.63,19.13
2023-12-26 18:00:00,15.765,15.73
2023-12-26 19:00:00,15.143,17.48
2023-12-26 20:00:00,14.106,17.46
2023-12-26 21:00:00,11.402,18.35
2023-12-26 22:00:00,10.522,17.53
2023-12-26 23:00:00,7.863,15.55
2023-12-27 00:00:00,8.226,18.78
2023-12-27 01:00:00,7.809,20.48
2023-12-27 02:00:00,7.617,15.85
2023-12-27 03:00:00,8.616,13.35
2023-12-27 04:00:00,9.369,18.02
2023-12-27 05:00:00,10.971,16.36
2023-12-27 06:00:00,12.836,16.76
2023-12-27 07:00:00,13.156,18.13
2023-12-27 08:00:00,16.174,16.11
2023-12-27 09:00:00,15.788,16.48
2023-12-27 10:00:00,17.207,16.82
2023-12-27 11:00:00,17.583,19.96
2023-12-27 12:00:00,15.34,17.08
2023-12-27 13:00:00,14.877,14.55
2023-12-27 14:00:00,15.559,14.63
2023-12-27 15:00:00,15.866,17.3
2023-12-27 16:00:00,15.64,14.76
2023-12-27 17:00:00,14.757,13.89
2023-12-27 18:00:00,14.61,18.29
2023-12-27 19:00:00,15.114,18.39
2023-12-27 20:00:00,13.064,16.28
2023-12-27 21:00:00,11.745,17.61
2023-12-27 22:00:00,9.842,17.4
2023-12-27 23:00:00,7.952,18.22
2023-12-28 00:00:00,8.195,18.22
2023-12-28 01:00:00,8.316,11.8
2023-12-28 02:00:00,8.501,16.53
2023-12-28 03:00:00,8.874,18.05
2023-12-28 04:00:00,9.304,16.19
2023-12-28 05:00:00,10.439,17.08
2023-12-28 06:00:00,11.885,18.51
2023-12-28 07:00:00,14.442,17.17
2023-12-28 08:00:00,15.28,20.03
2023-12-28 09:00:00,17.916,19.26
2023-12-28 10:00:00,16.876,16.77
2023-12-28 11:00:00,17.044,16.61
2023-12-28 12:00:00,16.78,11.31
2023-12-28 13:00:00,15.383,16.36
2023-12-28 14:00:00,16.776,14.3
2023-12-28 15:00:00,14.765,17.45
2023-12-28 16:00:00,15.024,17.32
2023-12-28 17:00:00,15.085,18.4
2023-12-28 18:00:00,15.58,19.8
2023-12-28 19:00:00,15.099,16.96
2023-12-28 20:00:00,12.846,21.57
2023-12-28 21:00:00,11.424,17.48
2023-12-28 22:00:00,10.39,14.39
2023-12-28 23:00:00,9.053,15.89
2023-12-29 00:00:00,7.275,16.26
2023-12-29 01:00:00,7.285,18.19
2023-12-29 02:00:00,7.702,15.11
2023-12-29 03:00:00,8.15,16.41
2023-12-29 04:00:00,8.803,16.68
2023-12-29 05:00:00,9.711,16.11
2023-12-29 06:00:00,11.64,18.63
2023-12-29 07:00:00,14.504,18.29
2023-12-29 08:00:00,15.446,19.34
2023-12-29 09:00:00,16.874,16.34
2023-12-29 10:00:00,16.944,19.41
2023-12-29 11:00:00,17.912,14.28
2023-12-29 12:00:00,15.934,14.23
2023-12-29 13:00:00,16.01,14.58
2023-12-29 14:00:00,15.16,17.02
2023-12-29 15:00:00,14.962,19.41
2023-12-29 16:00:00,15.49,15.8
2023-12-29 17:00:00,15.702,16.05
2023-12-29 18:00:00,16.232,16.57
2023-12-29 19:00:00,15.062,18.15
2023-12-29 20:00:00,14.851,16.05
2023-12-29 21:00:00,11.84,15.94
2023-12-29 22:00:00,9.016,14.31
2023-12-29 23:00:00,8.827,15.86
2023-12-30 00:00:00,6.69,19.36
2023-12-30 01:00:00,6.721,17.18
2023-12-30 02:00:00,7.04,15.52
2023-12-30 03:00:00,6.206,19.47
2023-12-30 04:00:00,7.348,15.83
2023-12-30 05:00:00,10.29,19.84
2023-12-30 06:00:00,10.314,19.81
2023-12-30 07:00:00,12.996,17.11
2023-12-30 08:00:00,13.299,14.0
2023-12-30 09:00:00,14.127,21.58
2023-12-30 10:00:00,15.545,17.78
2023-12-30 11:00:00,14.831,16.35
2023-12-30 12:00:00,14.457,18.91
2023-12-30 13:00:00,13.64,18.41
2023-12-30 14:00:00,13.125,19.62
2023-12-30 15:00:00,13.002,15.68
2023-12-30 16:00:00,12.668,17.64
2023-12-30 17:00:00,14.805,14.63
2023-12-30 18:00:00,14.693,18.33
2023-12-30 19:00:00,12.75,16.96
2023-12-30 20:00:00,11.44,17.56
2023-12-30 21:00:00,10.259,16.71
2023-12-30 22:00:00,9.029,16.5
2023-12-30 23:00:00,7.627,15.26
2023-12-31 00:00:00,6.793,18.58
2023-12-31 01:00:00,6.52,19.98
2023-12-31 02:00:00,7.091,15.89
2023-12-31 03:00:00,8.993,18.11
2023-12-31 04:00:00,8.034,17.86
2023-12-31 05:00:00,10.448,17.02
2023-12-31 06:00:00,12.015,13.95
2023-12-31 07:00:00,12.992,14.4
2023-12-31 08:00:00,12.939,15.44
2023-12-31 09:00:00,15.462,12.72
2023-12-31 10:00:00,14.725,19.82
2023-12-31 11:00:00,14.795,17.74
2023-12-31 12:00:00,13.627,16.94
2023-12-31 13:00:00,14.703,12.62
2023-12-31 14:00:00,14.395,13.35
2023-12-31 15:00:00,13.993,17.0
2023-12-31 16:00:00,13.013,20.94
2023-12-31 17:00:00,13.221,15.6
2023-12-31 18:00:00,13.942,18.73
2023-12-31 19:00:00,14.508,16.04
2023-12-31 20:00:00,12.178,17.11
2023-12-31 21:00:00,10.569,19.43
2023-12-31 22:00:00,8.702,16.31
2023-12-31 23:00:00,7.397,15.62
